feature,n_bins,total_events,min_hit_rate,max_hit_rate,hit_rate_range,min_avg_mr_pts,max_avg_mr_pts,avg_mr_pts_range,best_bin_hit_rate,best_bin_avg_mr_pts,best_hit_rate_events
realized_vol_1m,10,3413,0.7017543859649122,0.9472140762463344,0.24545969028142212,2.4239766081871346,12.830645161290322,10.406668553103188,9,9,341
realized_volatility_30s,10,3413,0.7105263157894737,0.9472140762463344,0.23668776045686069,2.478801169590643,12.707478005865102,10.22867683627446,9,9,341
replenishment_rate_near_5s,10,3120,0.7115384615384616,0.9326923076923077,0.22115384615384615,2.659455128205128,9.179487179487179,6.520032051282051,8,9,312
cancel_rate_ask,10,3121,0.7188498402555911,0.9391025641025641,0.22025272384697303,2.3522364217252396,12.118589743589743,9.766353321864504,9,9,312
queue_imbalance_std_5s,10,3120,0.7467948717948718,0.9262820512820513,0.17948717948717952,2.5705128205128207,10.982371794871796,8.411858974358974,9,9,312
depth_near_ask,10,3128,0.7596153846153846,0.9265175718849841,0.1669021872695995,2.612980769230769,12.174920127795527,9.561939358564757,0,0,313
distance_from_overnight_high,10,3316,0.7560240963855421,0.9186746987951807,0.16265060240963858,3.3079819277108435,11.488704819277109,8.180722891566266,1,0,332
cancel_ratio,10,3121,0.7827476038338658,0.9326923076923077,0.14994470385844194,2.7036741214057507,10.712339743589743,8.008665622183992,8,9,312
depth_mid_ask,10,3128,0.782051282051282,0.9265175718849841,0.14446628983370202,2.5232371794871793,12.620607028753994,10.097369849266816,0,0,313
trade_imbalance_60s,10,3128,0.7884615384615384,0.9105431309904153,0.12208159252887685,3.0447284345047922,6.7212460063897765,3.6765175718849843,5,6,313
wall_persistence_2s,10,3118,0.7852564102564102,0.907051282051282,0.1217948717948718,2.9863782051282053,6.8806089743589745,3.894230769230769,7,7,312
z_anchor_vwap,10,3413,0.8093841642228738,0.9093567251461988,0.09997256092332496,4.697947214076247,6.9605263157894735,2.262579101713227,0,0,342
bid_depth_curvature,10,3128,0.8178913738019169,0.9073482428115016,0.08945686900958472,3.2060702875399363,11.795673076923077,8.58960278938314,6,9,313
flow_impact,10,3109,0.8295819935691319,0.9131832797427653,0.08360128617363338,3.819935691318328,9.81532258064516,5.9953868893268325,8,9,311
distance_from_session_vwap_anchor,10,3413,0.8357771260997068,0.9152046783625731,0.07942755226286635,4.0227272727272725,8.525584795321638,4.502857522594366,0,0,342
microprice_pressure,10,3108,0.8231511254019293,0.9,0.07684887459807077,3.9983922829581995,7.016881028938907,3.0184887459807075,9,0,310
impact_asymmetry_10s,10,3114,0.8237179487179487,0.9003215434083601,0.07660359469041145,4.337620578778135,7.612179487179487,3.274558908401352,1,0,311
trade_sign_autocorr_60s,10,3122,0.8365384615384616,0.9006410256410257,0.0641025641025641,3.5809294871794872,11.26517571884984,7.684246231670352,1,0,312
liquidity_compression,10,3128,0.8397435897435898,0.8977635782747604,0.05801998853117063,4.522364217252396,7.5199680511182105,2.9976038338658144,0,0,313
cvd_acceleration,10,3128,0.8397435897435898,0.8881789137380192,0.0484353239944294,4.505591054313099,7.018370607028754,2.5127795527156556,0,1,313
absorption_ratio,10,3005,0.8504983388704319,0.8966666666666666,0.0461683277962347,4.509136212624584,7.996677740863787,3.487541528239203,1,0,300
convexity_imbalance,10,3128,0.8466453674121406,0.8913738019169329,0.04472843450479236,4.667731629392971,6.9904153354632586,2.322683706070287,8,0,313
