feature_x,feature_y,n_cells,n_cells_ge_min,total_events,max_hit_rate,min_hit_rate,hit_rate_range,max_avg_mr_pts,min_avg_mr_pts,avg_mr_pts_range,best_x_bin_hit_rate,best_y_bin_hit_rate,best_x_bin_avg_mr,best_y_bin_avg_mr,best_hit_rate_events
depth_near_ask,queue_imbalance_std_5s,25,25,3120,0.9622641509433962,0.47368421052631576,0.48857994041708047,12.144778481012658,1.9473684210526316,10.197410059960026,0,1,0,4,53
queue_imbalance_std_5s,bid_depth_curvature,25,25,3120,0.9572649572649573,0.48,0.4772649572649573,12.366788321167883,2.61,9.756788321167884,1,3,4,4,117
depth_mid_ask,queue_imbalance_std_5s,25,25,3120,0.98,0.5416666666666666,0.43833333333333335,12.474252491694353,2.3065843621399176,10.167668129554436,0,1,0,4,50
depth_mid_ask,cancel_rate_ask,25,25,3121,0.9552238805970149,0.53125,0.4239738805970149,13.006559766763848,2.34375,10.662809766763848,2,4,0,4,67
realized_vol_1m,depth_mid_ask,25,25,3128,0.954983922829582,0.5625,0.392483922829582,13.27491961414791,2.1944444444444446,11.080475169703465,4,0,4,0,311
depth_near_ask,cancel_rate_ask,25,25,3121,0.9533333333333334,0.5714285714285714,0.38190476190476197,12.501408450704226,2.2857142857142856,10.21569416498994,1,4,0,4,150
realized_vol_1m,depth_near_ask,25,25,3128,0.9608938547486033,0.5813953488372093,0.379498505911394,12.990881458966566,2.1574074074074074,10.833474051559158,3,1,4,0,179
cancel_rate_ask,cancel_ratio,25,21,3121,0.9473684210526315,0.5789473684210527,0.36842105263157887,11.727839335180056,1.5789473684210527,10.148891966759003,4,4,4,4,361
realized_volatility_30s,depth_mid_ask,25,25,3128,0.9615384615384616,0.6041666666666666,0.35737179487179493,13.171974522292993,2.1618357487922704,11.010138773500723,4,2,4,0,78
cancel_rate_ask,bid_depth_curvature,25,25,3121,0.9508196721311475,0.5945945945945946,0.35622507753655286,12.872131147540983,2.5548523206751055,10.317278826865877,4,4,4,4,305
queue_imbalance_std_5s,cancel_ratio,25,25,3120,0.9559748427672956,0.6,0.35597484276729563,12.091216216216216,2.4507042253521125,9.640511990864104,3,4,4,4,159
realized_volatility_30s,bid_depth_curvature,25,25,3128,0.9618320610687023,0.6086956521739131,0.35313640889478926,13.334229390681003,2.4960732984293195,10.838156092251683,3,3,4,4,131
realized_volatility_30s,depth_near_ask,25,25,3128,0.9565217391304348,0.6190476190476191,0.33747412008281574,12.881818181818181,2.3168202764976957,10.564997905320485,3,1,4,0,184
realized_vol_1m,trade_sign_autocorr_60s,25,25,3122,0.9450171821305842,0.618421052631579,0.3265961294990052,13.221649484536082,2.2532894736842106,10.968360010851871,4,0,4,0,291
realized_vol_1m,bid_depth_curvature,25,25,3128,0.9454545454545454,0.625,0.32045454545454544,13.42,2.4205729166666665,10.999427083333334,4,4,4,4,275
realized_volatility_30s,queue_imbalance_std_5s,25,24,3120,0.944954128440367,0.625,0.31995412844036697,11.84709480122324,2.4742765273311895,9.372818273892051,4,4,4,4,327
realized_volatility_30s,trade_sign_autocorr_60s,25,25,3122,0.95,0.6338028169014085,0.31619718309859146,13.262755102040817,2.1901408450704225,11.072614256970395,4,4,4,0,20
queue_imbalance_std_5s,trade_sign_autocorr_60s,25,25,3118,0.9583333333333334,0.6582278481012658,0.3001054852320676,12.938661710037175,2.4936708860759493,10.444990823961227,1,0,4,0,48
distance_from_overnight_high,realized_volatility_30s,25,25,3316,0.9552845528455285,0.6619718309859155,0.293312721859613,15.350609756097562,2.23943661971831,13.111173136379252,0,4,0,4,246
realized_vol_1m,cancel_ratio,25,25,3121,0.9540229885057471,0.6612903225806451,0.29273266592510194,13.436781609195402,2.4623655913978495,10.974416017797552,4,4,4,4,261
realized_volatility_30s,replenishment_rate_near_5s,25,23,3120,1.0,0.7076502732240437,0.2923497267759563,10.43169014084507,2.5184426229508197,7.91324751789425,4,1,4,4,23
realized_vol_1m,wall_persistence_2s,25,25,3118,0.9603960396039604,0.673728813559322,0.28666722604463835,20.53448275862069,2.2966101694915255,18.237872589129164,3,1,4,0,101
realized_vol_1m,convexity_imbalance,25,25,3128,0.9545454545454546,0.6699029126213593,0.2846425419240953,12.191176470588236,2.2815533980582523,9.909623072529984,4,2,4,0,110
distance_from_overnight_high,realized_vol_1m,25,25,3316,0.950354609929078,0.6666666666666666,0.2836879432624114,14.873517786561266,2.2586805555555554,12.61483723100571,0,3,0,4,141
cancel_rate_ask,trade_sign_autocorr_60s,25,25,3118,0.9620253164556962,0.6847826086956522,0.277242707760044,13.99515503875969,2.3097826086956523,11.685372430064037,2,0,4,0,79
realized_vol_1m,queue_imbalance_std_5s,25,24,3120,0.956989247311828,0.6818181818181818,0.2751710654936462,12.18485342019544,2.398360655737705,9.786492764457735,3,1,4,4,93
replenishment_rate_near_5s,trade_sign_autocorr_60s,25,25,3118,0.9383561643835616,0.6635514018691588,0.2748047625144028,13.382183908045977,2.775714285714286,10.60646962233169,3,0,4,0,146
realized_volatility_30s,cancel_ratio,25,24,3121,0.9632352941176471,0.6885245901639344,0.27471070395371266,13.306985294117647,2.521897810218978,10.785087483898668,4,4,4,4,272
realized_volatility_30s,microprice_pressure,25,25,3108,0.9523809523809523,0.6796875,0.27269345238095233,12.797348484848484,2.517578125,10.279770359848484,4,4,4,0,189
distance_from_overnight_high,wall_persistence_2s,25,25,3032,0.9361702127659575,0.6636363636363637,0.2725338491295938,12.948412698412698,2.4204545454545454,10.527958152958153,0,3,0,0,141
queue_imbalance_std_5s,z_anchor_vwap,25,25,3120,0.967032967032967,0.6962962962962963,0.27073667073667074,11.226694915254237,2.335185185185185,8.891509730069052,4,1,4,2,91
depth_near_ask,cancel_ratio,25,25,3121,0.9366197183098591,0.6666666666666666,0.2699530516431925,12.45,2.6034201954397393,9.84657980456026,1,4,0,4,142
distance_from_overnight_high,cancel_rate_ask,25,25,3035,0.9477611940298507,0.6788990825688074,0.26886211146104333,15.513274336283185,2.2904411764705883,13.222833159812597,1,4,0,4,134
depth_mid_ask,cancel_ratio,25,25,3121,0.9352750809061489,0.6666666666666666,0.26860841423948223,13.018608414239482,2.606687898089172,10.41192051615031,0,4,0,4,309
distance_from_overnight_high,queue_imbalance_std_5s,25,25,3034,0.9565217391304348,0.6880733944954128,0.268448344635022,14.644859813084112,2.371559633027523,12.273300180056589,0,1,0,4,69
wall_persistence_2s,impact_asymmetry_10s,25,25,3104,0.96,0.6923076923076923,0.2676923076923077,11.015625,2.871287128712871,8.144337871287128,4,1,4,0,25
queue_imbalance_std_5s,distance_from_session_vwap_anchor,25,25,3120,0.9602272727272727,0.6948051948051948,0.26542207792207795,12.322443181818182,2.311688311688312,10.010754870129869,4,0,4,0,176
realized_volatility_30s,convexity_imbalance,25,25,3128,0.954954954954955,0.6915887850467289,0.26336616990822603,12.795608108108109,2.5233644859813085,10.272243622126801,4,3,4,0,111
bid_depth_curvature,wall_persistence_2s,25,25,3118,0.9494949494949495,0.6875,0.2619949494949495,12.6875,2.783405172413793,9.904094827586206,4,1,4,0,99
distance_from_overnight_high,replenishment_rate_near_5s,25,25,3034,0.937007874015748,0.6754385964912281,0.26156927752451997,13.70808383233533,2.4371345029239766,11.270949329411353,1,4,0,4,127
z_anchor_vwap,distance_from_session_vwap_anchor,15,14,3413,0.9651162790697675,0.7037037037037037,0.26141257536606377,10.0,3.7152777777777777,6.284722222222222,3,4,2,3,86
wall_persistence_2s,trade_sign_autocorr_60s,25,25,3116,0.934640522875817,0.6744186046511628,0.26022191822465424,10.156862745098039,3.157232704402516,6.999630040695523,3,0,3,0,153
realized_volatility_30s,wall_persistence_2s,25,25,3118,0.954954954954955,0.6947791164658634,0.26017583848909154,23.53125,2.4698795180722892,21.06137048192771,3,1,4,0,111
convexity_imbalance,replenishment_rate_near_5s,25,25,3120,0.968421052631579,0.7102803738317757,0.2581406787998033,10.864963503649635,2.7990654205607477,8.065898083088888,1,3,0,4,95
impact_asymmetry_10s,absorption_ratio,22,15,3005,0.9032258064516129,0.6470588235294118,0.2561669829222011,6.857456140350878,2.1029411764705883,4.75451496388029,1,2,4,0,279
wall_persistence_2s,microprice_pressure,25,25,3105,0.9230769230769231,0.6698113207547169,0.2532656023222062,8.505434782608695,3.24618320610687,5.259251576501825,4,2,4,4,91
liquidity_compression,replenishment_rate_near_5s,25,25,3120,0.9391891891891891,0.686046511627907,0.25314267756128217,9.847902097902098,2.8052325581395348,7.042669539762564,0,4,4,4,148
realized_volatility_30s,trade_imbalance_60s,25,25,3128,0.9577464788732394,0.7048192771084337,0.25292720176480565,11.897887323943662,2.4120603015075375,9.485827022436125,4,0,4,0,71
realized_volatility_30s,cvd_acceleration,25,25,3128,0.946236559139785,0.6935483870967742,0.25268817204301075,11.711920529801324,2.5276315789473682,9.184288950853956,4,1,4,0,93
replenishment_rate_near_5s,microprice_pressure,25,25,3107,0.937888198757764,0.6857142857142857,0.25217391304347825,10.74810606060606,2.7313084112149535,8.016797649391107,3,4,4,0,161
depth_mid_ask,replenishment_rate_near_5s,25,25,3120,0.9619565217391305,0.7105263157894737,0.2514302059496568,13.994565217391305,2.1905405405405407,11.804024676850764,0,4,0,4,184
realized_vol_1m,microprice_pressure,25,25,3108,0.9537037037037037,0.704,0.24970370370370376,12.931640625,2.4722222222222223,10.459418402777779,2,2,4,0,108
realized_volatility_30s,liquidity_compression,25,25,3128,0.9578947368421052,0.7086614173228346,0.24923331951927064,12.964912280701755,2.6,10.364912280701756,4,0,4,4,190
realized_vol_1m,cvd_acceleration,25,25,3128,0.9519230769230769,0.7027027027027027,0.24922037422037413,11.998287671232877,2.377027027027027,9.62126064420585,4,1,4,0,104
cancel_rate_ask,liquidity_compression,25,25,3121,0.95,0.7009345794392523,0.24906542056074765,12.368320610687023,2.3905109489051095,9.977809661781913,3,0,4,4,140
replenishment_rate_near_5s,impact_asymmetry_10s,25,25,3106,0.9629629629629629,0.7142857142857143,0.2486772486772486,15.061728395061728,2.85989010989011,12.201838285171618,4,0,4,0,81
queue_imbalance_std_5s,impact_asymmetry_10s,25,25,3106,0.9333333333333333,0.6890756302521008,0.2442577030812325,13.763274336283185,2.411764705882353,11.351509630400832,1,0,4,0,120
bid_depth_curvature,replenishment_rate_near_5s,25,25,3120,0.9411764705882353,0.696969696969697,0.24420677361853826,13.053571428571429,2.4161585365853657,10.637412891986063,4,3,4,4,170
queue_imbalance_std_5s,convexity_imbalance,25,25,3120,0.9560439560439561,0.7142857142857143,0.2417582417582418,11.083815028901734,2.554054054054054,8.52976097484768,4,1,4,0,91
realized_vol_1m,liquidity_compression,25,25,3128,0.9583333333333334,0.717391304347826,0.24094202898550732,13.24090909090909,2.404255319148936,10.836653771760155,4,0,4,4,192
trade_imbalance_60s,cvd_acceleration,25,25,3128,1.0,0.7591240875912408,0.24087591240875916,7.282608695652174,3.5338983050847457,3.748710390567428,0,4,1,4,20
trade_imbalance_60s,replenishment_rate_near_5s,25,25,3120,0.9416058394160584,0.7018633540372671,0.23974248537879128,9.294642857142858,2.729813664596273,6.5648291925465845,3,3,0,4,137
realized_volatility_30s,impact_asymmetry_10s,25,25,3114,0.9469026548672567,0.7083333333333334,0.2385693215339233,14.287190082644628,2.5775862068965516,11.709603875748076,4,3,4,0,113
cancel_ratio,replenishment_rate_near_5s,25,25,3120,0.9521739130434783,0.7142857142857143,0.237888198757764,11.616304347826087,2.7022653721682848,8.914038975657803,4,4,4,4,230
realized_volatility_30s,flow_impact,25,25,3109,0.9726027397260274,0.736,0.2366027397260274,14.069444444444445,2.5489510489510487,11.520493395493396,4,1,4,4,73
distance_from_overnight_high,absorption_ratio,25,25,2921,0.9587628865979382,0.7222222222222222,0.23654066437571597,12.08433734939759,3.1466165413533833,8.937720808044206,0,3,0,0,97
queue_imbalance_std_5s,wall_persistence_2s,25,25,3117,0.9485981308411215,0.7121771217712177,0.23642100906990382,15.304878048780488,2.6875,12.617378048780488,4,4,4,0,214
distance_from_overnight_high,cvd_acceleration,25,25,3042,0.978021978021978,0.7424242424242424,0.23559773559773556,15.145604395604396,2.8533333333333335,12.292271062271062,0,0,0,0,91
realized_vol_1m,flow_impact,25,25,3109,0.9836065573770492,0.7482014388489209,0.2354051185281283,14.0,2.4477611940298507,11.552238805970148,4,1,4,4,61
queue_imbalance_std_5s,cancel_rate_ask,25,24,3120,0.9512195121951219,0.7168674698795181,0.2343520423156038,11.887537993920972,2.365210843373494,9.52232715054748,1,4,4,4,41
realized_volatility_30s,z_anchor_vwap,25,25,3413,0.963963963963964,0.7333333333333333,0.23063063063063072,13.022540983606557,2.660211267605634,10.362329716000923,4,1,4,2,111
queue_imbalance_std_5s,trade_imbalance_60s,25,25,3120,0.9473684210526315,0.7169811320754716,0.23038728897715988,10.805555555555555,2.481132075471698,8.324423480083858,4,3,4,0,152
wall_persistence_2s,liquidity_compression,25,25,3118,0.9307692307692308,0.7011494252873564,0.22961980548187444,8.278625954198473,3.248148148148148,5.030477806050325,3,0,4,0,130
cancel_rate_ask,convexity_imbalance,25,25,3121,0.9553571428571429,0.725925925925926,0.22943121693121693,14.193798449612403,2.4555555555555557,11.738242894056848,4,1,4,0,112
realized_vol_1m,replenishment_rate_near_5s,25,23,3120,0.9387755102040817,0.7094017094017094,0.22937380080237224,10.706554878048781,2.4301994301994303,8.276355447849351,3,3,4,4,196
realized_vol_1m,distance_from_session_vwap_anchor,25,25,3413,0.959349593495935,0.7303370786516854,0.22901251484424956,13.362565445026178,2.3876404494382024,10.974924995587976,3,1,4,0,123
queue_imbalance_std_5s,flow_impact,25,25,3102,0.9478260869565217,0.7191780821917808,0.2286480047647409,14.615384615384615,2.36472602739726,12.250658587987354,1,3,4,4,115
queue_imbalance_std_5s,absorption_ratio,25,25,3004,0.9423076923076923,0.7142857142857143,0.228021978021978,13.657196969696969,2.4575892857142856,11.199607683982684,4,2,4,0,104
cancel_rate_ask,wall_persistence_2s,25,24,3118,0.9381443298969072,0.7103448275862069,0.22779950231070034,10.38659793814433,2.399137931034483,7.987460007109847,4,4,4,4,194
cancel_rate_ask,impact_asymmetry_10s,25,25,3107,0.9694656488549618,0.7422680412371134,0.22719760761784835,12.815517241379311,2.5231958762886597,10.29232136509065,4,4,4,0,131
distance_from_session_vwap_anchor,replenishment_rate_near_5s,25,25,3120,0.9520958083832335,0.725,0.2270958083832335,11.566666666666666,2.721875,8.844791666666666,0,3,0,4,167
realized_volatility_30s,cancel_rate_ask,25,22,3121,0.9416058394160584,0.7146974063400576,0.22690843307600073,11.721411192214111,2.4322766570605188,9.289134535153593,4,4,4,4,411
realized_vol_1m,cancel_rate_ask,25,22,3121,0.9470198675496688,0.7214076246334311,0.22561224291623772,11.888539042821158,2.4200879765395893,9.468451066281569,3,4,4,4,151
depth_near_ask,replenishment_rate_near_5s,25,25,3120,0.9507042253521126,0.7257142857142858,0.22498993963782687,13.295121951219512,2.1185714285714288,11.176550522648084,1,4,0,4,142
realized_vol_1m,z_anchor_vwap,25,25,3413,0.959349593495935,0.7362637362637363,0.22308585723219865,13.678899082568808,2.469858156028369,11.209040926540439,4,0,4,2,123
replenishment_rate_near_5s,flow_impact,25,25,3102,0.9548872180451128,0.732824427480916,0.22206279056419675,14.753759398496241,2.645038167938931,12.10872123055731,4,4,4,4,133
wall_persistence_2s,replenishment_rate_near_5s,25,25,3117,0.9292929292929293,0.7079037800687286,0.22138914922420072,23.88157894736842,2.8135738831615122,21.068005064206908,4,4,0,4,198
queue_imbalance_std_5s,cvd_acceleration,25,25,3120,0.9395604395604396,0.7192982456140351,0.22026219394640445,11.571153846153846,2.6096491228070176,8.96150472334683,4,4,4,0,182
realized_volatility_30s,distance_from_session_vwap_anchor,25,25,3413,0.96,0.7401129943502824,0.21988700564971753,13.406578947368422,2.4929378531073447,10.913641094261077,4,2,4,0,75
cancel_ratio,trade_sign_autocorr_60s,25,25,3118,0.937888198757764,0.7205882352941176,0.21729996346364633,12.584821428571429,2.411764705882353,10.173056722689076,4,1,4,0,161
realized_vol_1m,trade_imbalance_60s,25,25,3128,0.9428571428571428,0.7257142857142858,0.21714285714285708,12.706896551724139,2.3813953488372093,10.32550120288693,4,3,4,0,175
distance_from_overnight_high,trade_sign_autocorr_60s,25,25,3036,0.9508196721311475,0.7340425531914894,0.21677711893965812,15.8825,3.0585585585585586,12.823941441441441,0,1,0,0,122
queue_imbalance_std_5s,liquidity_compression,25,25,3120,0.9473684210526315,0.7307692307692307,0.2165991902834008,11.838028169014084,2.737980769230769,9.100047399783314,4,3,4,4,95
cancel_rate_ask,microprice_pressure,25,25,3108,0.9504950495049505,0.734375,0.21612004950495045,14.38443396226415,2.6587301587301586,11.725703803533992,4,4,4,0,202
distance_from_overnight_high,cancel_ratio,25,25,3035,0.9627659574468085,0.7474747474747475,0.21529120997206097,16.64627659574468,2.3915343915343916,14.254742204210288,0,4,0,4,188
queue_imbalance_std_5s,microprice_pressure,25,25,3107,0.9384615384615385,0.723404255319149,0.21505728314238948,10.652866242038217,2.6648936170212765,7.9879726250169405,4,4,4,0,195
trade_imbalance_60s,impact_asymmetry_10s,25,23,3114,0.9482758620689655,0.7333333333333333,0.21494252873563224,7.887931034482759,3.5,4.387931034482759,2,1,2,4,116
trade_imbalance_60s,wall_persistence_2s,25,25,3118,0.9316239316239316,0.717741935483871,0.21388199614006065,8.51771653543307,2.4858870967741935,6.031829438658876,1,3,2,4,117
replenishment_rate_near_5s,cvd_acceleration,25,25,3120,0.9473684210526315,0.7346938775510204,0.21267454350161108,9.5,2.936651583710407,6.5633484162895925,4,1,4,0,76
realized_vol_1m,impact_asymmetry_10s,25,25,3114,0.9513888888888888,0.7391304347826086,0.2122584541062802,13.655303030303031,2.440677966101695,11.214625064201336,4,4,4,0,144
distance_from_overnight_high,liquidity_compression,25,25,3042,0.9386503067484663,0.7272727272727273,0.21137757947573899,13.141129032258064,2.9610655737704916,10.180063458487572,0,0,0,4,163
depth_near_ask,z_anchor_vwap,25,25,3128,0.9538461538461539,0.7431192660550459,0.21072688779110804,11.197463768115941,2.3877952755905514,8.80966849252539,1,0,0,2,130
z_anchor_vwap,replenishment_rate_near_5s,25,25,3120,0.9439252336448598,0.7333333333333333,0.21059190031152653,10.824766355140186,2.8513986013986012,7.973367753741584,2,4,2,4,107
distance_from_session_vwap_anchor,wall_persistence_2s,25,25,3118,0.9401709401709402,0.7297297297297297,0.21044121044121045,9.99375,2.585664335664336,7.4080856643356645,0,1,0,0,117
cancel_ratio,cvd_acceleration,25,25,3121,0.9603960396039604,0.75,0.21039603960396036,13.599009900990099,2.943014705882353,10.655995195107746,4,0,4,0,101
wall_persistence_2s,cvd_acceleration,25,25,3118,0.9487179487179487,0.7383720930232558,0.21034585569469288,9.0,3.207848837209302,5.792151162790698,4,0,4,0,39
depth_near_ask,wall_persistence_2s,25,25,3118,0.9657534246575342,0.7559808612440191,0.20977256341351513,12.517543859649123,2.488038277511962,10.029505582137162,1,2,0,0,146
queue_imbalance_std_5s,replenishment_rate_near_5s,25,24,3120,0.9337175792507204,0.7245179063360881,0.20919967291463226,9.830691642651297,2.618457300275482,7.212234342375815,4,4,4,4,347
depth_mid_ask,wall_persistence_2s,25,25,3118,0.9325153374233128,0.7241379310344828,0.20837740638883007,12.336206896551724,2.5063025210084033,9.829904375543322,0,3,0,0,163
cancel_rate_ask,flow_impact,25,25,3103,0.9552238805970149,0.7469135802469136,0.20831030035010134,13.722707423580786,2.6447368421052633,11.077970581475522,4,1,4,4,67
cancel_rate_ask,replenishment_rate_near_5s,25,21,3120,0.9464285714285714,0.7381546134663342,0.20827395796223724,10.139686684073107,2.564655172413793,7.575031511659313,4,2,4,4,56
replenishment_rate_near_5s,absorption_ratio,25,25,3004,0.9583333333333334,0.7518796992481203,0.2064536340852131,16.48263888888889,2.892857142857143,13.589781746031747,4,0,4,0,72
depth_near_ask,trade_imbalance_60s,25,25,3128,0.959731543624161,0.7534246575342466,0.20630688608991443,10.723880597014926,2.630434782608696,8.09344581440623,1,1,0,3,149
cancel_rate_ask,absorption_ratio,25,25,3005,0.9568965517241379,0.7516339869281046,0.20526256479603333,14.210144927536232,2.6127450980392157,11.597399829497016,4,1,4,0,116
depth_near_ask,flow_impact,25,25,3109,0.96,0.7560975609756098,0.2039024390243902,11.924479166666666,2.519125683060109,9.405353483606557,0,2,0,4,50
bid_depth_curvature,trade_imbalance_60s,25,25,3128,0.9347826086956522,0.7338709677419355,0.20091164095371672,10.349315068493151,2.560483870967742,7.788831197525409,3,2,4,2,138
wall_persistence_2s,convexity_imbalance,25,25,3118,0.9285714285714286,0.7281553398058253,0.20041608876560335,7.320388349514563,3.0985915492957745,4.2217968002187884,4,3,0,0,84
distance_from_overnight_high,microprice_pressure,25,25,3022,0.9636363636363636,0.7636363636363637,0.19999999999999996,11.50487012987013,3.10077519379845,8.40409493607168,0,2,0,0,110
cancel_rate_ask,cvd_acceleration,25,25,3121,0.9484536082474226,0.75,0.19845360824742264,11.237113402061855,2.5477099236641223,8.689403478397733,4,3,4,3,97
depth_mid_ask,convexity_imbalance,25,25,3128,0.9363636363636364,0.7380952380952381,0.19826839826839826,13.087786259541986,2.553691275167785,10.5340949843742,1,2,0,0,110
depth_near_ask,cvd_acceleration,25,25,3128,0.9473684210526315,0.75,0.19736842105263153,13.096491228070175,2.431578947368421,10.664912280701753,0,4,0,0,95
depth_near_ask,bid_depth_curvature,25,23,3128,0.9523809523809523,0.7560975609756098,0.19628339140534257,11.075835475578407,2.7325227963525838,8.343312679225823,4,3,0,4,21
cancel_rate_ask,distance_from_session_vwap_anchor,25,25,3121,0.946236559139785,0.75,0.196236559139785,13.78763440860215,2.3125,11.47513440860215,4,0,4,0,186
cancel_rate_ask,trade_imbalance_60s,25,25,3121,0.9421965317919075,0.7467532467532467,0.19544328503866082,11.352272727272727,2.469155844155844,8.883116883116882,4,1,4,0,173
z_anchor_vwap,wall_persistence_2s,25,25,3118,0.9230769230769231,0.7282608695652174,0.19481605351170572,7.614779874213837,2.953125,4.661654874213837,3,1,0,4,117
flow_impact,absorption_ratio,25,25,3002,0.9285714285714286,0.7338709677419355,0.1947004608294931,9.39080459770115,2.526209677419355,6.864594920281795,4,4,4,0,56
trade_imbalance_60s,microprice_pressure,25,25,3108,0.9393939393939394,0.745945945945946,0.19344799344799346,14.583333333333334,3.4108108108108106,11.172522522522524,0,0,0,0,33
cancel_rate_ask,z_anchor_vwap,25,25,3121,0.9478260869565217,0.7552447552447552,0.1925813317117665,12.547826086956523,2.3762886597938144,10.171537427162708,4,2,4,2,115
depth_mid_ask,flow_impact,25,25,3109,0.9777777777777777,0.7857142857142857,0.19206349206349205,12.014808362369338,2.5773809523809526,9.437427409988386,0,1,0,4,45
distance_from_session_vwap_anchor,bid_depth_curvature,25,25,3128,0.9608938547486033,0.7692307692307693,0.19166308551783406,13.639664804469273,3.1587837837837838,10.480881020685489,0,4,0,4,179
z_anchor_vwap,bid_depth_curvature,25,25,3128,0.9587628865979382,0.7672413793103449,0.19152150728759332,10.921875,3.0890151515151514,7.832859848484849,1,4,0,4,97
distance_from_session_vwap_anchor,impact_asymmetry_10s,25,25,3114,0.9479166666666666,0.7565217391304347,0.19139492753623188,9.714015151515152,3.239130434782609,6.474884716732543,0,2,0,0,96
distance_from_overnight_high,trade_imbalance_60s,25,25,3042,0.9482758620689655,0.7572815533980582,0.19099430867090728,12.629310344827585,2.8362573099415203,9.793053034886064,0,0,0,0,58
realized_vol_1m,absorption_ratio,25,25,3005,0.9492753623188406,0.7588652482269503,0.19041011409189024,14.28623188405797,2.5868794326241136,11.699352451433857,4,0,4,0,138
wall_persistence_2s,flow_impact,25,25,3100,0.9492753623188406,0.759493670886076,0.18978169143276458,9.732993197278912,2.819620253164557,6.913372944114355,2,4,4,4,138
wall_persistence_2s,absorption_ratio,25,25,3005,0.9312977099236641,0.743801652892562,0.18749605703110217,7.583333333333333,3.004166666666667,4.579166666666666,4,4,4,0,131
depth_mid_ask,trade_imbalance_60s,25,25,3128,0.9404761904761905,0.7532467532467533,0.1872294372294372,10.966535433070867,2.5032467532467533,8.463288679824114,1,2,0,3,168
bid_depth_curvature,convexity_imbalance,25,25,3128,0.9523809523809523,0.7652173913043478,0.18716356107660448,13.295454545454545,2.917391304347826,10.37806324110672,3,2,4,0,126
bid_depth_curvature,trade_sign_autocorr_60s,25,25,3122,0.9411764705882353,0.7543859649122807,0.18679050567595457,11.99221183800623,3.046728971962617,8.945482866043614,4,1,4,0,119
cancel_ratio,distance_from_session_vwap_anchor,25,25,3121,0.9731543624161074,0.7875,0.18565436241610744,14.855704697986576,2.7,12.155704697986575,4,0,4,0,149
distance_from_session_vwap_anchor,trade_imbalance_60s,25,25,3128,0.9663865546218487,0.781021897810219,0.18536465681162972,10.21218487394958,3.13,7.08218487394958,0,2,0,2,119
impact_asymmetry_10s,microprice_pressure,25,25,3107,0.9545454545454546,0.7692307692307693,0.1853146853146853,25.420454545454547,3.421875,21.998579545454547,0,0,0,0,22
depth_mid_ask,z_anchor_vwap,25,25,3128,0.9553571428571429,0.7706422018348624,0.18471494102228048,11.414179104477611,2.4583333333333335,8.955845771144277,0,0,0,2,112
impact_asymmetry_10s,flow_impact,25,24,3109,0.9473684210526315,0.7631578947368421,0.18421052631578938,8.863874345549739,2.9622093023255816,5.901665043224158,2,4,4,4,38
cancel_ratio,liquidity_compression,25,25,3121,0.9426751592356688,0.7596153846153846,0.18305977462028422,11.064144736842104,2.610869565217391,8.453275171624714,4,0,4,4,157
distance_from_overnight_high,depth_mid_ask,25,25,3042,0.9491525423728814,0.7661290322580645,0.18302351011481688,15.18114406779661,2.1766169154228856,13.004527152373726,0,0,0,0,236
realized_volatility_30s,absorption_ratio,25,25,3005,0.9457364341085271,0.7638888888888888,0.1818475452196383,14.833333333333334,2.6822916666666665,12.151041666666668,4,0,4,0,129
z_anchor_vwap,trade_imbalance_60s,25,25,3128,0.9629629629629629,0.78125,0.1817129629629629,8.735185185185186,3.30859375,5.426591435185186,0,2,0,2,135
convexity_imbalance,liquidity_compression,25,25,3128,0.9538461538461539,0.7721518987341772,0.18169425511197668,8.100961538461538,4.01844262295082,4.082518915510718,1,0,0,0,130
trade_imbalance_60s,liquidity_compression,25,25,3128,0.9385964912280702,0.7586206896551724,0.17997580157289783,7.842356687898089,3.185763888888889,4.6565927990092,1,1,2,0,114
cancel_ratio,wall_persistence_2s,25,25,3118,0.9507389162561576,0.7710843373493976,0.17965457890675995,13.60625,2.859073359073359,10.74717664092664,4,4,4,0,203
distance_from_overnight_high,convexity_imbalance,25,25,3042,0.9444444444444444,0.7666666666666667,0.1777777777777777,12.815972222222221,3.1599264705882355,9.656045751633986,0,2,0,0,108
depth_mid_ask,trade_sign_autocorr_60s,25,25,3122,0.9444444444444444,0.7669172932330827,0.17752715121136176,11.864553314121038,2.5357142857142856,9.328839028406751,0,2,0,0,72
distance_from_overnight_high,bid_depth_curvature,25,25,3042,0.9516129032258065,0.7744360902255639,0.17717681300024257,15.114772727272728,2.672110552763819,12.442662174508909,2,3,0,4,124
cancel_ratio,microprice_pressure,25,25,3108,0.9483870967741935,0.7720588235294118,0.17632827324478173,12.200757575757576,2.8676470588235294,9.333110516934047,4,4,4,0,155
depth_near_ask,microprice_pressure,25,25,3108,0.9295154185022027,0.7532467532467533,0.17626866525544937,15.079411764705883,2.6314935064935066,12.447918258212376,0,4,0,0,227
depth_mid_ask,distance_from_session_vwap_anchor,25,25,3128,0.9418604651162791,0.7659574468085106,0.17590301830776844,13.799418604651162,2.536764705882353,11.262653898768809,0,0,0,0,172
trade_imbalance_60s,trade_sign_autocorr_60s,25,25,3122,0.9649122807017544,0.7894736842105263,0.17543859649122806,10.63527397260274,3.0180722891566263,7.617201683446114,2,2,3,0,114
depth_near_ask,distance_from_session_vwap_anchor,25,25,3128,0.9431818181818182,0.7684210526315789,0.17476076555023934,13.643465909090908,2.528787878787879,11.114678030303029,0,0,0,0,176
depth_near_ask,trade_sign_autocorr_60s,25,25,3122,0.9375,0.762962962962963,0.17453703703703705,12.069884726224783,2.683641975308642,9.386242750916141,1,2,0,0,176
cancel_ratio,trade_imbalance_60s,25,25,3121,0.945054945054945,0.7717391304347826,0.17331581462016243,11.273809523809524,2.833798882681564,8.440010641127959,4,2,4,0,182
distance_from_overnight_high,depth_near_ask,25,25,3042,0.9444444444444444,0.7711864406779662,0.17325800376647826,14.90491452991453,2.2308673469387754,12.674047182975755,0,0,0,0,234
cancel_ratio,bid_depth_curvature,25,25,3121,0.9423076923076923,0.7692307692307693,0.17307692307692302,12.436290322580644,2.812022900763359,9.624267421817287,4,1,4,4,52
depth_near_ask,liquidity_compression,25,25,3128,0.9312977099236641,0.7583892617449665,0.17290844817869766,15.052469135802468,2.453781512605042,12.598687623197426,1,2,0,4,131
depth_near_ask,absorption_ratio,25,25,3005,0.941747572815534,0.7702702702702703,0.17147730254526372,11.307522123893806,2.5104166666666665,8.79710545722714,1,4,0,1,103
trade_imbalance_60s,absorption_ratio,25,25,3005,0.959349593495935,0.7878787878787878,0.17147080561714712,8.215447154471544,3.6640625,4.551384654471544,3,0,3,0,123
realized_volatility_30s,realized_vol_1m,16,13,3413,0.9320882852292021,0.7610921501706485,0.1709961350585536,10.405348047538201,2.6497440273037545,7.755604020234447,4,4,4,4,589
cancel_ratio,convexity_imbalance,25,25,3121,0.9369369369369369,0.768,0.1689369369369369,12.017628205128204,2.744565217391304,9.2730629877369,4,2,4,0,111
distance_from_overnight_high,flow_impact,25,25,3023,0.95,0.7815126050420168,0.16848739495798315,15.393055555555556,2.9166666666666665,12.47638888888889,0,4,0,4,180
depth_mid_ask,liquidity_compression,25,25,3128,0.9402173913043478,0.7721518987341772,0.16806549257017056,12.728515625,2.4477272727272728,10.280788352272728,0,0,0,4,184
bid_depth_curvature,microprice_pressure,25,25,3108,0.9649122807017544,0.7985074626865671,0.16640481801518725,12.394736842105264,3.001865671641791,9.392871170463472,3,0,4,0,114
distance_from_session_vwap_anchor,trade_sign_autocorr_60s,25,25,3122,0.952054794520548,0.7857142857142857,0.16634050880626228,14.20890410958904,3.1281645569620253,11.080739552627016,0,0,0,0,146
depth_mid_ask,depth_near_ask,25,18,3128,0.9655172413793104,0.8,0.16551724137931034,10.449019607843137,2.545698924731183,7.9033206831119545,3,1,0,0,29
bid_depth_curvature,cvd_acceleration,25,25,3128,0.9583333333333334,0.7938144329896907,0.1645189003436427,12.444444444444445,3.019047619047619,9.425396825396826,4,4,4,0,120
trade_imbalance_60s,convexity_imbalance,25,25,3128,0.9411764705882353,0.7767857142857143,0.16439075630252098,9.905303030303031,3.5576923076923075,6.347610722610724,1,0,0,0,85
liquidity_compression,trade_sign_autocorr_60s,25,25,3122,0.95,0.7865168539325843,0.16348314606741565,10.75909090909091,3.369281045751634,7.389809863339275,0,1,0,0,100
distance_from_session_vwap_anchor,microprice_pressure,25,25,3108,0.9467455621301775,0.7837837837837838,0.1629617783463937,10.371301775147929,3.196564885496183,7.174736889651745,0,0,0,0,169
microprice_pressure,trade_sign_autocorr_60s,25,25,3105,0.9274193548387096,0.7647058823529411,0.1627134724857685,11.175862068965516,3.176470588235294,7.999391480730223,2,2,0,0,124
trade_imbalance_60s,flow_impact,25,25,3109,0.9444444444444444,0.782608695652174,0.16183574879227047,9.822916666666666,3.0993589743589745,6.723557692307692,2,2,0,4,90
cancel_ratio,impact_asymmetry_10s,25,25,3107,0.9428571428571428,0.7819548872180451,0.16090225563909777,14.138095238095238,2.742481203007519,11.395614035087718,4,0,4,0,105
distance_from_overnight_high,distance_from_session_vwap_anchor,25,25,3316,0.950354609929078,0.7909090909090909,0.15944551901998716,11.37725631768953,3.0021186440677967,8.375137673621733,0,4,0,0,141
distance_from_overnight_high,z_anchor_vwap,25,25,3316,0.940677966101695,0.7818181818181819,0.1588597842835131,12.012886597938145,2.9307692307692306,9.082117367168914,0,4,0,2,118
cancel_ratio,z_anchor_vwap,25,25,3121,0.9512195121951219,0.7931034482758621,0.1581160639192598,12.064,2.794776119402985,9.269223880597014,4,1,4,2,82
bid_depth_curvature,impact_asymmetry_10s,25,25,3114,0.9210526315789473,0.7631578947368421,0.1578947368421052,10.639880952380953,2.8313492063492065,7.808531746031746,4,3,4,0,76
cancel_ratio,flow_impact,25,25,3103,0.9552238805970149,0.797752808988764,0.1574710716082509,14.185323383084578,2.808219178082192,11.377104205002386,4,4,4,4,201
depth_near_ask,impact_asymmetry_10s,25,25,3114,0.9328358208955224,0.7777777777777778,0.15505804311774463,12.074626865671641,2.6340579710144927,9.440568894657149,0,4,0,4,134
distance_from_overnight_high,impact_asymmetry_10s,25,25,3028,0.9375,0.7835051546391752,0.15399484536082475,11.910211267605634,2.9570063694267517,8.953204898178882,0,1,0,0,80
depth_mid_ask,impact_asymmetry_10s,25,25,3114,0.9438202247191011,0.7904761904761904,0.15334403424291065,11.661111111111111,2.5921052631578947,9.069005847953218,0,1,0,4,89
bid_depth_curvature,liquidity_compression,25,25,3128,0.9390243902439024,0.7862068965517242,0.15281749369217823,10.670068027210885,2.95,7.720068027210885,3,0,4,0,82
depth_mid_ask,microprice_pressure,25,25,3108,0.9308755760368663,0.7785234899328859,0.15235208610398043,13.589108910891088,2.6073825503355703,10.981726360555518,0,4,0,0,217
distance_from_session_vwap_anchor,liquidity_compression,25,25,3128,0.9459459459459459,0.7941176470588235,0.15182829888712246,11.636178861788618,3.542279411764706,8.093899450023912,0,0,0,4,148
depth_mid_ask,bid_depth_curvature,25,23,3128,0.91701244813278,0.7654320987654321,0.151580349367348,11.279671717171718,2.6301369863013697,8.649534730870348,1,3,0,4,241
distance_from_session_vwap_anchor,cvd_acceleration,25,25,3128,0.9595959595959596,0.8083333333333333,0.1512626262626262,12.143939393939394,3.7028688524590163,8.441070541480379,0,0,0,0,99
flow_impact,cvd_acceleration,25,25,3109,0.9322033898305084,0.780952380952381,0.15125100887812748,14.26086956521739,3.576923076923077,10.683946488294314,4,4,4,0,59
liquidity_compression,microprice_pressure,25,25,3108,0.9545454545454546,0.8053097345132744,0.14923572003218022,8.784090909090908,3.470149253731343,5.3139416553595655,0,0,0,0,110
depth_mid_ask,absorption_ratio,25,25,3005,0.945054945054945,0.7962962962962963,0.14875864875864875,11.333333333333334,2.4448529411764706,8.888480392156863,0,4,0,1,91
distance_from_session_vwap_anchor,flow_impact,25,25,3109,0.9419354838709677,0.7945205479452054,0.14741493592576227,12.355519480519481,3.363013698630137,8.992505781889344,0,3,0,4,155
depth_near_ask,convexity_imbalance,25,25,3128,0.9285714285714286,0.7816091954022989,0.1469622331691297,16.296703296703296,2.4940944881889764,13.80260880851432,0,1,0,0,98
depth_mid_ask,cvd_acceleration,25,25,3128,0.9354838709677419,0.7906976744186046,0.14478619654913727,13.442622950819672,2.5135658914728682,10.929057059346803,2,1,0,0,124
z_anchor_vwap,flow_impact,25,25,3109,0.9411764705882353,0.7969924812030075,0.1441839893852278,9.005357142857143,3.2781954887218046,5.7271616541353385,3,4,2,4,119
convexity_imbalance,absorption_ratio,25,25,3005,0.9147286821705426,0.7706422018348624,0.14408648033568017,10.333333333333334,3.658256880733945,6.675076452599389,4,3,0,0,129
flow_impact,microprice_pressure,25,25,3103,0.9251700680272109,0.782608695652174,0.14256137237503697,11.37890625,3.683098591549296,7.695807658450704,3,4,4,0,147
convexity_imbalance,microprice_pressure,25,25,3108,0.9285714285714286,0.7884615384615384,0.14010989010989017,9.931818181818182,3.6826923076923075,6.249125874125874,1,4,0,4,56
convexity_imbalance,cvd_acceleration,25,25,3128,0.9439252336448598,0.8043478260869565,0.13957740755790327,10.67361111111111,4.043560606060606,6.630050505050504,1,0,0,0,107
distance_from_session_vwap_anchor,absorption_ratio,25,25,3005,0.9405940594059405,0.8016528925619835,0.13894116684395708,10.258561643835616,3.1549586776859506,7.103602966149666,0,3,0,0,101
cancel_ratio,absorption_ratio,25,25,3005,0.9447236180904522,0.8066666666666666,0.1380569514237856,13.492,2.90625,10.58575,4,4,4,0,199
cvd_acceleration,trade_sign_autocorr_60s,25,25,3122,0.9428571428571428,0.8053097345132744,0.13754740834386847,13.426966292134832,3.1490066225165565,10.277959669618276,4,0,0,0,105
impact_asymmetry_10s,trade_sign_autocorr_60s,25,25,3108,0.9230769230769231,0.7864077669902912,0.13666915608663188,11.171965317919074,3.1486486486486487,8.023316669270425,2,2,0,0,130
absorption_ratio,microprice_pressure,25,25,3005,0.9316239316239316,0.7952755905511811,0.1363483410727505,10.247899159663865,4.072834645669292,6.175064513994573,4,4,0,0,117
liquidity_compression,cvd_acceleration,25,25,3128,0.9416666666666667,0.8055555555555556,0.13611111111111107,8.911654135338345,4.137614678899083,4.7740394564392625,0,3,4,0,120
z_anchor_vwap,impact_asymmetry_10s,25,25,3114,0.9343065693430657,0.7983870967741935,0.13591947256887216,7.9799270072992705,3.8065068493150687,4.173420157984202,0,2,0,4,137
bid_depth_curvature,flow_impact,25,25,3109,0.9318181818181818,0.7966101694915254,0.13520801232665636,12.735537190082646,2.8984848484848484,9.837052341597797,4,2,4,4,88
liquidity_compression,flow_impact,25,25,3109,0.9290780141843972,0.7945205479452054,0.13455746623919174,11.66891891891892,3.2733050847457625,8.395613834173156,0,4,4,4,141
flow_impact,trade_sign_autocorr_60s,25,25,3103,0.925531914893617,0.792,0.13353191489361693,13.002127659574468,3.0640243902439024,9.938103269330565,3,4,4,0,94
z_anchor_vwap,trade_sign_autocorr_60s,25,25,3122,0.95,0.816793893129771,0.13320610687022894,10.909926470588236,3.050387596899225,7.859538873689011,0,1,2,0,120
bid_depth_curvature,absorption_ratio,25,25,3005,0.94,0.8076923076923077,0.13230769230769224,10.814858490566039,3.2142857142857144,7.600572776280324,4,2,4,0,100
z_anchor_vwap,liquidity_compression,25,25,3128,0.935251798561151,0.803921568627451,0.13133022993370003,8.579918032786885,4.055327868852459,4.524590163934426,0,0,2,4,139
liquidity_compression,impact_asymmetry_10s,25,25,3114,0.9411764705882353,0.8099173553719008,0.1312591152163345,9.5,3.597107438016529,5.902892561983471,0,4,4,0,119
z_anchor_vwap,cvd_acceleration,25,25,3128,0.9327731092436975,0.808,0.12477310924369744,7.802919708029197,4.046153846153846,3.756765861875351,2,1,2,0,119
convexity_imbalance,impact_asymmetry_10s,25,25,3114,0.9310344827586207,0.8072289156626506,0.12380556709597001,16.211206896551722,3.8112903225806454,12.399916573971076,0,0,0,0,58
z_anchor_vwap,microprice_pressure,25,25,3108,0.9304347826086956,0.8095238095238095,0.12091097308488608,7.723140495867769,3.75,3.973140495867769,0,2,2,0,115
convexity_imbalance,trade_sign_autocorr_60s,25,25,3122,0.9224806201550387,0.803030303030303,0.11945031712473575,10.641812865497077,3.210526315789474,7.431286549707602,2,1,0,0,129
convexity_imbalance,flow_impact,25,25,3109,0.9298245614035088,0.8108108108108109,0.11901375059269792,12.179389312977099,3.6503623188405796,8.529026994136519,4,4,0,4,114
absorption_ratio,trade_sign_autocorr_60s,25,25,3004,0.9185185185185185,0.8,0.11851851851851847,10.604591836734693,3.5553435114503817,7.049248325284312,4,0,1,0,135
microprice_pressure,cvd_acceleration,25,25,3108,0.9337016574585635,0.8152866242038217,0.11841503325474179,15.554054054054054,3.97962962962963,11.574424424424425,4,0,0,0,181
absorption_ratio,cvd_acceleration,25,25,3005,0.9305555555555556,0.8134328358208955,0.11712271973466004,10.466145833333334,4.196428571428571,6.269717261904763,0,4,0,0,72
distance_from_session_vwap_anchor,convexity_imbalance,25,25,3128,0.9186991869918699,0.8015873015873016,0.1171118854045683,10.21404109589041,3.362676056338028,6.851365039552382,0,2,0,0,123
z_anchor_vwap,absorption_ratio,25,25,3005,0.9279279279279279,0.8260869565217391,0.10184097140618875,8.211382113821138,3.8340336134453783,4.37734850037576,3,4,2,0,111
impact_asymmetry_10s,cvd_acceleration,25,22,3114,0.92,0.8181818181818182,0.10181818181818181,8.490384615384615,4.253846153846154,4.236538461538461,2,3,0,0,100
z_anchor_vwap,convexity_imbalance,25,25,3128,0.9174311926605505,0.8217054263565892,0.09572576630396135,8.05327868852459,4.164583333333334,3.888695355191257,0,1,2,0,109
liquidity_compression,absorption_ratio,25,25,3005,0.9210526315789473,0.8272727272727273,0.09377990430622007,9.8,3.8739495798319328,5.9260504201680675,0,2,4,0,114
