feature,feature_bin,n_events,hit_rate,avg_mr_pts,feature_min,feature_max,feature_median
distance_from_overnight_high,0,332,0.9096385542168675,11.488704819277109,-385.5,-34.5,-49.5
distance_from_overnight_high,1,332,0.9186746987951807,7.413403614457831,-34.5,-22.5,-26.75
distance_from_overnight_high,2,331,0.8640483383685801,5.738670694864048,-22.5,-17.0,-19.25
distance_from_overnight_high,3,332,0.8945783132530121,5.297439759036145,-17.0,-13.0,-15.0
distance_from_overnight_high,4,332,0.8765060240963856,4.317018072289157,-13.0,-10.5,-11.75
distance_from_overnight_high,5,331,0.8972809667673716,4.323262839879154,-10.5,-8.25,-9.25
distance_from_overnight_high,6,332,0.8253012048192772,3.3079819277108435,-8.25,-6.0,-7.25
distance_from_overnight_high,7,331,0.8549848942598187,3.311178247734139,-6.0,-3.0,-4.75
distance_from_overnight_high,8,332,0.7560240963855421,3.4683734939759034,-3.0,9.0,-0.375
distance_from_overnight_high,9,331,0.8670694864048338,5.398791540785498,9.0,125.5,22.5
realized_volatility_30s,0,342,0.7105263157894737,2.478801169590643,3.6622658442859016e-05,0.0002078161290152894,0.00017958869949446154
realized_volatility_30s,1,341,0.8211143695014663,3.098240469208211,0.00020796508627902454,0.00025216546303288904,0.000231065618806945
realized_volatility_30s,2,341,0.8504398826979472,3.6019061583577714,0.000252437977842087,0.0002893817037071512,0.0002713170028023665
realized_volatility_30s,3,342,0.8713450292397661,4.045321637426901,0.0002894317841432434,0.000325383061780454,0.0003072104824002243
realized_volatility_30s,4,341,0.8592375366568915,4.414956011730205,0.00032552982335793307,0.0003608411844154348,0.00034307606293308923
realized_volatility_30s,5,341,0.8680351906158358,4.824780058651027,0.0003612949719423898,0.0004029685746898381,0.0003809888093945883
realized_volatility_30s,6,342,0.9152046783625731,5.358187134502924,0.00040299208604073033,0.0004486224105738741,0.00042194968314332215
realized_volatility_30s,7,341,0.9178885630498533,6.381964809384164,0.0004492837964464667,0.0005214781928476746,0.00048122317249221265
realized_volatility_30s,8,341,0.9120234604105572,6.986803519061583,0.0005216288340457071,0.0006379331175225593,0.0005699382973837956
realized_volatility_30s,9,341,0.9472140762463344,12.707478005865102,0.0006380465123547465,0.004670005244221021,0.0007717287134003911
realized_vol_1m,0,342,0.7017543859649122,2.4239766081871346,4.473972664774299e-05,0.0002876836645401337,0.0002485096595742439
realized_vol_1m,1,341,0.8357771260997068,2.9486803519061584,0.0002877628954802718,0.0003456703405972344,0.00031698627086869494
realized_vol_1m,2,341,0.8357771260997068,3.6444281524926687,0.00034569564478669396,0.00039435874030938403,0.0003692007918653493
realized_vol_1m,3,342,0.8801169590643275,4.387426900584796,0.00039478958145180835,0.0004380130305414587,0.0004159173194538915
realized_vol_1m,4,341,0.8797653958944281,4.521994134897361,0.0004382073299776668,0.0004852032480464423,0.00046219737519856126
realized_vol_1m,5,341,0.8592375366568915,4.555718475073314,0.0004852329429224336,0.0005337897235504285,0.0005078561510343334
realized_vol_1m,6,342,0.9064327485380117,5.603801169590644,0.0005338212095334857,0.0005995478394958725,0.0005644603940885219
realized_vol_1m,7,341,0.9149560117302052,6.149560117302053,0.000599574423930794,0.0006943932255379076,0.0006428373264514776
realized_vol_1m,8,341,0.9120234604105572,6.830645161290323,0.0006943974042116227,0.0008418487023261348,0.0007590792876354701
realized_vol_1m,9,341,0.9472140762463344,12.830645161290322,0.0008420231315270695,0.004933883649044672,0.0010211201127071578
depth_mid_ask,0,313,0.9265175718849841,12.620607028753994,5.0,111.0,81.0
depth_mid_ask,1,313,0.8817891373801917,7.1206070287539935,111.0,149.0,132.0
depth_mid_ask,2,313,0.8977635782747604,5.988019169329074,149.0,182.0,167.0
depth_mid_ask,3,313,0.9041533546325878,5.770766773162939,182.0,210.0,195.0
depth_mid_ask,4,312,0.8942307692307693,4.859775641025641,210.0,240.0,224.0
depth_mid_ask,5,313,0.8690095846645367,4.751597444089457,241.0,269.0,253.0
depth_mid_ask,6,313,0.8498402555910544,3.8682108626198084,269.0,305.0,286.0
depth_mid_ask,7,313,0.8242811501597445,3.4400958466453675,305.0,350.0,326.0
depth_mid_ask,8,313,0.8434504792332268,2.9584664536741214,350.0,421.0,376.0
depth_mid_ask,9,312,0.782051282051282,2.5232371794871793,421.0,1081.0,482.0
depth_near_ask,0,313,0.9265175718849841,12.174920127795527,3.0,89.0,62.0
depth_near_ask,1,313,0.8817891373801917,7.460862619808307,90.0,126.0,108.0
depth_near_ask,2,313,0.9201277955271565,6.505591054313099,126.0,158.0,143.0
depth_near_ask,3,313,0.9073482428115016,5.3690095846645365,158.0,182.0,170.0
depth_near_ask,4,312,0.8942307692307693,4.887019230769231,182.0,210.0,197.0
depth_near_ask,5,313,0.8434504792332268,4.255591054313099,211.0,236.0,222.0
depth_near_ask,6,313,0.8370607028753994,3.7963258785942493,236.0,264.0,249.0
depth_near_ask,7,313,0.8434504792332268,3.6293929712460065,264.0,304.0,283.0
depth_near_ask,8,313,0.8594249201277955,3.2100638977635785,304.0,366.0,332.0
depth_near_ask,9,312,0.7596153846153846,2.612980769230769,366.0,1305.0,415.5
queue_imbalance_std_5s,0,312,0.7467948717948718,2.5705128205128207,0.0,0.054782264796768586,0.04254195044072698
queue_imbalance_std_5s,1,312,0.7852564102564102,3.137019230769231,0.05495243728344281,0.07335128700889335,0.06456977864790053
queue_imbalance_std_5s,2,312,0.8878205128205128,3.749198717948718,0.073362966850013,0.08864387427536873,0.08128890361673444
queue_imbalance_std_5s,3,312,0.8782051282051282,4.600961538461538,0.08879189295896606,0.10455608551752815,0.09625174186022056
queue_imbalance_std_5s,4,312,0.8814102564102564,4.637820512820513,0.10456459424597356,0.12197307261885985,0.11274991626496148
queue_imbalance_std_5s,5,312,0.8782051282051282,5.052083333333333,0.1220657028821152,0.14001902363232738,0.13038568502096431
queue_imbalance_std_5s,6,312,0.8974358974358975,5.771634615384615,0.14007582942596694,0.1642125655511201,0.15179169420880784
queue_imbalance_std_5s,7,312,0.8814102564102564,6.319711538461538,0.16422810095077842,0.19464679791793146,0.1795664103234602
queue_imbalance_std_5s,8,312,0.9134615384615384,7.129006410256411,0.1948138140293511,0.24001382032490454,0.2148595311092537
queue_imbalance_std_5s,9,312,0.9262820512820513,10.982371794871796,0.24059745970490592,0.5284150918131977,0.2811631940443594
cancel_rate_ask,0,313,0.7188498402555911,2.3522364217252396,0.0,0.6,0.2
cancel_rate_ask,1,312,0.8333333333333334,3.0961538461538463,0.6,1.2,0.8
cancel_rate_ask,2,312,0.842948717948718,3.7884615384615383,1.2,1.6,1.4
cancel_rate_ask,3,312,0.8878205128205128,4.011217948717949,1.6,2.2,2.0
cancel_rate_ask,4,312,0.8397435897435898,3.7756410256410255,2.2,3.0,2.6
cancel_rate_ask,5,312,0.875,4.663461538461538,3.2,3.8,3.6
cancel_rate_ask,6,312,0.8910256410256411,5.641826923076923,3.8,5.0,4.4
cancel_rate_ask,7,312,0.9198717948717948,6.595352564102564,5.0,6.8,5.8
cancel_rate_ask,8,312,0.9262820512820513,7.902243589743589,6.8,10.8,8.4
cancel_rate_ask,9,312,0.9391025641025641,12.118589743589743,11.0,222.2,16.0
cancel_ratio,0,313,0.7827476038338658,2.7036741214057507,0.0,0.01937984496124031,0.012139605462822459
cancel_ratio,1,312,0.8365384615384616,3.4310897435897436,0.01937984496124031,0.030303030303030304,0.025226401240107693
cancel_ratio,2,312,0.8653846153846154,3.6794871794871793,0.030303030303030304,0.038461538461538464,0.03422855082912761
cancel_ratio,3,312,0.8525641025641025,4.068910256410256,0.03852889667250438,0.045454545454545456,0.041811846689895474
cancel_ratio,4,312,0.8782051282051282,4.517628205128205,0.045454545454545456,0.05191489361702128,0.04807366803812302
cancel_ratio,5,312,0.8782051282051282,5.074519230769231,0.0519159456118665,0.05913272010512484,0.05545917830459554
cancel_ratio,6,312,0.8717948717948718,5.635416666666667,0.059147180192572216,0.0687960687960688,0.0637338850300308
cancel_ratio,7,312,0.8653846153846154,6.323717948717949,0.06880540312368087,0.08029197080291971,0.0739994190428338
cancel_ratio,8,312,0.9326923076923077,7.797275641025641,0.08031674208144797,0.10122989593188268,0.08899437152180112
cancel_ratio,9,312,0.9102564102564102,10.712339743589743,0.10127737226277372,0.4123173277661795,0.12195418977043064
z_anchor_vwap,0,342,0.9093567251461988,6.9605263157894735,-547.3154243611832,-18.517937256574914,-33.47163338283862
z_anchor_vwap,1,341,0.8768328445747801,5.294721407624634,-18.512969839489042,-10.123267675529272,-13.050294860327433
z_anchor_vwap,2,341,0.8709677419354839,4.806451612903226,-10.10566800442233,-6.3231019851948265,-7.830378809547243
z_anchor_vwap,3,342,0.868421052631579,5.1381578947368425,-6.320064187508036,-3.9938560375533325,-5.140133027159026
z_anchor_vwap,4,341,0.8680351906158358,5.341642228739003,-3.991372481745125,-2.134172578291652,-2.9756769623667703
z_anchor_vwap,5,341,0.8563049853372434,6.0791788856304985,-2.1276322212343035,-0.3024149780151194,-1.399007471407567
z_anchor_vwap,6,342,0.8304093567251462,4.887426900584796,-0.29794357161320056,1.435179413081116,0.32689097647832394
z_anchor_vwap,7,341,0.8885630498533724,4.697947214076247,1.4372156050251708,4.051740304797976,2.4829437589373144
z_anchor_vwap,8,341,0.8944281524926686,5.785923753665689,4.057177768139474,11.12521273107666,6.732801113278692
z_anchor_vwap,9,341,0.8093841642228738,4.891495601173021,11.131662613444163,542.7765132234626,23.056864671407716
distance_from_session_vwap_anchor,0,342,0.9152046783625731,8.525584795321638,-131.75,-17.0,-24.875
distance_from_session_vwap_anchor,1,341,0.8914956011730205,6.8936950146627565,-17.0,-9.5,-13.0
distance_from_session_vwap_anchor,2,341,0.844574780058651,4.877565982404692,-9.5,-6.0,-7.5
distance_from_session_vwap_anchor,3,342,0.8888888888888888,4.610380116959064,-6.0,-3.75,-5.0
distance_from_session_vwap_anchor,4,341,0.8592375366568915,4.156891495601173,-3.75,-1.75,-2.75
distance_from_session_vwap_anchor,5,341,0.8357771260997068,4.233870967741935,-1.75,-0.25,-0.75
distance_from_session_vwap_anchor,6,342,0.847953216374269,4.734649122807017,-0.25,1.25,0.25
distance_from_session_vwap_anchor,7,341,0.8592375366568915,4.0227272727272725,1.25,4.0,2.5
distance_from_session_vwap_anchor,8,341,0.8621700879765396,5.360703812316715,4.0,11.25,7.0
distance_from_session_vwap_anchor,9,341,0.8680351906158358,6.464809384164223,11.25,80.0,17.5
bid_depth_curvature,0,313,0.8306709265175719,3.2060702875399363,-66.25,-21.125,-25.0
bid_depth_curvature,1,313,0.8434504792332268,3.6110223642172525,-21.125,-17.5,-19.125
bid_depth_curvature,2,313,0.8178913738019169,3.5215654952076676,-17.5,-14.875,-16.0
bid_depth_curvature,3,313,0.8722044728434505,4.323482428115016,-14.875,-13.0,-13.875
bid_depth_curvature,4,312,0.8269230769230769,4.479166666666667,-13.0,-11.25,-12.125
bid_depth_curvature,5,313,0.8626198083067093,4.630191693290735,-11.25,-9.75,-10.5
bid_depth_curvature,6,313,0.9073482428115016,5.3410543130990416,-9.75,-8.25,-9.0
bid_depth_curvature,7,313,0.9009584664536742,6.14297124600639,-8.25,-6.75,-7.5
bid_depth_curvature,8,313,0.9041533546325878,6.878594249201278,-6.75,-5.0,-6.0
bid_depth_curvature,9,312,0.907051282051282,11.795673076923077,-5.0,44.25,-3.5
trade_imbalance_60s,0,313,0.8370607028753994,3.0447284345047922,-1.0,-0.26822462504359956,-0.35596026490066224
trade_imbalance_60s,1,313,0.8626198083067093,5.706070287539936,-0.2678311499272198,-0.17672183662573412,-0.21704658077304262
trade_imbalance_60s,2,313,0.8977635782747604,6.156549520766773,-0.17668711656441718,-0.11475409836065574,-0.14166666666666666
trade_imbalance_60s,3,313,0.8913738019169329,5.962460063897764,-0.11448366875618608,-0.05911533691608103,-0.08563899868247694
trade_imbalance_60s,4,312,0.8814102564102564,6.6818910256410255,-0.05871854363733714,-0.0010515247108307045,-0.031187727086752427
trade_imbalance_60s,5,313,0.9105431309904153,6.140575079872204,-0.0010449320794148381,0.053621825023518345,0.025547445255474453
trade_imbalance_60s,6,313,0.9073482428115016,6.7212460063897765,0.05362776025236593,0.10934105720492397,0.08052230685527748
trade_imbalance_60s,7,313,0.865814696485623,5.505591054313099,0.10975782467072652,0.17005545286506468,0.13927916921197311
trade_imbalance_60s,8,313,0.8306709265175719,4.522364217252396,0.17021836358852935,0.2573134328358209,0.2095200936402653
trade_imbalance_60s,9,312,0.7884615384615384,3.46875,0.25744992672203226,0.940959409594096,0.32623517092254206
wall_persistence_2s,0,312,0.7884615384615384,2.9863782051282053,0.0,0.0,0.0
wall_persistence_2s,1,312,0.7852564102564102,5.180288461538462,0.0,0.0,0.0
wall_persistence_2s,2,312,0.8621794871794872,4.3381410256410255,0.0,0.017964071856287425,0.0
wall_persistence_2s,3,312,0.9006410256410257,5.074519230769231,0.018018018018018018,0.06015037593984962,0.04086312990239026
wall_persistence_2s,4,312,0.9038461538461539,5.653846153846154,0.060240963855421686,0.10571428571428572,0.08193923795669444
wall_persistence_2s,5,311,0.8842443729903537,5.241961414790997,0.10576923076923077,0.15643564356435644,0.1342281879194631
wall_persistence_2s,6,312,0.8653846153846154,5.615384615384615,0.15644820295983086,0.21428571428571427,0.1854653481687274
wall_persistence_2s,7,312,0.907051282051282,6.8806089743589745,0.21428571428571427,0.28879310344827586,0.24885118540776763
wall_persistence_2s,8,312,0.8942307692307693,6.854967948717949,0.2892609699769053,0.3681592039800995,0.3270303116957392
wall_persistence_2s,9,311,0.8906752411575563,6.157556270096463,0.36823104693140796,0.6733333333333333,0.42402826855123676
convexity_imbalance,0,313,0.853035143769968,6.9904153354632586,-8.092609983385104,-0.5136904761904761,-0.7088837631928426
convexity_imbalance,1,313,0.8466453674121406,5.727635782747604,-0.5130434782608695,-0.29180343466057745,-0.3872259223228317
convexity_imbalance,2,313,0.8626198083067093,4.667731629392971,-0.29167974882260606,-0.1708860759493669,-0.2281600387190449
convexity_imbalance,3,313,0.8817891373801917,4.968051118210862,-0.17068177356479786,-0.060977269633864184,-0.10990338164251212
convexity_imbalance,4,312,0.8621794871794872,4.9318910256410255,-0.0608284213480893,0.03681612505141918,-0.009536255053093745
convexity_imbalance,5,313,0.8785942492012779,5.432907348242812,0.03706467661691559,0.13308913308913306,0.08817616676460593
convexity_imbalance,6,313,0.853035143769968,5.199680511182109,0.13349875930521105,0.24288394532296964,0.18369175627240153
convexity_imbalance,7,313,0.8626198083067093,4.7611821086261985,0.2433286516853932,0.3778139542532025,0.305852417302799
convexity_imbalance,8,313,0.8913738019169329,4.837859424920127,0.3778542950344328,0.5727633114340063,0.45379924953095685
convexity_imbalance,9,312,0.8814102564102564,6.396634615384615,0.5734108726857816,10.234359483614698,0.7519716831211887
liquidity_compression,0,313,0.8977635782747604,7.5199680511182105,0.12907268170426064,0.5867768595041323,0.5176991150442478
liquidity_compression,1,313,0.8945686900958466,5.283546325878595,0.5868661679135495,0.6638418079096046,0.6334106728538283
liquidity_compression,2,313,0.8817891373801917,5.3099041533546325,0.6638655462184874,0.711168164313222,0.6911196911196911
liquidity_compression,3,313,0.8753993610223643,4.986421725239617,0.7111984282907662,0.751219512195122,0.7321428571428571
liquidity_compression,4,312,0.842948717948718,4.778846153846154,0.7512437810945274,0.7908309455587392,0.7693271640640063
liquidity_compression,5,313,0.8594249201277955,4.675718849840256,0.7909090909090909,0.8305555555555556,0.8102466793168881
liquidity_compression,6,313,0.8626198083067093,4.522364217252396,0.8305647840531561,0.8726591760299626,0.8525835866261399
liquidity_compression,7,313,0.853035143769968,4.626198083067092,0.872865275142315,0.9272727272727272,0.8980322003577818
liquidity_compression,8,313,0.865814696485623,5.835463258785943,0.9273570324574961,1.0062111801242235,0.9614035087719298
liquidity_compression,9,312,0.8397435897435898,6.375,1.0066666666666666,3.9269662921348316,1.1019375756865504
replenishment_rate_near_5s,0,312,0.7115384615384616,2.659455128205128,0.0,39.8,26.4
replenishment_rate_near_5s,1,312,0.8141025641025641,3.5048076923076925,39.8,58.8,49.9
replenishment_rate_near_5s,2,312,0.8814102564102564,3.971955128205128,59.0,77.2,66.9
replenishment_rate_near_5s,3,312,0.8782051282051282,4.613782051282051,77.4,96.2,86.1
replenishment_rate_near_5s,4,312,0.8974358974358975,5.076923076923077,96.2,120.4,107.5
replenishment_rate_near_5s,5,312,0.8717948717948718,4.965544871794871,120.4,150.2,135.6
replenishment_rate_near_5s,6,312,0.9006410256410257,5.83573717948718,150.2,188.6,166.9
replenishment_rate_near_5s,7,312,0.9006410256410257,7.096153846153846,188.6,247.2,214.5
replenishment_rate_near_5s,8,312,0.9326923076923077,7.046474358974359,247.2,358.2,288.6
replenishment_rate_near_5s,9,312,0.8878205128205128,9.179487179487179,358.4,5341.2,501.9
impact_asymmetry_10s,0,312,0.8653846153846154,7.612179487179487,-0.16176470588235295,-0.004405286343612335,-0.006110004977600796
impact_asymmetry_10s,1,311,0.9003215434083601,4.934083601286174,-0.004398826979472141,-0.003048780487804878,-0.0036656891495601175
impact_asymmetry_10s,2,312,0.8814102564102564,5.063301282051282,-0.003043478260869565,-0.002259436469962786,-0.0026041666666666665
impact_asymmetry_10s,3,311,0.8617363344051447,4.337620578778135,-0.002257336343115124,-0.001524390243902439,-0.001893939393939394
impact_asymmetry_10s,4,312,0.8878205128205128,5.315705128205129,-0.001524390243902439,-0.0005208333333333333,-0.0011005283828127018
impact_asymmetry_10s,5,311,0.8617363344051447,4.762861736334405,-0.00051440329218107,0.0006890848952590959,0.0
impact_asymmetry_10s,6,311,0.8617363344051447,4.948553054662379,0.0006915629322268327,0.0015182186234817814,0.0011645962732919255
impact_asymmetry_10s,7,312,0.8237179487179487,4.46875,0.0015212981744421906,0.0023006134969325155,0.0018754263301500682
impact_asymmetry_10s,8,311,0.842443729903537,4.97427652733119,0.0023006134969325155,0.003481012658227848,0.002777777777777778
impact_asymmetry_10s,9,311,0.887459807073955,7.454983922829582,0.003481894150417827,0.05,0.004755434782608696
flow_impact,0,311,0.864951768488746,4.990353697749196,-0.875,-0.00019369834710743802,-0.008333333333333333
flow_impact,1,311,0.8327974276527331,3.819935691318328,-0.00013819789939192924,0.0015690376569037657,0.0008143322475570033
flow_impact,2,311,0.8392282958199357,4.219453376205788,0.0015723270440251573,0.002435064935064935,0.0020325203252032522
flow_impact,3,311,0.8295819935691319,3.889871382636656,0.0024366471734892786,0.003232758620689655,0.002819548872180451
flow_impact,4,311,0.8617363344051447,4.060289389067524,0.003232758620689655,0.00410958904109589,0.0036023054755043226
flow_impact,5,311,0.8713826366559485,4.782154340836013,0.004124365482233503,0.005169172932330827,0.004605263157894736
flow_impact,6,311,0.8713826366559485,5.782958199356913,0.005172413793103448,0.006690997566909975,0.005841121495327103
flow_impact,7,311,0.9067524115755627,6.021704180064309,0.006696428571428571,0.009157509157509158,0.0078125
flow_impact,8,311,0.9131832797427653,6.497588424437299,0.009159482758620689,0.015186915887850467,0.011513157894736841
flow_impact,9,310,0.8870967741935484,9.81532258064516,0.015217391304347827,0.5,0.027777777777777776
absorption_ratio,0,301,0.8538205980066446,7.996677740863787,2.4545454545454546,65.05263157894737,49.25
absorption_ratio,1,300,0.8966666666666666,5.150833333333333,65.14285714285714,87.71428571428571,77.29166666666666
absorption_ratio,2,301,0.8504983388704319,5.8305647840531565,87.73333333333333,108.875,98.125
absorption_ratio,3,300,0.86,5.2675,109.0,132.1818181818182,122.26666666666667
absorption_ratio,4,301,0.8504983388704319,4.906146179401993,132.2,157.33333333333334,144.2
absorption_ratio,5,300,0.89,4.816666666666666,157.33333333333334,188.66666666666666,169.81666666666666
absorption_ratio,6,301,0.8538205980066446,4.509136212624584,188.75,241.5,213.28571428571428
absorption_ratio,7,300,0.87,5.2225,242.0,322.6666666666667,277.8571428571429
absorption_ratio,8,301,0.867109634551495,5.211794019933555,324.0,520.0,401.0
absorption_ratio,9,300,0.8933333333333333,5.376666666666667,520.0,4618.0,907.5
microprice_pressure,0,311,0.8778135048231511,7.016881028938907,-0.4770114942530199,-0.11250000000048506,-0.15934065934076594
microprice_pressure,1,311,0.842443729903537,5.07475884244373,-0.11250000000048506,-0.06756756756840332,-0.08865248226963256
microprice_pressure,2,311,0.8231511254019293,3.9983922829581995,-0.06756756756779699,-0.03658536585377684,-0.05191256830585189
microprice_pressure,3,311,0.8617363344051447,4.938102893890675,-0.036585365853170515,-0.013274336283454128,-0.02432432432397036
microprice_pressure,4,310,0.867741935483871,5.281451612903226,-0.013274336283454128,0.007142857142753201,-0.0029585798820335185
microprice_pressure,5,311,0.8906752411575563,5.070739549839228,0.007142857142753201,0.027131782945313414,0.017241379311599303
microprice_pressure,6,311,0.8553054662379421,5.42524115755627,0.027272727272550885,0.04976303317501637,0.03846153846097877
microprice_pressure,7,311,0.8713826366559485,4.852893890675241,0.0497835497832663,0.08088235294174713,0.0636363636367605
microprice_pressure,8,311,0.8810289389067524,5.581189710610932,0.08088235294174713,0.12303664921516126,0.09731543624184269
microprice_pressure,9,310,0.9,6.64758064516129,0.1235741444870655,0.45890410958903277,0.17241379310356325
cvd_acceleration,0,313,0.8881789137380192,5.140575079872204,-383.53333333333336,-46.93333333333334,-69.3
cvd_acceleration,1,313,0.8881789137380192,7.018370607028754,-46.93333333333333,-28.933333333333337,-36.766666666666666
cvd_acceleration,2,313,0.8690095846645367,5.035942492012779,-28.89999999999999,-18.166666666666668,-23.2
cvd_acceleration,3,313,0.8817891373801917,4.609424920127796,-18.166666666666668,-9.433333333333334,-13.966666666666667
cvd_acceleration,4,312,0.8621794871794872,5.632211538461538,-9.433333333333334,-2.2666666666666657,-5.550000000000001
cvd_acceleration,5,313,0.8466453674121406,4.505591054313099,-2.2333333333333334,5.0,1.333333333333334
cvd_acceleration,6,313,0.865814696485623,5.767571884984026,5.0,13.5,9.2
cvd_acceleration,7,313,0.853035143769968,5.126996805111821,13.5,24.566666666666666,19.033333333333335
cvd_acceleration,8,313,0.8785942492012779,5.657348242811501,24.799999999999997,45.89999999999999,33.06666666666666
cvd_acceleration,9,312,0.8397435897435898,5.419070512820513,46.23333333333333,737.2666666666667,69.51666666666667
trade_sign_autocorr_60s,0,313,0.865814696485623,11.26517571884984,-0.09759000729485333,0.8536100270816983,0.8182478935902653
trade_sign_autocorr_60s,1,312,0.9006410256410257,6.548878205128205,0.8536229594523461,0.8782587399349803,0.8693873775425942
trade_sign_autocorr_60s,2,312,0.8814102564102564,4.926282051282051,0.8782695350366768,0.8901403716522513,0.8847573700567657
trade_sign_autocorr_60s,3,312,0.8814102564102564,5.154647435897436,0.8901470834029847,0.8995392838771802,0.8951201190353751
trade_sign_autocorr_60s,4,313,0.8753993610223643,5.106230031948882,0.8995596561123912,0.9071121900223454,0.9032353972285784
trade_sign_autocorr_60s,5,312,0.8910256410256411,4.61698717948718,0.9071347592891286,0.9137557144531679,0.9102707493344323
trade_sign_autocorr_60s,6,312,0.8493589743589743,4.625,0.9137684913004381,0.9200379605394078,0.9168695161201548
trade_sign_autocorr_60s,7,312,0.8621794871794872,4.377403846153846,0.9200448209006933,0.9273024252129685,0.9236911473904976
trade_sign_autocorr_60s,8,312,0.8365384615384616,3.7604166666666665,0.927350478421248,0.9376154060560297,0.9317031887163787
trade_sign_autocorr_60s,9,312,0.8365384615384616,3.5809294871794872,0.9376237836906847,0.9971126921000345,0.9444256437419588
