feature_x,feature_y,x_bin,y_bin,n_events,hit_rate,avg_mr_pts,x_min,x_max,x_median,y_min,y_max,y_median,rule_score,rule_score_conservative,rule_text
depth_near_ask,queue_imbalance_std_5s,0,0,16,0.6875,4.640625,42.0,126.0,108.0,0.01385385787436238,0.0734235562458516,0.05335667545816253,0.47860538563829785,0.4467752659574468,"depth_near_ask in [42, 126] AND queue_imbalance_std_5s in [0.0138539, 0.0734236]"
depth_near_ask,queue_imbalance_std_5s,0,1,47,0.7872340425531915,5.1861702127659575,30.0,129.0,112.0,0.07719485425522399,0.10580376045686153,0.09517346425968568,0.5557712765957448,0.527340425531915,"depth_near_ask in [30, 129] AND queue_imbalance_std_5s in [0.0771949, 0.105804]"
depth_near_ask,queue_imbalance_std_5s,0,2,116,0.9224137931034483,8.14655172413793,36.0,129.0,105.0,0.10587585587688712,0.14166973613705255,0.12323293928822962,0.7495772193690389,0.6981804842259721,"depth_near_ask in [36, 129] AND queue_imbalance_std_5s in [0.105876, 0.14167]"
depth_near_ask,queue_imbalance_std_5s,0,3,150,0.9,7.986666666666666,23.0,130.0,97.0,0.1417910220403061,0.19495817314495983,0.16270657606620598,0.7483631205673759,0.7054780141843972,"depth_near_ask in [23, 130] AND queue_imbalance_std_5s in [0.141791, 0.194958]"
depth_near_ask,queue_imbalance_std_5s,0,4,293,0.9453924914675768,10.938566552901024,4.0,128.0,76.0,0.19565899173839865,0.6458511254366709,0.2607392124447036,0.932957301575775,0.8784888533875534,"depth_near_ask in [4, 128] AND queue_imbalance_std_5s in [0.195659, 0.645851]"
depth_near_ask,queue_imbalance_std_5s,1,0,57,0.7894736842105263,4.956140350877193,134.0,188.0,173.0,0.006356485883162086,0.07358030130762155,0.05825301751268786,0.5529833893243747,0.5302426278462112,"depth_near_ask in [134, 188] AND queue_imbalance_std_5s in [0.00635649, 0.0735803]"
depth_near_ask,queue_imbalance_std_5s,1,1,133,0.8345864661654135,4.37781954887218,130.0,189.0,166.0,0.07396578302536981,0.1055676994184151,0.09257701940293107,0.5853833386658135,0.589743241081427,"depth_near_ask in [130, 189] AND queue_imbalance_std_5s in [0.0739658, 0.105568]"
depth_near_ask,queue_imbalance_std_5s,1,2,153,0.869281045751634,5.473856209150327,130.0,189.0,160.0,0.10608762780892951,0.14167646781878637,0.12201107700113686,0.6478678208872202,0.6417772215269087,"depth_near_ask in [130, 189] AND queue_imbalance_std_5s in [0.106088, 0.141676]"
depth_near_ask,queue_imbalance_std_5s,1,3,156,0.9102564102564102,6.272435897435898,130.0,189.0,157.0,0.14207992406304767,0.19554601738127733,0.16639428521058344,0.6955336197490453,0.6801513911620295,"depth_near_ask in [130, 189] AND queue_imbalance_std_5s in [0.14208, 0.195546]"
depth_near_ask,queue_imbalance_std_5s,1,4,122,0.8852459016393442,6.774590163934426,130.0,189.0,162.0,0.19563017115708833,0.4572055575132996,0.2315325403884999,0.6873862050924311,0.6559870945238926,"depth_near_ask in [130, 189] AND queue_imbalance_std_5s in [0.19563, 0.457206]"
depth_near_ask,queue_imbalance_std_5s,2,0,134,0.8582089552238806,4.151119402985074,190.0,242.0,221.0,0.007237871674491392,0.07388576466177646,0.05927996909954369,0.5885044855509687,0.5976587805652588,"depth_near_ask in [190, 242] AND queue_imbalance_std_5s in [0.00723787, 0.0738858]"
depth_near_ask,queue_imbalance_std_5s,2,1,157,0.8407643312101911,4.482484076433121,190.0,243.0,214.0,0.0742248925809236,0.10575667216258834,0.08909052933318558,0.6020394023580431,0.6102446130912047,"depth_near_ask in [190, 243] AND queue_imbalance_std_5s in [0.0742249, 0.105757]"
depth_near_ask,queue_imbalance_std_5s,2,2,121,0.859504132231405,5.268595041322314,189.0,243.0,215.0,0.10601887764412128,0.14164623847343105,0.1243140608508003,0.6226670476525409,0.6123580094953402,"depth_near_ask in [189, 243] AND queue_imbalance_std_5s in [0.106019, 0.141646]"
depth_near_ask,queue_imbalance_std_5s,2,3,132,0.9015151515151515,4.882575757575758,191.0,243.0,210.0,0.14187797806612681,0.1954087349705782,0.16224163482762363,0.6327421824629272,0.632664410058027,"depth_near_ask in [191, 243] AND queue_imbalance_std_5s in [0.141878, 0.195409]"
depth_near_ask,queue_imbalance_std_5s,2,4,78,0.9230769230769231,7.948717948717949,191.0,242.0,211.0,0.1957454197293659,0.38847326803310833,0.2263612284492335,0.7267812329514457,0.6703000545553737,"depth_near_ask in [191, 242] AND queue_imbalance_std_5s in [0.195745, 0.388473]"
depth_near_ask,queue_imbalance_std_5s,3,0,177,0.8361581920903954,3.5112994350282487,243.0,315.0,271.0,0.0,0.07393155493155236,0.055032568012517845,0.5744858156028368,0.601283808150018,"depth_near_ask in [243, 315] AND queue_imbalance_std_5s in [0, 0.0739316]"
depth_near_ask,queue_imbalance_std_5s,3,1,151,0.8675496688741722,4.293046357615894,243.0,314.0,274.0,0.07393521197489276,0.10568722242942724,0.09074154670541254,0.60490929265887,0.6160187403128082,"depth_near_ask in [243, 314] AND queue_imbalance_std_5s in [0.0739352, 0.105687]"
depth_near_ask,queue_imbalance_std_5s,3,2,131,0.8091603053435115,3.654580152671756,243.0,314.0,276.0,0.10589588390722937,0.141004791642703,0.12131417735453016,0.5477771235991554,0.5612887770017866,"depth_near_ask in [243, 314] AND queue_imbalance_std_5s in [0.105896, 0.141005]"
depth_near_ask,queue_imbalance_std_5s,3,3,96,0.8645833333333334,5.119791666666667,244.0,314.0,278.5,0.14172267408684677,0.19422829887991114,0.1625232821488547,0.6091062721631205,0.5959640957446808,"depth_near_ask in [244, 314] AND queue_imbalance_std_5s in [0.141723, 0.194228]"
depth_near_ask,queue_imbalance_std_5s,3,4,66,0.9090909090909091,5.231060606060606,243.0,314.0,274.5,0.19910187830985762,0.4277956427288723,0.22590741439772613,0.620263136686009,0.6012943262411348,"depth_near_ask in [243, 314] AND queue_imbalance_std_5s in [0.199102, 0.427796]"
depth_near_ask,queue_imbalance_std_5s,4,0,238,0.7857142857142857,2.9348739495798317,315.0,751.0,367.5,0.004465342485636993,0.07393077261754072,0.05019658757014085,0.5575686125514036,0.6034695154657608,"depth_near_ask in [315, 751] AND queue_imbalance_std_5s in [0.00446534, 0.0739308]"
depth_near_ask,queue_imbalance_std_5s,4,1,133,0.849624060150376,3.2913533834586466,315.0,945.0,375.0,0.07412850955722573,0.10571223246575476,0.08811091197517205,0.5541239401695729,0.5755327147656375,"depth_near_ask in [315, 945] AND queue_imbalance_std_5s in [0.0741285, 0.105712]"
depth_near_ask,queue_imbalance_std_5s,4,2,101,0.8118811881188119,3.532178217821782,316.0,945.0,387.0,0.10593669510846555,0.14170562895709213,0.12029919455532308,0.531951495681483,0.5410522435222246,"depth_near_ask in [316, 945] AND queue_imbalance_std_5s in [0.105937, 0.141706]"
depth_near_ask,queue_imbalance_std_5s,4,3,87,0.8390804597701149,4.017241379310345,315.0,1285.0,388.0,0.14181635558316347,0.19352577259788517,0.1611921863731125,0.5552109317681585,0.5554169723648814,"depth_near_ask in [315, 1285] AND queue_imbalance_std_5s in [0.141816, 0.193526]"
depth_near_ask,queue_imbalance_std_5s,4,4,62,0.8225806451612904,4.887096774193548,316.0,1005.0,376.0,0.19711108687914733,0.4011327109239446,0.2417160971517503,0.5675926561427591,0.5486067261496225,"depth_near_ask in [316, 1005] AND queue_imbalance_std_5s in [0.197111, 0.401133]"
queue_imbalance_std_5s,bid_depth_curvature,0,0,205,0.824390243902439,3.196341463414634,0.005552915335124435,0.07380934065425943,0.05304807100636726,-74.0,-17.875,-21.75,0.5700816035288012,0.6069730150492993,"queue_imbalance_std_5s in [0.00555292, 0.0738093] AND bid_depth_curvature in [-74, -17.875]"
queue_imbalance_std_5s,bid_depth_curvature,0,1,165,0.7636363636363637,3.45,0.004465342485636993,0.07393077261754072,0.05438280192506314,-17.875,-13.0,-15.25,0.5345991295938105,0.556137330754352,"queue_imbalance_std_5s in [0.00446534, 0.0739308] AND bid_depth_curvature in [-17.875, -13]"
queue_imbalance_std_5s,bid_depth_curvature,0,2,135,0.8666666666666667,3.933333333333333,0.0,0.07393155493155236,0.056463736118734634,-13.0,-9.875,-11.5,0.585113475177305,0.5981702127659575,"queue_imbalance_std_5s in [0, 0.0739316] AND bid_depth_curvature in [-13, -9.875]"
queue_imbalance_std_5s,bid_depth_curvature,0,3,88,0.8181818181818182,3.991477272727273,0.007237871674491392,0.07300865922764889,0.05588921939195404,-9.75,-6.625,-8.6875,0.5453303312379111,0.545090667311412,"queue_imbalance_std_5s in [0.00723787, 0.0730087] AND bid_depth_curvature in [-9.75, -6.625]"
queue_imbalance_std_5s,bid_depth_curvature,0,4,29,0.7586206896551724,4.353448275862069,0.0075663429698848575,0.07347538836977163,0.05644298600468333,-6.625,-1.125,-5.375,0.506090425531915,0.48488994864269996,"queue_imbalance_std_5s in [0.00756634, 0.0734754] AND bid_depth_curvature in [-6.625, -1.125]"
queue_imbalance_std_5s,bid_depth_curvature,1,0,150,0.8466666666666667,3.72,0.07412850955722573,0.10571223246575476,0.08918296100620661,-78.875,-17.875,-20.9375,0.5750297872340425,0.5934780141843972,"queue_imbalance_std_5s in [0.0741285, 0.105712] AND bid_depth_curvature in [-78.875, -17.875]"
queue_imbalance_std_5s,bid_depth_curvature,1,1,146,0.821917808219178,3.98972602739726,0.07393521197489276,0.10575667216258834,0.0921662980450128,-17.875,-13.0,-15.125,0.5716310842320023,0.5839449140192363,"queue_imbalance_std_5s in [0.0739352, 0.105757] AND bid_depth_curvature in [-17.875, -13]"
queue_imbalance_std_5s,bid_depth_curvature,1,2,147,0.9047619047619048,4.585034013605442,0.07396578302536981,0.1055676994184151,0.08958457641186923,-13.0,-9.75,-11.375,0.6301722391084092,0.6379114198871038,"queue_imbalance_std_5s in [0.0739658, 0.105568] AND bid_depth_curvature in [-13, -9.75]"
queue_imbalance_std_5s,bid_depth_curvature,1,3,122,0.8114754098360656,4.301229508196721,0.07397821963074043,0.10580376045686153,0.0891883079379502,-9.75,-6.75,-8.5,0.567621860830136,0.5696346355074992,"queue_imbalance_std_5s in [0.0739782, 0.105804] AND bid_depth_curvature in [-9.75, -6.75]"
queue_imbalance_std_5s,bid_depth_curvature,1,4,56,0.8035714285714286,4.9375,0.0766958906728536,0.10512659686476265,0.09244912407381348,-6.625,11.5,-5.25,0.5582494300911856,0.5362803951367782,"queue_imbalance_std_5s in [0.0766959, 0.105127] AND bid_depth_curvature in [-6.625, 11.5]"
queue_imbalance_std_5s,bid_depth_curvature,2,0,104,0.8461538461538461,3.9423076923076925,0.10602862915283785,0.13969207319252866,0.1191099676621306,-59.0,-17.875,-21.875,0.5630053191489363,0.5683060556464812,"queue_imbalance_std_5s in [0.106029, 0.139692] AND bid_depth_curvature in [-59, -17.875]"
queue_imbalance_std_5s,bid_depth_curvature,2,1,142,0.8028169014084507,4.13556338028169,0.10589588390722937,0.14170562895709213,0.12485820631860862,-17.75,-13.0,-15.3125,0.5664378558585557,0.5747580161821996,"queue_imbalance_std_5s in [0.105896, 0.141706] AND bid_depth_curvature in [-17.75, -13]"
queue_imbalance_std_5s,bid_depth_curvature,2,2,130,0.8384615384615385,4.836538461538462,0.10593669510846555,0.14140844107051234,0.12087995796992446,-12.875,-9.75,-11.25,0.6019056873977087,0.5989402618657937,"queue_imbalance_std_5s in [0.105937, 0.141408] AND bid_depth_curvature in [-12.875, -9.75]"
queue_imbalance_std_5s,bid_depth_curvature,2,3,116,0.896551724137931,5.862068965517241,0.10599582773124891,0.14166289634077922,0.12206104371590687,-9.75,-6.625,-8.375,0.657982391782832,0.6395597945707997,"queue_imbalance_std_5s in [0.105996, 0.141663] AND bid_depth_curvature in [-9.75, -6.625]"
queue_imbalance_std_5s,bid_depth_curvature,2,4,130,0.9,7.303846153846154,0.10587585587688712,0.14167646781878637,0.12489245874803845,-6.625,4.0,-5.125,0.7159537643207856,0.6790556464811783,"queue_imbalance_std_5s in [0.105876, 0.141676] AND bid_depth_curvature in [-6.625, 4]"
queue_imbalance_std_5s,bid_depth_curvature,3,0,104,0.8557692307692307,5.002403846153846,0.14181635558316347,0.19422829887991114,0.15877456358883613,-53.125,-17.875,-23.0625,0.6044356076104745,0.5943156710310965,"queue_imbalance_std_5s in [0.141816, 0.194228] AND bid_depth_curvature in [-53.125, -17.875]"
queue_imbalance_std_5s,bid_depth_curvature,3,1,102,0.8627450980392157,5.053921568627451,0.14172267408684677,0.1954087349705782,0.1625030315410862,-17.875,-13.0,-15.375,0.6085268043387568,0.5975573633708803,"queue_imbalance_std_5s in [0.141723, 0.195409] AND bid_depth_curvature in [-17.875, -13]"
queue_imbalance_std_5s,bid_depth_curvature,3,2,120,0.925,5.679166666666666,0.14236819441364423,0.19554601738127733,0.1668123384456777,-13.0,-9.75,-11.0,0.6660846631205674,0.6526790780141845,"queue_imbalance_std_5s in [0.142368, 0.195546] AND bid_depth_curvature in [-13, -9.75]"
queue_imbalance_std_5s,bid_depth_curvature,3,3,150,0.86,5.69,0.14178915111403942,0.19470673705831956,0.16188182550206442,-9.75,-6.625,-8.25,0.6499797872340426,0.6395446808510639,"queue_imbalance_std_5s in [0.141789, 0.194707] AND bid_depth_curvature in [-9.75, -6.625]"
queue_imbalance_std_5s,bid_depth_curvature,3,4,145,0.9310344827586207,7.525862068965517,0.14175469141803976,0.19495817314495983,0.1650091149699554,-6.625,12.0,-5.125,0.744072817314747,0.7085876742479823,"queue_imbalance_std_5s in [0.141755, 0.194958] AND bid_depth_curvature in [-6.625, 12]"
queue_imbalance_std_5s,bid_depth_curvature,4,0,59,0.864406779661017,4.423728813559322,0.19563017115708833,0.4214395974901016,0.2318775976004647,-54.625,-18.0,-21.875,0.5689199423007573,0.55833754056978,"queue_imbalance_std_5s in [0.19563, 0.42144] AND bid_depth_curvature in [-54.625, -18]"
queue_imbalance_std_5s,bid_depth_curvature,4,1,66,0.8333333333333334,6.700757575757576,0.19620490407668376,0.4011327109239446,0.23565699648317529,-17.75,-13.0,-14.6875,0.6376116215344938,0.5928094777562863,"queue_imbalance_std_5s in [0.196205, 0.401133] AND bid_depth_curvature in [-17.75, -13]"
queue_imbalance_std_5s,bid_depth_curvature,4,2,90,0.9111111111111111,6.502777777777778,0.1962441240299291,0.386748541257008,0.23296317977896536,-12.875,-9.75,-10.875,0.6758950945626476,0.6430579196217494,"queue_imbalance_std_5s in [0.196244, 0.386749] AND bid_depth_curvature in [-12.875, -9.75]"
queue_imbalance_std_5s,bid_depth_curvature,4,3,145,0.9517241379310345,7.946551724137931,0.19565899173839865,0.4596015378301277,0.23338422384698235,-9.625,-6.625,-8.0,0.7681073000733676,0.7273462949376376,"queue_imbalance_std_5s in [0.195659, 0.459602] AND bid_depth_curvature in [-9.625, -6.625]"
queue_imbalance_std_5s,bid_depth_curvature,4,4,261,0.9272030651340997,10.954022988505747,0.19591140456324366,0.6458511254366709,0.260806583112995,-6.625,56.875,-4.0,0.9116960136952801,0.8492777370180158,"queue_imbalance_std_5s in [0.195911, 0.645851] AND bid_depth_curvature in [-6.625, 56.875]"
depth_mid_ask,queue_imbalance_std_5s,0,0,14,0.7142857142857143,3.3035714285714284,74.0,150.0,135.5,0.007237871674491392,0.06993054824104747,0.04281013991093818,0.44301101823708205,0.43215045592705165,"depth_mid_ask in [74, 150] AND queue_imbalance_std_5s in [0.00723787, 0.0699305]"
depth_mid_ask,queue_imbalance_std_5s,0,1,49,0.7755102040816326,4.892857142857143,39.0,150.0,128.0,0.07719485425522399,0.10530691120656249,0.0958444883725493,0.541080655666522,0.5168888406426401,"depth_mid_ask in [39, 150] AND queue_imbalance_std_5s in [0.0771949, 0.105307]"
depth_mid_ask,queue_imbalance_std_5s,0,2,118,0.923728813559322,8.28177966101695,24.0,149.0,123.5,0.10587585587688712,0.14166973613705255,0.12409237242438739,0.755753020194735,0.7028191489361703,"depth_mid_ask in [24, 149] AND queue_imbalance_std_5s in [0.105876, 0.14167]"
depth_mid_ask,queue_imbalance_std_5s,0,3,150,0.8933333333333333,7.918333333333333,37.0,150.0,118.5,0.1417910220403061,0.19495817314495983,0.1649355263973616,0.7429714539007092,0.7007780141843971,"depth_mid_ask in [37, 150] AND queue_imbalance_std_5s in [0.141791, 0.194958]"
depth_mid_ask,queue_imbalance_std_5s,0,4,291,0.9450171821305842,11.09020618556701,7.0,151.0,97.0,0.19565899173839865,0.6458511254366709,0.260806583112995,0.9372447356876508,0.8800573956276961,"depth_mid_ask in [7, 151] AND queue_imbalance_std_5s in [0.195659, 0.645851]"
depth_mid_ask,queue_imbalance_std_5s,1,0,65,0.8769230769230769,5.7153846153846155,154.0,214.0,189.0,0.01385385787436238,0.07347538836977163,0.06098302160673959,0.6223134206219313,0.5942585924713585,"depth_mid_ask in [154, 214] AND queue_imbalance_std_5s in [0.0138539, 0.0734754]"
depth_mid_ask,queue_imbalance_std_5s,1,1,128,0.890625,5.01953125,153.0,216.0,188.5,0.07397821963074043,0.10580376045686153,0.09037484159179969,0.630932928856383,0.6274052526595744,"depth_mid_ask in [153, 216] AND queue_imbalance_std_5s in [0.0739782, 0.105804]"
depth_mid_ask,queue_imbalance_std_5s,1,2,136,0.875,6.033088235294118,151.0,216.0,186.0,0.10599582773124891,0.14167646781878637,0.12331764683776547,0.662780428660826,0.6449702753441802,"depth_mid_ask in [151, 216] AND queue_imbalance_std_5s in [0.105996, 0.141676]"
depth_mid_ask,queue_imbalance_std_5s,1,3,162,0.9259259259259259,5.986111111111111,151.0,216.0,185.0,0.14187797806612681,0.19554601738127733,0.1621624826538071,0.6951167257683215,0.6860894405043341,"depth_mid_ask in [151, 216] AND queue_imbalance_std_5s in [0.141878, 0.195546]"
depth_mid_ask,queue_imbalance_std_5s,1,4,130,0.9153846153846154,7.257692307692308,153.0,215.0,187.0,0.19563017115708833,0.4572055575132996,0.2321643159595988,0.7212614566284778,0.6858248772504091,"depth_mid_ask in [153, 215] AND queue_imbalance_std_5s in [0.19563, 0.457206]"
depth_mid_ask,queue_imbalance_std_5s,2,0,139,0.8273381294964028,3.803956834532374,216.0,271.0,248.0,0.006356485883162086,0.07358030130762155,0.05666998085023473,0.5645895836522271,0.578471605694168,"depth_mid_ask in [216, 271] AND queue_imbalance_std_5s in [0.00635649, 0.0735803]"
depth_mid_ask,queue_imbalance_std_5s,2,1,151,0.8013245033112583,4.187086092715232,216.0,271.0,238.0,0.07396578302536981,0.10575667216258834,0.08835839340209467,0.5713993588840356,0.5807869522333381,"depth_mid_ask in [216, 271] AND queue_imbalance_std_5s in [0.0739658, 0.105757]"
depth_mid_ask,queue_imbalance_std_5s,2,2,125,0.848,4.59,216.0,271.0,244.0,0.10589588390722937,0.14163293776801852,0.11928600302677415,0.5954414893617022,0.5955872340425532,"depth_mid_ask in [216, 271] AND queue_imbalance_std_5s in [0.105896, 0.141633]"
depth_mid_ask,queue_imbalance_std_5s,2,3,117,0.8888888888888888,5.711538461538462,216.0,271.0,241.0,0.14175469141803976,0.194123890206279,0.1664023418922004,0.6496910801963993,0.6333560647390435,"depth_mid_ask in [216, 271] AND queue_imbalance_std_5s in [0.141755, 0.194124]"
depth_mid_ask,queue_imbalance_std_5s,2,4,90,0.9111111111111111,7.3277777777777775,216.0,270.0,241.5,0.1957454197293659,0.4213577761504489,0.22613827152031543,0.7047700945626476,0.6595579196217494,"depth_mid_ask in [216, 270] AND queue_imbalance_std_5s in [0.195745, 0.421358]"
depth_mid_ask,queue_imbalance_std_5s,3,0,161,0.8136645962732919,3.440993788819876,271.0,360.0,314.0,0.0,0.07393155493155236,0.05403383419505499,0.5550944892295494,0.578418131359852,"depth_mid_ask in [271, 360] AND queue_imbalance_std_5s in [0, 0.0739316]"
depth_mid_ask,queue_imbalance_std_5s,3,1,154,0.8896103896103896,4.240259740259741,271.0,361.0,312.5,0.07393521197489276,0.10568722242942724,0.09101980249634009,0.6142656811273832,0.6279082619508152,"depth_mid_ask in [271, 361] AND queue_imbalance_std_5s in [0.0739352, 0.105687]"
depth_mid_ask,queue_imbalance_std_5s,3,2,126,0.8492063492063492,3.8174603174603177,271.0,359.0,307.0,0.10593669510846555,0.14169713091194364,0.12254862092153133,0.569370989530564,0.5813779128672746,"depth_mid_ask in [271, 359] AND queue_imbalance_std_5s in [0.105937, 0.141697]"
depth_mid_ask,queue_imbalance_std_5s,3,3,114,0.8859649122807017,4.673245614035087,272.0,361.0,313.5,0.14184461743401017,0.19492777447464177,0.16201115340964364,0.6107584453154162,0.6092133258678611,"depth_mid_ask in [272, 361] AND queue_imbalance_std_5s in [0.141845, 0.194928]"
depth_mid_ask,queue_imbalance_std_5s,3,4,66,0.8939393939393939,4.890151515151516,273.0,358.0,310.5,0.19733391129355815,0.4277956427288723,0.2417160971517503,0.601513136686009,0.5869003868471954,"depth_mid_ask in [273, 358] AND queue_imbalance_std_5s in [0.197334, 0.427796]"
depth_mid_ask,queue_imbalance_std_5s,4,0,243,0.7942386831275721,3.01440329218107,361.0,1666.0,434.0,0.004465342485636993,0.07388576466177646,0.051950051020416124,0.5663157779528939,0.6125137903861309,"depth_mid_ask in [361, 1666] AND queue_imbalance_std_5s in [0.00446534, 0.0738858]"
depth_mid_ask,queue_imbalance_std_5s,4,1,139,0.8201438848920863,3.2248201438848922,361.0,1195.0,429.0,0.07412850955722573,0.10571223246575476,0.0893357133074255,0.5410823894076229,0.5632917495790601,"depth_mid_ask in [361, 1195] AND queue_imbalance_std_5s in [0.0741285, 0.105712]"
depth_mid_ask,queue_imbalance_std_5s,4,2,117,0.7777777777777778,3.4444444444444446,361.0,1627.0,429.0,0.10612702867888128,0.14170562895709213,0.12029919455532308,0.5203427895981088,0.5324586288416076,"depth_mid_ask in [361, 1627] AND queue_imbalance_std_5s in [0.106127, 0.141706]"
depth_mid_ask,queue_imbalance_std_5s,4,3,78,0.8076923076923077,3.891025641025641,362.0,1212.0,441.0,0.14172267408684677,0.19422829887991114,0.16187135627546984,0.532838925259138,0.5314539007092198,"depth_mid_ask in [362, 1212] AND queue_imbalance_std_5s in [0.141723, 0.194228]"
depth_mid_ask,queue_imbalance_std_5s,4,4,44,0.75,3.335227272727273,361.0,1116.0,416.5,0.19711108687914733,0.4011327109239446,0.223508600245923,0.4729563588007737,0.4697896518375242,"depth_mid_ask in [361, 1116] AND queue_imbalance_std_5s in [0.197111, 0.401133]"
depth_mid_ask,cancel_rate_ask,0,0,41,0.7317073170731707,3.542682926829268,24.0,150.0,99.0,0.0,1.0,0.4,0.4707090036325895,0.46287752983912817,"depth_mid_ask in [24, 150] AND cancel_rate_ask in [0, 1]"
depth_mid_ask,cancel_rate_ask,0,1,34,0.8823529411764706,5.595588235294118,37.0,149.0,122.5,1.0,2.2,1.7000000000000002,0.6073724968710889,0.5747903629536921,"depth_mid_ask in [37, 149] AND cancel_rate_ask in [1, 2.2]"
depth_mid_ask,cancel_rate_ask,0,2,60,0.95,6.395833333333333,23.0,149.0,128.5,2.2,3.6,3.0,0.6768860815602837,0.6412145390070921,"depth_mid_ask in [23, 149] AND cancel_rate_ask in [2.2, 3.6]"
depth_mid_ask,cancel_rate_ask,0,3,148,0.8716216216216216,7.322635135135135,17.0,150.0,123.0,3.8,6.6,5.0,0.7115006828637148,0.6767315986198964,"depth_mid_ask in [17, 150] AND cancel_rate_ask in [3.8, 6.6]"
depth_mid_ask,cancel_rate_ask,0,4,339,0.943952802359882,11.43141592920354,7.0,151.0,101.0,6.6,427.0,12.4,0.969133637733007,0.9169876984874161,"depth_mid_ask in [7, 151] AND cancel_rate_ask in [6.6, 427]"
depth_mid_ask,cancel_rate_ask,1,0,39,0.7948717948717948,3.4615384615384617,154.0,216.0,186.0,0.0,1.0,0.6,0.4954418985270049,0.49156028368794324,"depth_mid_ask in [154, 216] AND cancel_rate_ask in [0, 1]"
depth_mid_ask,cancel_rate_ask,1,1,92,0.8913043478260869,4.505434782608695,153.0,215.0,192.0,1.0,2.2,1.8,0.5979261100832562,0.5944842738205366,"depth_mid_ask in [153, 215] AND cancel_rate_ask in [1, 2.2]"
depth_mid_ask,cancel_rate_ask,1,2,153,0.8496732026143791,5.222222222222222,151.0,216.0,187.0,2.2,3.8,3.0,0.6302371019329718,0.6269406202197191,"depth_mid_ask in [151, 216] AND cancel_rate_ask in [2.2, 3.8]"
depth_mid_ask,cancel_rate_ask,1,3,201,0.9303482587064676,6.767412935323383,153.0,216.0,187.0,3.8,6.6,4.8,0.7410480840478458,0.728820260400127,"depth_mid_ask in [153, 216] AND cancel_rate_ask in [3.8, 6.6]"
depth_mid_ask,cancel_rate_ask,1,4,136,0.9485294117647058,7.639705882352941,151.0,214.0,183.0,6.6,83.8,9.1,0.7521002816020024,0.7138673341677096,"depth_mid_ask in [151, 214] AND cancel_rate_ask in [6.6, 83.8]"
depth_mid_ask,cancel_rate_ask,2,0,102,0.7745098039215687,3.1348039215686274,216.0,271.0,249.0,0.0,1.0,0.6,0.5016518043387568,0.5150573633708803,"depth_mid_ask in [216, 271] AND cancel_rate_ask in [0, 1]"
depth_mid_ask,cancel_rate_ask,2,1,145,0.8275862068965517,4.436206896551724,217.0,271.0,249.0,1.0,2.2,1.6,0.5893831621423331,0.595070432868672,"depth_mid_ask in [217, 271] AND cancel_rate_ask in [1, 2.2]"
depth_mid_ask,cancel_rate_ask,2,2,184,0.842391304347826,5.201086956521739,217.0,271.0,239.0,2.2,3.8,2.8,0.6394120027752082,0.6426641998149861,"depth_mid_ask in [217, 271] AND cancel_rate_ask in [2.2, 3.8]"
depth_mid_ask,cancel_rate_ask,2,3,121,0.8925619834710744,5.6384297520661155,216.0,271.0,242.0,3.8,6.6,4.6,0.6504872955864253,0.6362836293300509,"depth_mid_ask in [216, 271] AND cancel_rate_ask in [3.8, 6.6]"
depth_mid_ask,cancel_rate_ask,2,4,70,0.9428571428571428,6.575,216.0,270.0,233.5,6.6,88.8,9.2,0.6841979483282675,0.6476094224924013,"depth_mid_ask in [216, 270] AND cancel_rate_ask in [6.6, 88.8]"
depth_mid_ask,cancel_rate_ask,3,0,169,0.8284023668639053,3.214497041420118,271.0,361.0,317.0,0.0,1.0,0.4,0.5572033551554828,0.586363464685887,"depth_mid_ask in [271, 361] AND cancel_rate_ask in [0, 1]"
depth_mid_ask,cancel_rate_ask,3,1,164,0.8475609756097561,3.8521341463414633,272.0,361.0,315.5,1.0,2.2,1.6,0.5860143681888946,0.6055040217955371,"depth_mid_ask in [272, 361] AND cancel_rate_ask in [1, 2.2]"
depth_mid_ask,cancel_rate_ask,3,2,139,0.920863309352518,4.611510791366906,271.0,360.0,309.0,2.2,3.8,2.8,0.6349403030766876,0.6413852747589163,"depth_mid_ask in [271, 360] AND cancel_rate_ask in [2.2, 3.8]"
depth_mid_ask,cancel_rate_ask,3,3,100,0.82,4.3475,272.0,357.0,304.0,3.8,6.6,4.8,0.5637156914893617,0.5607797872340425,"depth_mid_ask in [272, 357] AND cancel_rate_ask in [3.8, 6.6]"
depth_mid_ask,cancel_rate_ask,3,4,49,0.9387755102040817,5.974489795918367,273.0,357.0,307.0,6.6,54.8,8.4,0.6524071862787668,0.6201541467650891,"depth_mid_ask in [273, 357] AND cancel_rate_ask in [6.6, 54.8]"
depth_mid_ask,cancel_rate_ask,4,0,271,0.7822878228782287,2.7961254612546127,361.0,1195.0,440.0,0.0,1.0,0.4,0.5652130603752846,0.620045144068462,"depth_mid_ask in [361, 1195] AND cancel_rate_ask in [0, 1]"
depth_mid_ask,cancel_rate_ask,4,1,186,0.7849462365591398,3.157258064516129,361.0,1666.0,433.0,1.0,2.2,1.6,0.5428787748798902,0.5743416838252117,"depth_mid_ask in [361, 1666] AND cancel_rate_ask in [1, 2.2]"
depth_mid_ask,cancel_rate_ask,4,2,86,0.8255813953488372,4.055232558139535,361.0,713.0,414.0,2.2,3.8,2.8,0.5500405121227115,0.5487889658584859,"depth_mid_ask in [361, 713] AND cancel_rate_ask in [2.2, 3.8]"
depth_mid_ask,cancel_rate_ask,4,3,51,0.8235294117647058,4.622549019607843,363.0,1627.0,415.0,3.8,6.6,4.8,0.5540795786399666,0.5367688777638715,"depth_mid_ask in [363, 1627] AND cancel_rate_ask in [3.8, 6.6]"
depth_mid_ask,cancel_rate_ask,4,4,27,0.8518518518518519,3.8703703703703702,361.0,1212.0,449.0,6.8,65.8,11.0,0.530285657998424,0.5205673758865248,"depth_mid_ask in [361, 1212] AND cancel_rate_ask in [6.8, 65.8]"
realized_vol_1m,depth_mid_ask,0,0,48,0.75,3.3229166666666665,5.456597135330645e-05,0.0003419511222185351,0.0002371162442221347,24.0,148.0,100.5,0.47422761524822693,0.47209663120567374,"realized_vol_1m in [5.4566e-05, 0.000341951] AND depth_mid_ask in [24, 148]"
realized_vol_1m,depth_mid_ask,0,1,63,0.8095238095238095,4.0436507936507935,0.00010771819880322258,0.0003444169528934731,0.00031638087604842337,150.0,215.0,191.0,0.53262200270179,0.5258476865923675,"realized_vol_1m in [0.000107718, 0.000344417] AND depth_mid_ask in [150, 215]"
realized_vol_1m,depth_mid_ask,0,2,126,0.7777777777777778,3.4702380952380953,0.00010978253754068726,0.0003436451516876537,0.000299352292574367,215.0,270.0,246.5,0.5250753546099292,0.5387191827085445,"realized_vol_1m in [0.000109783, 0.000343645] AND depth_mid_ask in [215, 270]"
realized_vol_1m,depth_mid_ask,0,3,165,0.806060606060606,2.971212121212121,6.325030473947606e-05,0.00034442878354418453,0.00028705631467476487,271.0,359.0,311.0,0.5369324629271438,0.5677736943907157,"realized_vol_1m in [6.32503e-05, 0.000344429] AND depth_mid_ask in [271, 359]"
realized_vol_1m,depth_mid_ask,0,4,221,0.7873303167420814,2.5350678733031673,0.00012981821202420646,0.0003444143646429978,0.0002907881557242925,361.0,1195.0,451.0,0.5370685712910369,0.5854303456243382,"realized_vol_1m in [0.000129818, 0.000344414] AND depth_mid_ask in [361, 1195]"
realized_vol_1m,depth_mid_ask,1,0,36,0.8888888888888888,4.909722222222222,0.00035677010151013083,0.0004354959191876675,0.0004010684799049778,37.0,148.0,126.0,0.587159426713948,0.5656176122931442,"realized_vol_1m in [0.00035677, 0.000435496] AND depth_mid_ask in [37, 148]"
realized_vol_1m,depth_mid_ask,1,1,114,0.8596491228070176,4.677631578947368,0.0003446581192345402,0.00043361267163350467,0.0003975405097071128,150.0,215.0,187.0,0.5990698488241882,0.5961431504292646,"realized_vol_1m in [0.000344658, 0.000433613] AND depth_mid_ask in [150, 215]"
realized_vol_1m,depth_mid_ask,1,2,177,0.8192090395480226,4.121468926553672,0.00034468512690769617,0.0004358313947064865,0.00038657637783654137,216.0,271.0,243.0,0.5882146291621588,0.6050126217093401,"realized_vol_1m in [0.000344685, 0.000435831] AND depth_mid_ask in [216, 271]"
realized_vol_1m,depth_mid_ask,1,3,150,0.86,3.61,0.0003449941929043768,0.00043484306012261833,0.00038876461153723165,271.0,360.0,311.0,0.5771797872340425,0.5979446808510638,"realized_vol_1m in [0.000344994, 0.000434843] AND depth_mid_ask in [271, 360]"
realized_vol_1m,depth_mid_ask,1,4,146,0.7876712328767124,3.219178082191781,0.00034472819764600073,0.0004351051546110721,0.00038482381959307707,362.0,1666.0,424.5,0.529250947245701,0.5514106674438939,"realized_vol_1m in [0.000344728, 0.000435105] AND depth_mid_ask in [362, 1666]"
realized_vol_1m,depth_mid_ask,2,0,85,0.8705882352941177,6.511764705882353,0.0004363990864473481,0.000533321342392733,0.0004859423621180153,37.0,150.0,133.0,0.6558466833541927,0.6197847309136421,"realized_vol_1m in [0.000436399, 0.000533321] AND depth_mid_ask in [37, 150]"
realized_vol_1m,depth_mid_ask,2,1,159,0.9182389937106918,6.583333333333333,0.00043605043431501825,0.0005333205668428156,0.00048290232722999625,151.0,215.0,189.0,0.7112837883045632,0.6922755252241403,"realized_vol_1m in [0.00043605, 0.000533321] AND depth_mid_ask in [151, 215]"
realized_vol_1m,depth_mid_ask,2,2,125,0.888,4.656,0.00043669968189528007,0.0005333232743653533,0.00047561298734525827,216.0,270.0,238.0,0.6157514893617021,0.6169072340425532,"realized_vol_1m in [0.0004367, 0.000533323] AND depth_mid_ask in [216, 270]"
realized_vol_1m,depth_mid_ask,2,3,138,0.8695652173913043,4.532608695652174,0.00043612841281167686,0.0005331055323774684,0.0004825394067013864,271.0,360.0,307.0,0.6086690564292322,0.6135198889916743,"realized_vol_1m in [0.000436128, 0.000533106] AND depth_mid_ask in [271, 360]"
realized_vol_1m,depth_mid_ask,2,4,116,0.853448275862069,3.8642241379310347,0.0004359741455864322,0.0005312251427857514,0.0004723696941986158,361.0,1095.0,423.5,0.5686612710931768,0.5780511738811446,"realized_vol_1m in [0.000435974, 0.000531225] AND depth_mid_ask in [361, 1095]"
realized_vol_1m,depth_mid_ask,3,0,140,0.9214285714285714,8.125,0.0005336174919459267,0.000680488486404163,0.0006150805157746468,24.0,150.0,126.0,0.7585923252279635,0.7125759878419453,"realized_vol_1m in [0.000533617, 0.000680488] AND depth_mid_ask in [24, 150]"
realized_vol_1m,depth_mid_ask,3,1,172,0.9302325581395349,6.245639534883721,0.0005347062891729692,0.0006800945661398383,0.0005907322841729671,150.0,215.0,183.5,0.7103935242454231,0.699816303809995,"realized_vol_1m in [0.000534706, 0.000680095] AND depth_mid_ask in [150, 215]"
realized_vol_1m,depth_mid_ask,3,2,117,0.8888888888888888,6.239316239316239,0.0005336335261113175,0.0006759598080293658,0.0005990464395053391,216.0,270.0,242.0,0.6681633024186215,0.643911620294599,"realized_vol_1m in [0.000533634, 0.00067596] AND depth_mid_ask in [216, 270]"
realized_vol_1m,depth_mid_ask,3,3,110,0.9181818181818182,5.015909090909091,0.0005342795959334929,0.0006800075967554253,0.0005969361920386501,272.0,360.0,313.0,0.6355471470019343,0.6296218568665378,"realized_vol_1m in [0.00053428, 0.000680008] AND depth_mid_ask in [272, 360]"
realized_vol_1m,depth_mid_ask,3,4,84,0.7142857142857143,4.095238095238095,0.000533822508369213,0.0006798956830229083,0.0005871774443079122,362.0,1212.0,407.5,0.5005065856129686,0.4926646403242148,"realized_vol_1m in [0.000533823, 0.000679896] AND depth_mid_ask in [362, 1212]"
realized_vol_1m,depth_mid_ask,4,0,314,0.9426751592356688,11.603503184713375,0.000682729309231842,0.006777850866417545,0.0009250274207815531,7.0,150.0,97.0,0.9639434543976149,0.9038331752269955,"realized_vol_1m in [0.000682729, 0.00677785] AND depth_mid_ask in [7, 150]"
realized_vol_1m,depth_mid_ask,4,1,115,0.9130434782608695,7.480434782608696,0.0006807517614166859,0.0031712819561728616,0.0007812861605764032,151.0,215.0,184.0,0.7216209528214617,0.6795346901017576,"realized_vol_1m in [0.000680752, 0.00317128] AND depth_mid_ask in [151, 215]"
realized_vol_1m,depth_mid_ask,4,2,78,0.9102564102564102,7.487179487179487,0.000681232989818156,0.001369810280095625,0.0008091587137025606,216.0,268.0,239.5,0.7048581560283688,0.654659028914348,"realized_vol_1m in [0.000681233, 0.00136981] AND depth_mid_ask in [216, 268]"
realized_vol_1m,depth_mid_ask,4,3,60,0.8833333333333333,5.666666666666667,0.0006811574902851814,0.0024357959218082024,0.0007470397656682478,272.0,357.0,310.0,0.6213652482269504,0.5932978723404254,"realized_vol_1m in [0.000681157, 0.0024358] AND depth_mid_ask in [272, 357]"
realized_vol_1m,depth_mid_ask,4,4,56,0.8571428571428571,3.986607142857143,0.0006861410192649467,0.002401843633584112,0.0008007526366081877,361.0,1627.0,458.0,0.5490753229483283,0.5440482522796353,"realized_vol_1m in [0.000686141, 0.00240184] AND depth_mid_ask in [361, 1627]"
depth_near_ask,cancel_rate_ask,0,0,39,0.717948717948718,3.641025641025641,30.0,127.0,84.0,0.0,1.0,0.4,0.46710856519367155,0.4566884888161484,"depth_near_ask in [30, 127] AND cancel_rate_ask in [0, 1]"
depth_near_ask,cancel_rate_ask,0,1,40,0.875,5.56875,41.0,129.0,104.0,1.0,2.2,1.6,0.6056775265957447,0.5744069148936171,"depth_near_ask in [41, 129] AND cancel_rate_ask in [1, 2.2]"
depth_near_ask,cancel_rate_ask,0,2,64,0.953125,6.29296875,11.0,129.0,102.5,2.2,3.8,3.0,0.6763941988031915,0.6432729388297872,"depth_near_ask in [11, 129] AND cancel_rate_ask in [2.2, 3.8]"
depth_near_ask,cancel_rate_ask,0,3,152,0.881578947368421,7.807565789473684,9.0,130.0,104.0,3.8,6.6,5.0,0.7346561800111983,0.6939620660694289,"depth_near_ask in [9, 130] AND cancel_rate_ask in [3.8, 6.6]"
depth_near_ask,cancel_rate_ask,0,4,327,0.944954128440367,11.350917431192661,4.0,128.0,81.0,6.6,427.0,12.6,0.961660404060121,0.9082188170993558,"depth_near_ask in [4, 128] AND cancel_rate_ask in [6.6, 427]"
depth_near_ask,cancel_rate_ask,1,0,44,0.7045454545454546,2.897727272727273,130.0,188.0,173.0,0.0,1.0,0.6,0.4371893133462283,0.4383123791102515,"depth_near_ask in [130, 188] AND cancel_rate_ask in [0, 1]"
depth_near_ask,cancel_rate_ask,1,1,88,0.8181818181818182,4.485795454545454,133.0,189.0,170.0,1.0,2.2,1.8,0.5626314676015474,0.5549770309477756,"depth_near_ask in [133, 189] AND cancel_rate_ask in [1, 2.2]"
depth_near_ask,cancel_rate_ask,1,2,160,0.84375,4.953125,130.0,189.0,165.5,2.2,3.8,3.0,0.6211319813829786,0.6230651595744682,"depth_near_ask in [130, 189] AND cancel_rate_ask in [2.2, 3.8]"
depth_near_ask,cancel_rate_ask,1,3,192,0.890625,5.923177083333333,130.0,189.0,162.0,3.8,6.6,5.0,0.6897945755762411,0.6863292331560283,"depth_near_ask in [130, 189] AND cancel_rate_ask in [3.8, 6.6]"
depth_near_ask,cancel_rate_ask,1,4,137,0.948905109489051,7.702554744525547,130.0,188.0,153.0,6.6,82.0,8.8,0.7548945876688926,0.7159504581456747,"depth_near_ask in [130, 188] AND cancel_rate_ask in [6.6, 82]"
depth_near_ask,cancel_rate_ask,2,0,92,0.8369565217391305,3.182065217391304,190.0,242.0,220.0,0.0,1.0,0.6,0.5271516535615172,0.5408429694727105,"depth_near_ask in [190, 242] AND cancel_rate_ask in [0, 1]"
depth_near_ask,cancel_rate_ask,2,1,135,0.8592592592592593,4.487037037037037,191.0,243.0,219.0,1.0,2.2,1.6,0.6011597714736012,0.6055405831363279,"depth_near_ask in [191, 243] AND cancel_rate_ask in [1, 2.2]"
depth_near_ask,cancel_rate_ask,2,2,175,0.8571428571428571,4.91,190.0,243.0,216.0,2.2,3.8,2.8,0.6320323708206685,0.638473556231003,"depth_near_ask in [190, 243] AND cancel_rate_ask in [2.2, 3.8]"
depth_near_ask,cancel_rate_ask,2,3,132,0.8939393939393939,5.698863636363637,189.0,243.0,209.0,3.8,6.6,4.8,0.6579031673114121,0.6452022888459058,"depth_near_ask in [189, 243] AND cancel_rate_ask in [3.8, 6.6]"
depth_near_ask,cancel_rate_ask,2,4,88,0.9204545454545454,7.409090909090909,190.0,243.0,210.5,6.6,88.8,9.7,0.7109695357833656,0.6645793036750484,"depth_near_ask in [190, 243] AND cancel_rate_ask in [6.6, 88.8]"
depth_near_ask,cancel_rate_ask,3,0,177,0.8135593220338984,3.371468926553672,243.0,315.0,282.0,0.0,1.0,0.6,0.559422256280803,0.5871877629522779,"depth_near_ask in [243, 315] AND cancel_rate_ask in [0, 1]"
depth_near_ask,cancel_rate_ask,3,1,171,0.8245614035087719,3.5964912280701755,243.0,312.0,276.0,1.0,2.2,1.6,0.569695782008212,0.5933594624860022,"depth_near_ask in [243, 312] AND cancel_rate_ask in [1, 2.2]"
depth_near_ask,cancel_rate_ask,3,2,139,0.8776978417266187,4.93705035971223,243.0,313.0,271.0,2.2,3.8,2.8,0.6269097275371193,0.6263133323128731,"depth_near_ask in [243, 313] AND cancel_rate_ask in [2.2, 3.8]"
depth_near_ask,cancel_rate_ask,3,3,91,0.8681318681318682,5.09065934065934,244.0,314.0,271.0,3.8,6.6,4.8,0.6075558218377367,0.5939642272620996,"depth_near_ask in [244, 314] AND cancel_rate_ask in [3.8, 6.6]"
depth_near_ask,cancel_rate_ask,3,4,43,0.9767441860465116,5.209302325581396,243.0,313.0,270.0,6.6,83.0,8.0,0.6401583374567047,0.620004948045522,"depth_near_ask in [243, 313] AND cancel_rate_ask in [6.6, 83]"
depth_near_ask,cancel_rate_ask,4,0,270,0.7851851851851852,2.748148148148148,315.0,945.0,376.0,0.0,1.0,0.4,0.5644121355397951,0.6198959810874705,"depth_near_ask in [315, 945] AND cancel_rate_ask in [0, 1]"
depth_near_ask,cancel_rate_ask,4,1,187,0.8181818181818182,3.3622994652406417,315.0,892.0,376.0,1.0,2.2,1.6,0.5654367675503471,0.5956986005233815,"depth_near_ask in [315, 892] AND cancel_rate_ask in [1, 2.2]"
depth_near_ask,cancel_rate_ask,4,2,84,0.8690476190476191,4.627976190476191,316.0,1005.0,366.0,2.2,3.8,2.8,0.5887952760891592,0.5807003546099291,"depth_near_ask in [316, 1005] AND cancel_rate_ask in [2.2, 3.8]"
depth_near_ask,cancel_rate_ask,4,3,54,0.8518518518518519,4.763888888888889,315.0,1285.0,371.5,3.8,6.6,4.6,0.5730481678486998,0.5556717888100867,"depth_near_ask in [315, 1285] AND cancel_rate_ask in [3.8, 6.6]"
depth_near_ask,cancel_rate_ask,4,4,26,0.8461538461538461,4.951923076923077,327.0,1170.0,397.5,7.0,65.8,11.9,0.5651503682487725,0.5387111292962357,"depth_near_ask in [327, 1170] AND cancel_rate_ask in [7, 65.8]"
cancel_rate_ask,cancel_ratio,0,0,470,0.8021276595744681,3.0601063829787236,0.0,1.0,0.4,0.0,0.03070175438596491,0.017744919245857332,0.6680611702127659,0.7622659574468085,"cancel_rate_ask in [0, 1] AND cancel_ratio in [0, 0.0307018]"
cancel_rate_ask,cancel_ratio,0,1,97,0.7731958762886598,3.1829896907216493,0.0,1.0,0.8,0.030848329048843187,0.04497354497354497,0.03664921465968586,0.5006193792498356,0.5121726255757841,"cancel_rate_ask in [0, 1] AND cancel_ratio in [0.0308483, 0.0449735]"
cancel_rate_ask,cancel_ratio,0,2,28,0.75,3.3214285714285716,0.2,1.0,0.9,0.04519774011299435,0.05825242718446602,0.048345918734268245,0.46566489361702135,0.4593009118541034,"cancel_rate_ask in [0.2, 1] AND cancel_ratio in [0.0451977, 0.0582524]"
cancel_rate_ask,cancel_ratio,0,3,9,0.6666666666666666,2.611111111111111,0.2,1.0,0.4,0.060085836909871244,0.07692307692307693,0.0707070707070707,0.39521867612293143,0.3913002364066194,"cancel_rate_ask in [0.2, 1] AND cancel_ratio in [0.0600858, 0.0769231]"
cancel_rate_ask,cancel_ratio,0,4,18,0.7222222222222222,2.0833333333333335,0.0,1.0,0.6,0.08163265306122448,0.46743635287152163,0.13484848484848483,0.4055762411347518,0.41426713947990546,"cancel_rate_ask in [0, 1] AND cancel_ratio in [0.0816327, 0.467436]"
cancel_rate_ask,cancel_ratio,1,0,117,0.811965811965812,4.277777777777778,1.0,2.2,1.4,0.012048192771084338,0.030797101449275364,0.02586206896551724,0.5648940716493909,0.5662193126022913,"cancel_rate_ask in [1, 2.2] AND cancel_ratio in [0.0120482, 0.0307971]"
cancel_rate_ask,cancel_ratio,1,1,280,0.825,3.799107142857143,1.0,2.2,1.6,0.030837004405286344,0.04491017964071856,0.0374037856416711,0.6233676861702127,0.667205547112462,"cancel_rate_ask in [1, 2.2] AND cancel_ratio in [0.030837, 0.0449102]"
cancel_rate_ask,cancel_ratio,1,2,157,0.8407643312101911,3.888535031847134,1.0,2.2,1.8,0.044989775051124746,0.0599250936329588,0.050788091068301226,0.5812511857975335,0.598365632199485,"cancel_rate_ask in [1, 2.2] AND cancel_ratio in [0.0449898, 0.0599251]"
cancel_rate_ask,cancel_ratio,1,3,46,0.9130434782608695,4.179347826086956,1.2,2.2,1.8,0.060126582278481014,0.0798611111111111,0.06503458227596158,0.5767212072155412,0.5694703977798334,"cancel_rate_ask in [1.2, 2.2] AND cancel_ratio in [0.0601266, 0.0798611]"
cancel_rate_ask,cancel_ratio,1,4,21,0.8095238095238095,4.761904761904762,1.0,2.2,1.8,0.08108108108108109,0.37013574660633486,0.10426540284360189,0.5398885511651469,0.5134042553191489,"cancel_rate_ask in [1, 2.2] AND cancel_ratio in [0.0810811, 0.370136]"
cancel_rate_ask,cancel_ratio,2,0,24,0.6666666666666666,4.34375,2.2,3.8,2.6,0.02,0.030723488602576808,0.027717712907718114,0.4622440159574468,0.4355274822695035,"cancel_rate_ask in [2.2, 3.8] AND cancel_ratio in [0.02, 0.0307235]"
cancel_rate_ask,cancel_ratio,2,1,168,0.8571428571428571,5.004464285714286,2.2,3.8,2.8,0.030800821355236138,0.044964028776978415,0.03935795171284097,0.6323598974164133,0.6358947568389057,"cancel_rate_ask in [2.2, 3.8] AND cancel_ratio in [0.0308008, 0.044964]"
cancel_rate_ask,cancel_ratio,2,2,188,0.898936170212766,4.941489361702128,2.2,3.8,2.8,0.04499274310595065,0.059961315280464215,0.05228724982161135,0.6574734042553192,0.6682978723404255,"cancel_rate_ask in [2.2, 3.8] AND cancel_ratio in [0.0449927, 0.0599613]"
cancel_rate_ask,cancel_ratio,2,3,175,0.8914285714285715,5.1657142857142855,2.2,3.8,3.0,0.06,0.08083140877598152,0.06776180698151951,0.6564109422492401,0.6607306990881459,"cancel_rate_ask in [2.2, 3.8] AND cancel_ratio in [0.06, 0.0808314]"
cancel_rate_ask,cancel_ratio,2,4,67,0.835820895522388,5.246268656716418,2.2,3.6,3.2,0.08130081300813008,0.3563368055555556,0.09176470588235294,0.5882494442680216,0.5656017783423309,"cancel_rate_ask in [2.2, 3.6] AND cancel_ratio in [0.0813008, 0.356337]"
cancel_rate_ask,cancel_ratio,3,0,8,0.75,4.0625,4.2,5.6,4.8,0.026,0.029462738301559793,0.02758593688826247,0.483091755319149,0.4613563829787234,"cancel_rate_ask in [4.2, 5.6] AND cancel_ratio in [0.026, 0.0294627]"
cancel_rate_ask,cancel_ratio,3,1,62,0.8548387096774194,4.185483870967742,3.8,6.4,4.6,0.03220478943022296,0.044794188861985475,0.041476354787881205,0.557552333562114,0.5507035003431708,"cancel_rate_ask in [3.8, 6.4] AND cancel_ratio in [0.0322048, 0.0447942]"
cancel_rate_ask,cancel_ratio,3,2,175,0.92,6.49,3.8,6.6,4.8,0.04498269896193772,0.059964726631393295,0.05281090289608177,0.7156180851063829,0.7015021276595744,"cancel_rate_ask in [3.8, 6.6] AND cancel_ratio in [0.0449827, 0.0599647]"
cancel_rate_ask,cancel_ratio,3,3,206,0.8689320388349514,6.165048543689321,3.8,6.6,5.0,0.06,0.08083832335329341,0.069765161274126,0.6944556909729395,0.6892563519933897,"cancel_rate_ask in [3.8, 6.6] AND cancel_ratio in [0.06, 0.0808383]"
cancel_rate_ask,cancel_ratio,3,4,170,0.8764705882352941,6.464705882352941,3.8,6.6,5.0,0.08087291399229782,0.3576,0.09607046182799488,0.6930168961201502,0.6760400500625782,"cancel_rate_ask in [3.8, 6.6] AND cancel_ratio in [0.0808729, 0.3576]"
cancel_rate_ask,cancel_ratio,4,0,3,0.3333333333333333,1.0833333333333333,8.4,47.6,11.0,0.017283675289919715,0.029411764705882353,0.027522935779816515,0.1891932624113475,0.1902482269503546,"cancel_rate_ask in [8.4, 47.6] AND cancel_ratio in [0.0172837, 0.0294118]"
cancel_rate_ask,cancel_ratio,4,1,14,0.9285714285714286,5.535714285714286,6.6,11.8,7.8,0.035269709543568464,0.044420368364030335,0.042116107756275396,0.6175645896656535,0.583936170212766,"cancel_rate_ask in [6.6, 11.8] AND cancel_ratio in [0.0352697, 0.0444204]"
cancel_rate_ask,cancel_ratio,4,2,74,0.8918918918918919,5.902027027027027,6.6,21.6,8.2,0.045064377682403435,0.05971563981042654,0.05462297117772772,0.639411658999425,0.611220529039678,"cancel_rate_ask in [6.6, 21.6] AND cancel_ratio in [0.0450644, 0.0597156]"
cancel_rate_ask,cancel_ratio,4,3,185,0.9351351351351351,8.195945945945946,6.6,65.8,10.2,0.060191518467852256,0.08070175438596491,0.07104247104247104,0.786392323174238,0.7495715928694653,"cancel_rate_ask in [6.6, 65.8] AND cancel_ratio in [0.0601915, 0.0807018]"
cancel_rate_ask,cancel_ratio,4,4,345,0.9594202898550724,10.834782608695653,6.6,427.0,12.6,0.08090258668134287,0.4956521739130435,0.10479797979797979,0.9577650323774283,0.916618563058896,"cancel_rate_ask in [6.6, 427] AND cancel_ratio in [0.0809026, 0.495652]"
realized_volatility_30s,depth_mid_ask,0,0,42,0.7142857142857143,3.1845238095238093,5.456597135330645e-05,0.00025075326657711833,0.00015632313841541182,24.0,148.0,97.5,0.4507592451874367,0.4476418439716312,"realized_volatility_30s in [5.4566e-05, 0.000250753] AND depth_mid_ask in [24, 148]"
realized_volatility_30s,depth_mid_ask,0,1,59,0.7796610169491526,3.580508474576271,8.142908051077713e-05,0.0002509567304344844,0.00022528089180181578,150.0,215.0,196.0,0.5012716372160115,0.4991002524341868,"realized_volatility_30s in [8.14291e-05, 0.000250957] AND depth_mid_ask in [150, 215]"
realized_volatility_30s,depth_mid_ask,0,2,122,0.7540983606557377,3.0614754098360657,8.295743251949075e-05,0.0002503521427551469,0.00020971518386023056,215.0,270.0,244.5,0.49841079525636556,0.5161510289501221,"realized_volatility_30s in [8.29574e-05, 0.000250352] AND depth_mid_ask in [215, 270]"
realized_volatility_30s,depth_mid_ask,0,3,169,0.8047337278106509,3.0961538461538463,4.472371923202185e-05,0.00025049337815579597,0.00020503113620083687,271.0,359.0,308.0,0.5424104557471988,0.5721622812539343,"realized_volatility_30s in [4.47237e-05, 0.000250493] AND depth_mid_ask in [271, 359]"
realized_volatility_30s,depth_mid_ask,0,4,231,0.7878787878787878,2.5,9.179275795679312e-05,0.0002510069166308152,0.00020503315446886343,361.0,1195.0,450.0,0.54034332688588,0.5913862024500323,"realized_volatility_30s in [9.17928e-05, 0.000251007] AND depth_mid_ask in [361, 1195]"
realized_volatility_30s,depth_mid_ask,1,0,41,0.9024390243902439,5.664634146341464,0.00025395929194249264,0.0003221546020628605,0.00029223825815258536,37.0,148.0,128.0,0.6218065646081993,0.5906824078879087,"realized_volatility_30s in [0.000253959, 0.000322155] AND depth_mid_ask in [37, 148]"
realized_volatility_30s,depth_mid_ask,1,1,117,0.8803418803418803,5.39957264957265,0.00025304280158710993,0.0003246297508022331,0.0002957017346787379,150.0,215.0,187.0,0.634926122931442,0.622843244226223,"realized_volatility_30s in [0.000253043, 0.00032463] AND depth_mid_ask in [150, 215]"
realized_volatility_30s,depth_mid_ask,1,2,179,0.8324022346368715,4.389664804469274,0.00025155209312427906,0.00032361600345434476,0.0002861278495889803,216.0,271.0,245.0,0.6043894865089743,0.6182497325567574,"realized_volatility_30s in [0.000251552, 0.000323616] AND depth_mid_ask in [216, 271]"
realized_volatility_30s,depth_mid_ask,1,3,145,0.8620689655172413,3.6775862068965517,0.00025152586866507786,0.00032442200042600243,0.0002908443193024032,271.0,360.0,312.0,0.5783486793837124,0.5971393983859133,"realized_volatility_30s in [0.000251526, 0.000324422] AND depth_mid_ask in [271, 360]"
realized_volatility_30s,depth_mid_ask,1,4,141,0.7872340425531915,3.4202127659574466,0.0002511458293971085,0.0003243673894865727,0.0002905283553108932,361.0,1666.0,425.0,0.5339627659574468,0.5520212765957447,"realized_volatility_30s in [0.000251146, 0.000324367] AND depth_mid_ask in [361, 1666]"
realized_volatility_30s,depth_mid_ask,2,0,85,0.9176470588235294,5.9147058823529415,0.00032481390582592286,0.0003982111483021183,0.00036393070994149,37.0,149.0,133.0,0.6561260951188986,0.6313729662077597,"realized_volatility_30s in [0.000324814, 0.000398211] AND depth_mid_ask in [37, 149]"
realized_volatility_30s,depth_mid_ask,2,1,167,0.8982035928143712,5.8937125748503,0.00032512098317854376,0.0003981263175826739,0.0003581526052107213,151.0,215.0,186.0,0.6815353866734616,0.6735717925850427,"realized_volatility_30s in [0.000325121, 0.000398126] AND depth_mid_ask in [151, 215]"
realized_volatility_30s,depth_mid_ask,2,2,135,0.8666666666666667,4.616666666666666,0.00032615522156101206,0.00039719417552008205,0.0003580062295881742,216.0,270.0,238.0,0.6090301418439716,0.6118368794326242,"realized_volatility_30s in [0.000326155, 0.000397194] AND depth_mid_ask in [216, 270]"
realized_volatility_30s,depth_mid_ask,2,3,128,0.890625,4.208984375,0.000326020760323085,0.0003972050030174116,0.00035825536248321974,271.0,360.0,306.5,0.602563788231383,0.6111943151595745,"realized_volatility_30s in [0.000326021, 0.000397205] AND depth_mid_ask in [271, 360]"
realized_volatility_30s,depth_mid_ask,2,4,108,0.8240740740740741,3.6087962962962963,0.0003248997967606159,0.0003963871995562312,0.0003589270881570224,361.0,793.0,421.0,0.5430986505122144,0.5531491331757289,"realized_volatility_30s in [0.0003249, 0.000396387] AND depth_mid_ask in [361, 793]"
realized_volatility_30s,depth_mid_ask,3,0,143,0.8811188811188811,8.166083916083917,0.00039868858797941967,0.0005139187151130122,0.0004594883898933424,24.0,150.0,126.0,0.7431674973962208,0.6951577146257998,"realized_volatility_30s in [0.000398689, 0.000513919] AND depth_mid_ask in [24, 150]"
realized_volatility_30s,depth_mid_ask,3,1,179,0.9497206703910615,6.66340782122905,0.0003987558116902949,0.000513939247629099,0.0004487551400414069,150.0,215.0,185.0,0.7367637881849519,0.7223838107690479,"realized_volatility_30s in [0.000398756, 0.000513939] AND depth_mid_ask in [150, 215]"
realized_volatility_30s,depth_mid_ask,3,2,105,0.9333333333333333,6.6380952380952385,0.0003985102834883045,0.0005136074190791718,0.0004326532425079443,216.0,270.0,244.0,0.6970141843971632,0.6664498480243161,"realized_volatility_30s in [0.00039851, 0.000513607] AND depth_mid_ask in [216, 270]"
realized_volatility_30s,depth_mid_ask,3,3,115,0.8869565217391304,4.771739130434782,0.00039849985238731017,0.0005126027999343928,0.00044687714588031394,272.0,360.0,314.0,0.615077474560592,0.6123172987974098,"realized_volatility_30s in [0.0003985, 0.000512603] AND depth_mid_ask in [272, 360]"
realized_volatility_30s,depth_mid_ask,3,4,81,0.7654320987654321,4.021604938271605,0.0003989497614595606,0.0005074523838733514,0.0004418092319045363,362.0,1045.0,416.0,0.5196687023903336,0.5148502758077226,"realized_volatility_30s in [0.00039895, 0.000507452] AND depth_mid_ask in [362, 1045]"
realized_volatility_30s,depth_mid_ask,4,0,312,0.9487179487179487,11.648237179487179,0.0005141913490803902,0.005940368565525857,0.0006931605109321303,7.0,150.0,96.0,0.9673773356519366,0.9064726541189307,"realized_volatility_30s in [0.000514191, 0.00594037] AND depth_mid_ask in [7, 150]"
realized_volatility_30s,depth_mid_ask,4,1,101,0.900990099009901,7.4183168316831685,0.0005140191663924154,0.0019480628274722539,0.0005963539729840176,151.0,215.0,183.0,0.7080653570676216,0.6633294712449969,"realized_volatility_30s in [0.000514019, 0.00194806] AND depth_mid_ask in [151, 215]"
realized_volatility_30s,depth_mid_ask,4,2,82,0.8902439024390244,7.112804878048781,0.000514151693070446,0.001016634935582664,0.0006010117592049408,217.0,268.0,238.5,0.6844515438505449,0.6397184743124027,"realized_volatility_30s in [0.000514152, 0.00101663] AND depth_mid_ask in [217, 268]"
realized_volatility_30s,depth_mid_ask,4,3,66,0.8939393939393939,6.136363636363637,0.0005151810371883263,0.002059599893361342,0.0005840152648602498,272.0,358.0,310.0,0.6451305609284332,0.6118246292714378,"realized_volatility_30s in [0.000515181, 0.0020596] AND depth_mid_ask in [272, 358]"
realized_volatility_30s,depth_mid_ask,4,4,62,0.8387096774193549,4.362903225806452,0.0005186796407184534,0.0021637183700830326,0.0006015759821460925,361.0,1627.0,435.5,0.5565039464653397,0.5461873713109128,"realized_volatility_30s in [0.00051868, 0.00216372] AND depth_mid_ask in [361, 1627]"
cancel_rate_ask,bid_depth_curvature,0,0,210,0.8285714285714286,2.830952380952381,0.0,1.0,0.6,-74.0,-17.875,-21.8125,0.5613021783181358,0.6049473150962513,"cancel_rate_ask in [0, 1] AND bid_depth_curvature in [-74, -17.875]"
cancel_rate_ask,bid_depth_curvature,0,1,158,0.7025316455696202,2.5617088607594938,0.0,1.0,0.4,-17.875,-13.0,-15.5625,0.4730330931861029,0.5033510638297872,"cancel_rate_ask in [0, 1] AND bid_depth_curvature in [-17.875, -13]"
cancel_rate_ask,bid_depth_curvature,0,2,125,0.88,3.78,0.0,1.0,0.6,-13.0,-9.75,-11.5,0.5814914893617021,0.5953872340425532,"cancel_rate_ask in [0, 1] AND bid_depth_curvature in [-13, -9.75]"
cancel_rate_ask,bid_depth_curvature,0,3,72,0.7916666666666666,3.173611111111111,0.0,1.0,0.6,-9.75,-6.625,-8.75,0.4979646867612293,0.5052630023640662,"cancel_rate_ask in [0, 1] AND bid_depth_curvature in [-9.75, -6.625]"
cancel_rate_ask,bid_depth_curvature,0,4,57,0.7017543859649122,3.5219298245614037,0.0,1.0,0.4,-6.625,8.0,-3.875,0.4633123366927958,0.45769876819708843,"cancel_rate_ask in [0, 1] AND bid_depth_curvature in [-6.625, 8]"
cancel_rate_ask,bid_depth_curvature,1,0,175,0.8114285714285714,3.41,1.0,2.2,1.6,-63.25,-17.875,-22.0,0.5589609422492401,0.5856164133738602,"cancel_rate_ask in [1, 2.2] AND bid_depth_curvature in [-63.25, -17.875]"
cancel_rate_ask,bid_depth_curvature,1,1,167,0.8323353293413174,3.9850299401197606,1.0,2.2,1.6,-17.75,-13.0,-15.375,0.5850907758950185,0.602464008153905,"cancel_rate_ask in [1, 2.2] AND bid_depth_curvature in [-17.75, -13]"
cancel_rate_ask,bid_depth_curvature,1,2,131,0.8396946564885496,3.881679389312977,1.0,2.2,1.6,-13.0,-9.875,-11.5,0.5694660548968654,0.5810979373071301,"cancel_rate_ask in [1, 2.2] AND bid_depth_curvature in [-13, -9.875]"
cancel_rate_ask,bid_depth_curvature,1,3,101,0.8217821782178217,4.589108910891089,1.0,2.2,1.6,-9.75,-6.75,-8.375,0.5733995154834632,0.5671413524331157,"cancel_rate_ask in [1, 2.2] AND bid_depth_curvature in [-9.75, -6.75]"
cancel_rate_ask,bid_depth_curvature,1,4,47,0.9148936170212766,4.952127659574468,1.0,2.2,1.6,-6.625,4.0,-5.375,0.6050265957446809,0.5864893617021276,"cancel_rate_ask in [1, 2.2] AND bid_depth_curvature in [-6.625, 4]"
cancel_rate_ask,bid_depth_curvature,2,0,116,0.8448275862068966,4.344827586206897,2.2,3.8,2.8,-54.625,-17.875,-20.8125,0.5816030814380044,0.5833528980190755,"cancel_rate_ask in [2.2, 3.8] AND bid_depth_curvature in [-54.625, -17.875]"
cancel_rate_ask,bid_depth_curvature,2,1,126,0.8412698412698413,4.803571428571429,2.2,3.8,3.0,-17.875,-13.0,-15.125,0.6003134498480243,0.5971318811212429,"cancel_rate_ask in [2.2, 3.8] AND bid_depth_curvature in [-17.875, -13]"
cancel_rate_ask,bid_depth_curvature,2,2,145,0.9103448275862069,5.6017241379310345,2.2,3.8,2.8,-13.0,-9.75,-11.0,0.6674176449009538,0.6597600880410859,"cancel_rate_ask in [2.2, 3.8] AND bid_depth_curvature in [-13, -9.75]"
cancel_rate_ask,bid_depth_curvature,2,3,152,0.868421052631579,4.833881578947368,2.2,3.8,2.9,-9.75,-6.625,-8.25,0.6246561800111983,0.6279094344904815,"cancel_rate_ask in [2.2, 3.8] AND bid_depth_curvature in [-9.75, -6.625]"
cancel_rate_ask,bid_depth_curvature,2,4,83,0.8795180722891566,5.701807228915663,2.2,3.8,3.0,-6.625,19.375,-5.375,0.6306655344783388,0.6067739041271469,"cancel_rate_ask in [2.2, 3.8] AND bid_depth_curvature in [-6.625, 19.375]"
cancel_rate_ask,bid_depth_curvature,3,0,72,0.8888888888888888,4.951388888888889,3.8,6.6,4.8,-78.875,-17.875,-21.625,0.6039369089834515,0.5894296690307329,"cancel_rate_ask in [3.8, 6.6] AND bid_depth_curvature in [-78.875, -17.875]"
cancel_rate_ask,bid_depth_curvature,3,1,110,0.8636363636363636,5.4772727272727275,3.8,6.6,4.8,-17.75,-13.0,-14.625,0.6271494197292069,0.6115764023210832,"cancel_rate_ask in [3.8, 6.6] AND bid_depth_curvature in [-17.75, -13]"
cancel_rate_ask,bid_depth_curvature,3,2,127,0.889763779527559,5.7047244094488185,3.8,6.6,4.8,-12.875,-9.75,-11.125,0.6541016083095995,0.6400402077399899,"cancel_rate_ask in [3.8, 6.6] AND bid_depth_curvature in [-12.875, -9.75]"
cancel_rate_ask,bid_depth_curvature,3,3,155,0.8580645161290322,6.203225806451613,3.8,6.6,4.8,-9.75,-6.625,-8.125,0.6691993822923816,0.6520329444063143,"cancel_rate_ask in [3.8, 6.6] AND bid_depth_curvature in [-9.75, -6.625]"
cancel_rate_ask,bid_depth_curvature,3,4,157,0.910828025477707,7.335987261146497,3.8,6.6,4.8,-6.625,56.875,-5.25,0.7334406762433934,0.7023465239192302,"cancel_rate_ask in [3.8, 6.6] AND bid_depth_curvature in [-6.625, 56.875]"
cancel_rate_ask,bid_depth_curvature,4,0,49,0.9387755102040817,7.198979591836735,6.6,65.8,10.6,-53.125,-17.875,-25.75,0.6952643291359096,0.6446439426834564,"cancel_rate_ask in [6.6, 65.8] AND bid_depth_curvature in [-53.125, -17.875]"
cancel_rate_ask,bid_depth_curvature,4,1,60,0.8666666666666667,6.979166666666667,6.6,88.8,8.7,-17.875,-13.0,-15.1875,0.6598027482269504,0.6112145390070922,"cancel_rate_ask in [6.6, 88.8] AND bid_depth_curvature in [-17.875, -13]"
cancel_rate_ask,bid_depth_curvature,4,2,94,0.925531914893617,6.199468085106383,6.6,82.0,10.1,-12.875,-9.75,-11.0,0.6734707446808511,0.6467553191489361,"cancel_rate_ask in [6.6, 82] AND bid_depth_curvature in [-12.875, -9.75]"
cancel_rate_ask,bid_depth_curvature,4,3,141,0.9716312056737588,8.322695035460994,6.6,83.0,10.0,-9.75,-6.625,-8.125,0.7885283687943263,0.7422695035460992,"cancel_rate_ask in [6.6, 83] AND bid_depth_curvature in [-9.75, -6.625]"
cancel_rate_ask,bid_depth_curvature,4,4,277,0.9458483754512635,11.711191335740072,6.6,427.0,12.2,-6.625,11.5,-4.375,0.953395806129503,0.883956525078731,"cancel_rate_ask in [6.6, 427] AND bid_depth_curvature in [-6.625, 11.5]"
queue_imbalance_std_5s,cancel_ratio,0,0,288,0.7881944444444444,3.2135416666666665,0.0,0.07388576466177646,0.05155359699480959,0.0,0.030732860520094562,0.01812705366922234,0.5897146498226951,0.6421978427895981,"queue_imbalance_std_5s in [0, 0.0738858] AND cancel_ratio in [0, 0.0307329]"
queue_imbalance_std_5s,cancel_ratio,0,1,149,0.8389261744966443,4.031879194630872,0.020321297034763076,0.07393155493155236,0.05604202513694469,0.030848329048843187,0.044472681067344345,0.03759398496240601,0.5820368056547194,0.595207054119663,"queue_imbalance_std_5s in [0.0203213, 0.0739316] AND cancel_ratio in [0.0308483, 0.0444727]"
queue_imbalance_std_5s,cancel_ratio,0,2,86,0.8372093023255814,3.822674418604651,0.025276699455945406,0.07347538836977163,0.05670762336376861,0.044989775051124746,0.0599250936329588,0.05082055421038472,0.5471335353785255,0.5499517565561604,"queue_imbalance_std_5s in [0.0252767, 0.0734754] AND cancel_ratio in [0.0449898, 0.0599251]"
queue_imbalance_std_5s,cancel_ratio,0,3,67,0.8805970149253731,3.9776119402985075,0.015447181342704064,0.07393077261754072,0.05807818862307966,0.060324825986078884,0.08040201005025126,0.06793478260869565,0.563995712924738,0.5626167037154652,"queue_imbalance_std_5s in [0.0154472, 0.0739308] AND cancel_ratio in [0.0603248, 0.080402]"
queue_imbalance_std_5s,cancel_ratio,0,4,32,0.71875,3.484375,0.006356485883162086,0.07201673230774527,0.05853205627140145,0.08110236220472442,0.4956521739130435,0.09561904761904762,0.45900764627659574,0.4494880319148936,"queue_imbalance_std_5s in [0.00635649, 0.0720167] AND cancel_ratio in [0.0811024, 0.495652]"
queue_imbalance_std_5s,cancel_ratio,1,0,151,0.8675496688741722,3.506622516556291,0.07422058554113754,0.10571223246575476,0.08809875013198078,0.0,0.030612244897959183,0.020370370370370372,0.5773844582217837,0.6002902634916162,"queue_imbalance_std_5s in [0.0742206, 0.105712] AND cancel_ratio in [0, 0.0306122]"
queue_imbalance_std_5s,cancel_ratio,1,1,164,0.7865853658536586,3.9969512195121952,0.07393521197489276,0.10568722242942724,0.08932803401820616,0.030800821355236138,0.04497354497354497,0.03808513273408882,0.5636439413596264,0.5779125583809029,"queue_imbalance_std_5s in [0.0739352, 0.105687] AND cancel_ratio in [0.0308008, 0.0449735]"
queue_imbalance_std_5s,cancel_ratio,1,2,154,0.8896103896103896,4.597402597402597,0.07444914971510667,0.10575667216258834,0.09089963733775941,0.04498269896193772,0.059964726631393295,0.05180329056882217,0.6267656811273833,0.6350511190936723,"queue_imbalance_std_5s in [0.0744491, 0.105757] AND cancel_ratio in [0.0449827, 0.0599647]"
queue_imbalance_std_5s,cancel_ratio,1,3,101,0.8316831683168316,4.373762376237623,0.07396578302536981,0.10580376045686153,0.09105397979374504,0.06,0.08062234794908062,0.0683371298405467,0.5703178323151464,0.5677849167895513,"queue_imbalance_std_5s in [0.0739658, 0.105804] AND cancel_ratio in [0.06, 0.0806223]"
queue_imbalance_std_5s,cancel_ratio,1,4,51,0.8431372549019608,5.509803921568627,0.07502134640463516,0.10533389520572935,0.0944509320238764,0.08087291399229782,0.3526058631921824,0.09230769230769231,0.5939570296203588,0.5643178973717147,"queue_imbalance_std_5s in [0.0750213, 0.105334] AND cancel_ratio in [0.0808729, 0.352606]"
queue_imbalance_std_5s,cancel_ratio,2,0,107,0.7383177570093458,3.3014018691588785,0.10612702867888128,0.14033426471696006,0.11934443039316898,0.005235602094240838,0.030797101449275364,0.02391118701964133,0.4933239709683834,0.503484788228276,"queue_imbalance_std_5s in [0.106127, 0.140334] AND cancel_ratio in [0.0052356, 0.0307971]"
queue_imbalance_std_5s,cancel_ratio,2,1,140,0.8571428571428571,4.021428571428571,0.10601887764412128,0.14170562895709213,0.12140553356884547,0.031055900621118012,0.04470198675496689,0.03775314170406996,0.586038753799392,0.5983617021276596,"queue_imbalance_std_5s in [0.106019, 0.141706] AND cancel_ratio in [0.0310559, 0.044702]"
queue_imbalance_std_5s,cancel_ratio,2,2,151,0.8741721854304636,5.561258278145695,0.10589588390722937,0.14169713091194364,0.122165059184712,0.04514363885088919,0.05994787141615986,0.052669039145907474,0.6522768423277441,0.64469423700155,"queue_imbalance_std_5s in [0.105896, 0.141697] AND cancel_ratio in [0.0451436, 0.0599479]"
queue_imbalance_std_5s,cancel_ratio,2,3,127,0.8582677165354331,5.996062992125984,0.10659346199930668,0.14163293776801852,0.12482152161115842,0.06,0.08083832335329341,0.06944444444444445,0.6501252303568437,0.6301189478974702,"queue_imbalance_std_5s in [0.106593, 0.141633] AND cancel_ratio in [0.06, 0.0808383]"
queue_imbalance_std_5s,cancel_ratio,2,4,97,0.9484536082474226,7.608247422680412,0.10587585587688712,0.1414178367169795,0.12315381733091163,0.08090258668134287,0.3644289450741064,0.09567617295308188,0.7343693792498355,0.6883066461943409,"queue_imbalance_std_5s in [0.105876, 0.141418] AND cancel_ratio in [0.0809026, 0.364429]"
queue_imbalance_std_5s,cancel_ratio,3,0,55,0.8,3.7363636363636363,0.14172267408684677,0.19133377352292485,0.15664663671146428,0.005434782608695652,0.030303030303030304,0.023554603854389723,0.5141769825918763,0.5098336557059961,"queue_imbalance_std_5s in [0.141723, 0.191334] AND cancel_ratio in [0.00543478, 0.030303]"
queue_imbalance_std_5s,cancel_ratio,3,1,103,0.8349514563106796,4.25,0.14178915111403942,0.19492777447464177,0.16210939876197608,0.03249630723781388,0.04487179487179487,0.03986710963455149,0.5683079425738483,0.5682204090064036,"queue_imbalance_std_5s in [0.141789, 0.194928] AND cancel_ratio in [0.0324963, 0.0448718]"
queue_imbalance_std_5s,cancel_ratio,3,2,143,0.9020979020979021,5.531468531468532,0.14175469141803976,0.1954087349705782,0.163847400104201,0.045454545454545456,0.0599250936329588,0.05299015897047691,0.6603965183752418,0.6529549174230025,"queue_imbalance_std_5s in [0.141755, 0.195409] AND cancel_ratio in [0.0454545, 0.0599251]"
queue_imbalance_std_5s,cancel_ratio,3,3,164,0.9390243902439024,6.884146341463414,0.14209585362261276,0.1943138056788442,0.16515314995524208,0.06009615384615385,0.08083140877598152,0.06864691692445785,0.7332933316035287,0.7118759730150492,"queue_imbalance_std_5s in [0.142096, 0.194314] AND cancel_ratio in [0.0600962, 0.0808314]"
queue_imbalance_std_5s,cancel_ratio,3,4,156,0.8910256410256411,7.043269230769231,0.1417910220403061,0.19554601738127733,0.1654483090710226,0.08133472367049009,0.2939118264520644,0.09944747595292212,0.7138589402618658,0.6859526732133115,"queue_imbalance_std_5s in [0.141791, 0.195546] AND cancel_ratio in [0.0813347, 0.293912]"
queue_imbalance_std_5s,cancel_ratio,4,0,21,0.6666666666666666,3.0952380952380953,0.19972236932195112,0.32323872706453194,0.22587537331039542,0.01240694789081886,0.029411764705882353,0.025,0.41726950354609926,0.4086423505572442,"queue_imbalance_std_5s in [0.199722, 0.323239] AND cancel_ratio in [0.0124069, 0.0294118]"
queue_imbalance_std_5s,cancel_ratio,4,1,65,0.8615384615384616,4.5115384615384615,0.1957454197293659,0.4214395974901016,0.22618766243334576,0.031578947368421054,0.04481792717086835,0.039660056657223795,0.573255728314239,0.5624893617021277,"queue_imbalance_std_5s in [0.195745, 0.42144] AND cancel_ratio in [0.0315789, 0.0448179]"
queue_imbalance_std_5s,cancel_ratio,4,2,88,0.8977272727272727,6.107954545454546,0.1959034779760201,0.38847326803310833,0.21942409753702768,0.045278137128072445,0.05964912280701754,0.05263157894736842,0.6552024903288202,0.6271929400386848,"queue_imbalance_std_5s in [0.195903, 0.388473] AND cancel_ratio in [0.0452781, 0.0596491]"
queue_imbalance_std_5s,cancel_ratio,4,3,162,0.9259259259259259,8.069444444444445,0.19563017115708833,0.4596015378301277,0.23899937436672686,0.060085836909871244,0.08061773873618588,0.0696432180191435,0.7680333924349882,0.7277561071710008,"queue_imbalance_std_5s in [0.19563, 0.459602] AND cancel_ratio in [0.0600858, 0.0806177]"
queue_imbalance_std_5s,cancel_ratio,4,4,285,0.9438596491228071,10.865789473684211,0.19565899173839865,0.6458511254366709,0.260806583112995,0.08096740273396424,0.32551358515573225,0.10578842315369262,0.9263160694288914,0.8711605076521091,"queue_imbalance_std_5s in [0.195659, 0.645851] AND cancel_ratio in [0.0809674, 0.325514]"
