iso_year,iso_week,n_trading_days_total,n_trading_days_with_trades,n_trades_week,week_start_day,week_end_day
2024,5,2,0,0,2024-02-01,2024-02-02
2024,6,5,0,0,2024-02-05,2024-02-09
2024,7,5,0,0,2024-02-12,2024-02-16
2024,8,5,0,0,2024-02-19,2024-02-23
2024,9,5,0,0,2024-02-26,2024-03-01
2024,10,5,0,0,2024-03-04,2024-03-08
2024,11,5,0,0,2024-03-11,2024-03-15
2024,12,5,0,0,2024-03-18,2024-03-22
2024,13,4,0,0,2024-03-25,2024-03-28
2024,14,5,0,0,2024-04-01,2024-04-05
2024,15,5,1,1,2024-04-08,2024-04-12
2024,16,5,0,0,2024-04-15,2024-04-19
2024,17,5,0,0,2024-04-22,2024-04-26
2024,18,5,0,0,2024-04-29,2024-05-03
2024,19,5,0,0,2024-05-06,2024-05-10
2024,20,5,0,0,2024-05-13,2024-05-17
2024,21,5,0,0,2024-05-20,2024-05-24
2024,22,5,0,0,2024-05-27,2024-05-31
2024,23,5,0,0,2024-06-03,2024-06-07
2024,24,5,0,0,2024-06-10,2024-06-14
2024,25,5,0,0,2024-06-17,2024-06-21
2024,26,5,0,0,2024-06-24,2024-06-28
2024,27,5,0,0,2024-07-01,2024-07-05
2024,28,5,0,0,2024-07-08,2024-07-12
2024,29,5,0,0,2024-07-15,2024-07-19
2024,30,5,0,0,2024-07-22,2024-07-26
2024,31,5,0,0,2024-07-29,2024-08-02
2024,32,5,3,5,2024-08-05,2024-08-09
2024,33,5,0,0,2024-08-12,2024-08-16
2024,34,5,0,0,2024-08-19,2024-08-23
2024,35,5,0,0,2024-08-26,2024-08-30
2024,36,4,0,0,2024-09-03,2024-09-06
2024,37,5,0,0,2024-09-09,2024-09-13
2024,38,5,0,0,2024-09-16,2024-09-20
2024,39,5,0,0,2024-09-23,2024-09-27
2024,40,5,0,0,2024-09-30,2024-10-04
2024,41,5,0,0,2024-10-07,2024-10-11
2024,42,5,0,0,2024-10-14,2024-10-18
2024,43,5,0,0,2024-10-21,2024-10-25
2024,44,5,0,0,2024-10-28,2024-11-01
2024,45,5,1,1,2024-11-04,2024-11-08
2024,46,5,0,0,2024-11-11,2024-11-15
2024,47,5,0,0,2024-11-18,2024-11-22
2024,48,5,0,0,2024-11-25,2024-11-29
2024,49,5,0,0,2024-12-02,2024-12-06
2024,50,5,0,0,2024-12-09,2024-12-13
2024,51,5,0,0,2024-12-16,2024-12-20
2024,52,4,0,0,2024-12-23,2024-12-27
2025,1,4,0,0,2024-12-30,2025-01-03
2025,2,4,0,0,2025-01-06,2025-01-10
2025,3,5,0,0,2025-01-13,2025-01-17
2025,4,5,0,0,2025-01-20,2025-01-24
2025,5,5,0,0,2025-01-27,2025-01-31
2025,6,5,1,1,2025-02-03,2025-02-07
2025,7,5,0,0,2025-02-10,2025-02-14
2025,8,5,0,0,2025-02-17,2025-02-21
2025,9,5,0,0,2025-02-24,2025-02-28
2025,10,5,2,6,2025-03-03,2025-03-07
2025,11,5,2,5,2025-03-10,2025-03-14
2025,12,5,3,5,2025-03-17,2025-03-21
2025,13,5,0,0,2025-03-24,2025-03-28
2025,14,5,1,2,2025-03-31,2025-04-04
2025,15,5,5,28,2025-04-07,2025-04-11
2025,16,4,4,9,2025-04-14,2025-04-17
2025,17,5,4,9,2025-04-21,2025-04-25
2025,18,5,5,6,2025-04-28,2025-05-02
2025,19,5,4,6,2025-05-05,2025-05-09
2025,20,5,0,0,2025-05-12,2025-05-16
2025,21,5,1,2,2025-05-19,2025-05-23
2025,22,5,1,1,2025-05-26,2025-05-30
2025,23,5,0,0,2025-06-02,2025-06-06
2025,24,5,1,2,2025-06-09,2025-06-13
2025,25,5,1,1,2025-06-16,2025-06-20
2025,26,5,0,0,2025-06-23,2025-06-27
2025,27,5,0,0,2025-06-30,2025-07-04
2025,28,5,0,0,2025-07-07,2025-07-11
2025,29,5,1,1,2025-07-14,2025-07-18
2025,30,5,0,0,2025-07-21,2025-07-25
2025,31,5,0,0,2025-07-28,2025-08-01
2025,32,5,0,0,2025-08-04,2025-08-08
2025,33,5,0,0,2025-08-11,2025-08-15
2025,34,5,0,0,2025-08-18,2025-08-22
2025,35,5,0,0,2025-08-25,2025-08-29
2025,36,5,0,0,2025-09-01,2025-09-05
2025,37,5,0,0,2025-09-08,2025-09-12
2025,38,5,1,3,2025-09-15,2025-09-19
2025,39,5,0,0,2025-09-22,2025-09-26
2025,40,5,0,0,2025-09-29,2025-10-03
2025,41,5,0,0,2025-10-06,2025-10-10
2025,42,5,2,4,2025-10-13,2025-10-17
2025,43,5,0,0,2025-10-20,2025-10-24
2025,44,5,0,0,2025-10-27,2025-10-31
2025,45,5,1,1,2025-11-03,2025-11-07
2025,46,5,0,0,2025-11-10,2025-11-14
2025,47,5,3,9,2025-11-17,2025-11-21
2025,48,5,1,1,2025-11-24,2025-11-28
2025,49,5,0,0,2025-12-01,2025-12-05
2025,50,5,0,0,2025-12-08,2025-12-12
2025,51,5,1,1,2025-12-15,2025-12-19
2025,52,4,0,0,2025-12-22,2025-12-26
2026,1,4,0,0,2025-12-29,2026-01-02
2026,2,5,1,1,2026-01-05,2026-01-09
2026,3,5,1,1,2026-01-12,2026-01-16
2026,4,5,0,0,2026-01-19,2026-01-23
2026,5,5,2,3,2026-01-26,2026-01-30
