event_id,date_ymd,event_ts,entry_ts,exit_ts,exit_reason_for_lockout_only,entry_delay_s,entry_price_trigger,entry_price_refined
20240410_lower_k1.0_365_2024-04-10T13:45:46.451486,2024-04-10,2024-04-10T13:45:46.451486,2024-04-10T13:46:46.411954,2024-04-10T13:51:50.402901,target,59.960468,5196.5,5195.5
20240805_lower_k1.0_938_2024-08-05T13:30:00.063411,2024-08-05,2024-08-05T13:30:00.063411,2024-08-05T13:30:00.810382,2024-08-05T13:30:04.944590,stop,0.746971,5157.75,5156.75
20240805_lower_k1.0_939_2024-08-05T14:23:38.988866,2024-08-05,2024-08-05T14:23:38.988866,2024-08-05T14:23:41.170254,2024-08-05T14:24:02.401428,target,2.181388,5202.5,5201.5
20240805_lower_k1.0_943_2024-08-05T18:16:29.332997,2024-08-05,2024-08-05T18:16:29.332997,2024-08-05T18:16:31.257965,2024-08-05T18:17:51.060911,target,1.924968,5224.75,5223.75
20240806_lower_k1.0_946_2024-08-06T13:30:00.161123,2024-08-06,2024-08-06T13:30:00.161123,2024-08-06T13:30:05.464695,2024-08-06T13:32:14.042815,target,5.303572,5235.5,5234.5
20240808_lower_k1.0_954_2024-08-08T13:30:01.644851,2024-08-08,2024-08-08T13:30:01.644851,2024-08-08T13:30:03.522974,2024-08-08T13:36:52.975927,target,1.878123,5281.25,5280.25
20241106_lower_k1.0_1358_2024-11-06T14:30:00.028729,2024-11-06,2024-11-06T14:30:00.028729,2024-11-06T14:30:01.588093,2024-11-06T14:30:37.440740,stop,1.559364,5939.0,5938.0
20250207_lower_k1.0_1771_2025-02-07T16:19:41.973127,2025-02-07,2025-02-07T16:19:41.973127,2025-02-07T16:19:42.300966,2025-02-07T16:21:29.166575,stop,0.327839,6085.5,6084.5
20250304_lower_k1.0_1886_2025-03-04T14:46:42.464109,2025-03-04,2025-03-04T14:46:42.464109,2025-03-04T14:46:43.944987,2025-03-04T14:47:18.431133,target,1.480878,5810.0,5809.0
20250304_lower_k1.0_1887_2025-03-04T16:43:24.515447,2025-03-04,2025-03-04T16:43:24.515447,2025-03-04T16:43:26.831511,2025-03-04T16:49:44.521635,target,2.316064,5774.75,5773.75
20250305_lower_k1.0_1892_2025-03-05T15:02:27.022890,2025-03-05,2025-03-05T15:02:27.022890,2025-03-05T15:02:27.563843,2025-03-05T15:02:45.310900,target,0.540953,5793.75,5792.75
20250305_lower_k1.0_1893_2025-03-05T15:18:07.443925,2025-03-05,2025-03-05T15:18:07.443925,2025-03-05T15:18:20.580269,2025-03-05T15:19:13.540087,stop,13.136344,5796.25,5795.25
20250305_lower_k1.0_1894_2025-03-05T15:36:01.100792,2025-03-05,2025-03-05T15:36:01.100792,2025-03-05T15:36:02.840276,2025-03-05T15:38:16.440578,target,1.739484,5792.5,5791.5
20250305_lower_k1.0_1896_2025-03-05T16:58:22.078547,2025-03-05,2025-03-05T16:58:22.078547,2025-03-05T16:58:31.483249,2025-03-05T16:58:44.872726,target,9.404702,5783.0,5782.0
20250311_lower_k1.0_1912_2025-03-11T14:02:06.816083,2025-03-11,2025-03-11T14:02:06.816083,2025-03-11T14:02:21.662472,2025-03-11T14:02:32.660645,stop,14.846389,5613.0,5612.0
20250311_lower_k1.0_1913_2025-03-11T15:07:40.660350,2025-03-11,2025-03-11T15:07:40.660350,2025-03-11T15:07:52.950897,2025-03-11T15:09:19.025203,target,12.290547,5589.25,5588.25
20250311_lower_k1.0_1916_2025-03-11T18:03:11.256956,2025-03-11,2025-03-11T18:03:11.256956,2025-03-11T18:03:14.422647,2025-03-11T18:03:20.815832,target,3.165691,5581.0,5580.0
20250312_lower_k1.0_1918_2025-03-12T13:30:00.028558,2025-03-12,2025-03-12T13:30:00.028558,2025-03-12T13:30:00.518453,2025-03-12T13:31:18.622756,target,0.489895,5635.75,5634.75
20250312_lower_k1.0_1919_2025-03-12T13:52:27.845712,2025-03-12,2025-03-12T13:52:27.845712,2025-03-12T13:52:29.005070,2025-03-12T13:52:45.952367,stop,1.159358,5626.5,5625.5
20250317_lower_k1.0_1939_2025-03-17T13:50:12.441853,2025-03-17,2025-03-17T13:50:12.441853,2025-03-17T13:50:16.092261,2025-03-17T13:50:38.142234,target,3.650408,5706.75,5705.75
20250317_lower_k1.0_1940_2025-03-17T14:05:17.021354,2025-03-17,2025-03-17T14:05:17.021354,2025-03-17T14:05:18.660291,2025-03-17T14:07:07.052234,target,1.638937,5710.0,5709.0
20250318_lower_k1.0_1949_2025-03-18T14:55:07.263673,2025-03-18,2025-03-18T14:55:07.263673,2025-03-18T14:55:08.342630,2025-03-18T14:58:08.953494,stop,1.078957,5676.0,5675.0
20250319_lower_k1.0_1963_2025-03-19T13:45:40.385733,2025-03-19,2025-03-19T13:45:40.385733,2025-03-19T13:45:53.140971,2025-03-19T13:46:07.692688,target,12.755238,5682.75,5681.75
20250319_lower_k1.0_1969_2025-03-19T18:00:10.057852,2025-03-19,2025-03-19T18:00:10.057852,2025-03-19T18:04:16.327260,2025-03-19T18:04:38.145875,target,246.269408,5699.25,5698.25
20250403_lower_k1.0_2019_2025-04-03T13:30:00.026471,2025-04-03,2025-04-03T13:30:00.026471,2025-04-03T13:30:00.031095,2025-04-03T13:30:12.180658,target,0.004624,5512.0,5511.0
20250403_lower_k1.0_2020_2025-04-03T13:50:12.561854,2025-04-03,2025-04-03T13:50:12.561854,2025-04-03T13:50:14.162075,2025-04-03T13:50:41.824205,target,1.600221,5521.75,5520.75
20250407_lower_k1.0_2032_2025-04-07T13:30:00.028617,2025-04-07,2025-04-07T13:30:00.028617,2025-04-07T13:30:00.028983,2025-04-07T13:30:34.262031,stop,0.000366,4941.0,4940.0
20250407_lower_k1.0_2033_2025-04-07T13:46:25.141454,2025-04-07,2025-04-07T13:46:25.141454,2025-04-07T13:46:25.578627,2025-04-07T13:46:28.261260,target,0.437173,4901.0,4900.0
20250407_lower_k1.0_2034_2025-04-07T14:29:05.580279,2025-04-07,2025-04-07T14:29:05.580279,2025-04-07T14:29:06.470103,2025-04-07T14:29:13.442239,stop,0.889824,5035.0,5034.0
20250407_lower_k1.0_2035_2025-04-07T14:44:11.236804,2025-04-07,2025-04-07T14:44:11.236804,2025-04-07T14:44:11.521027,2025-04-07T14:44:35.048491,target,0.284223,5033.5,5032.5
20250407_lower_k1.0_2036_2025-04-07T15:14:36.887869,2025-04-07,2025-04-07T15:14:36.887869,2025-04-07T15:14:36.889334,2025-04-07T15:14:38.920918,stop,0.001465,5029.5,5028.5
20250407_lower_k1.0_2037_2025-04-07T15:35:40.942077,2025-04-07,2025-04-07T15:35:40.942077,2025-04-07T15:35:41.375186,2025-04-07T15:36:00.883285,stop,0.433109,5038.5,5037.5
20250407_lower_k1.0_2038_2025-04-07T16:00:03.641303,2025-04-07,2025-04-07T16:00:03.641303,2025-04-07T16:00:03.951267,2025-04-07T16:00:11.140220,stop,0.309964,5042.25,5041.25
20250407_lower_k1.0_2039_2025-04-07T16:26:37.935316,2025-04-07,2025-04-07T16:26:37.935316,2025-04-07T16:27:45.582438,2025-04-07T16:28:39.250803,target,67.647122,5039.75,5038.5
20250407_lower_k1.0_2041_2025-04-07T17:00:08.071654,2025-04-07,2025-04-07T17:00:08.071654,2025-04-07T17:02:57.192084,2025-04-07T17:03:06.422240,target,169.12043,5034.5,5033.5
20250408_lower_k1.0_2042_2025-04-08T13:30:00.032286,2025-04-08,2025-04-08T13:30:00.032286,2025-04-08T13:30:01.663431,2025-04-08T13:31:12.913780,stop,1.631145,5272.5,5271.5
20250408_lower_k1.0_2043_2025-04-08T13:45:00.270754,2025-04-08,2025-04-08T13:45:00.270754,2025-04-08T13:48:55.022410,2025-04-08T13:49:18.372930,target,234.751656,5250.25,5249.25
20250409_lower_k1.0_2046_2025-04-09T13:45:53.650852,2025-04-09,2025-04-09T13:45:53.650852,2025-04-09T13:46:03.531371,2025-04-09T13:46:07.311326,target,9.880519,5017.5,5016.5
20250409_lower_k1.0_2047_2025-04-09T14:07:21.460230,2025-04-09,2025-04-09T14:07:21.460230,2025-04-09T14:07:35.441580,2025-04-09T14:07:53.680033,target,13.98135,5031.0,5030.0
20250409_lower_k1.0_2048_2025-04-09T14:23:07.230559,2025-04-09,2025-04-09T14:23:07.230559,2025-04-09T14:23:08.232655,2025-04-09T14:23:11.055231,target,1.002096,5030.0,5029.0
20250409_lower_k1.0_2050_2025-04-09T15:06:47.154025,2025-04-09,2025-04-09T15:06:47.154025,2025-04-09T15:06:47.334166,2025-04-09T15:07:04.860405,stop,0.180141,5025.5,5024.5
20250409_lower_k1.0_2052_2025-04-09T15:48:11.000726,2025-04-09,2025-04-09T15:48:11.000726,2025-04-09T15:48:12.662397,2025-04-09T15:48:41.103882,target,1.661671,5025.0,5024.0
20250409_lower_k1.0_2054_2025-04-09T17:18:52.151566,2025-04-09,2025-04-09T17:18:52.151566,2025-04-09T17:18:52.441817,2025-04-09T17:18:52.550649,target,0.290251,5026.5,5025.5
20250410_lower_k1.0_2056_2025-04-10T13:45:15.493598,2025-04-10,2025-04-10T13:45:15.493598,2025-04-10T13:45:16.043427,2025-04-10T13:45:50.260913,target,0.549829,5361.25,5360.25
20250410_lower_k1.0_2057_2025-04-10T14:23:30.890927,2025-04-10,2025-04-10T14:23:30.890927,2025-04-10T14:23:31.723451,2025-04-10T14:24:25.542949,target,0.832524,5349.75,5348.75
20250410_lower_k1.0_2060_2025-04-10T17:44:16.600947,2025-04-10,2025-04-10T17:44:16.600947,2025-04-10T17:44:17.984260,2025-04-10T17:44:26.380856,stop,1.383313,5279.25,5278.25
20250410_lower_k1.0_2061_2025-04-10T18:09:39.624936,2025-04-10,2025-04-10T18:09:39.624936,2025-04-10T18:09:39.628422,2025-04-10T18:10:02.243131,target,0.003486,5279.0,5278.0
20250410_lower_k1.0_2062_2025-04-10T19:29:35.182634,2025-04-10,2025-04-10T19:29:35.182634,2025-04-10T19:29:36.050566,2025-04-10T19:30:13.972279,target,0.867932,5282.75,5281.75
20250410_lower_k1.0_2063_2025-04-10T19:50:09.281204,2025-04-10,2025-04-10T19:50:09.281204,2025-04-10T19:50:09.580940,2025-04-10T19:50:54.066932,target,0.299736,5277.75,5276.75
20250411_lower_k1.0_2064_2025-04-11T13:31:04.614476,2025-04-11,2025-04-11T13:31:04.614476,2025-04-11T13:31:09.366543,2025-04-11T13:31:44.306977,stop,4.752067,5291.0,5290.0
20250411_lower_k1.0_2065_2025-04-11T14:01:44.021216,2025-04-11,2025-04-11T14:01:44.021216,2025-04-11T14:01:44.391822,2025-04-11T14:02:10.742245,stop,0.370606,5299.25,5298.25
20250411_lower_k1.0_2067_2025-04-11T14:34:00.760355,2025-04-11,2025-04-11T14:34:00.760355,2025-04-11T14:34:03.938167,2025-04-11T14:35:29.900216,target,3.177812,5290.75,5289.75
20250411_lower_k1.0_2068_2025-04-11T14:51:17.950089,2025-04-11,2025-04-11T14:51:17.950089,2025-04-11T14:51:20.270451,2025-04-11T14:51:27.022002,target,2.320362,5291.5,5290.5
20250411_lower_k1.0_2069_2025-04-11T15:33:07.584118,2025-04-11,2025-04-11T15:33:07.584118,2025-04-11T15:33:08.082126,2025-04-11T15:35:55.580877,stop,0.498008,5290.75,5289.75
20250414_lower_k1.0_2070_2025-04-14T13:30:00.501142,2025-04-14,2025-04-14T13:30:00.501142,2025-04-14T13:30:00.540321,2025-04-14T13:30:03.865535,stop,0.039179,5494.0,5493.0
20250414_lower_k1.0_2071_2025-04-14T13:45:21.351219,2025-04-14,2025-04-14T13:45:21.351219,2025-04-14T13:45:31.700892,2025-04-14T13:46:35.280619,stop,10.349673,5465.75,5464.75
20250414_lower_k1.0_2072_2025-04-14T14:00:26.223073,2025-04-14,2025-04-14T14:00:26.223073,2025-04-14T14:00:27.631762,2025-04-14T14:01:01.311788,stop,1.408689,5464.5,5463.5
20250414_lower_k1.0_2073_2025-04-14T14:20:02.668931,2025-04-14,2025-04-14T14:20:02.668931,2025-04-14T14:20:06.052333,2025-04-14T14:22:26.624519,target,3.383402,5463.75,5462.75
20250414_lower_k1.0_2075_2025-04-14T17:00:05.346649,2025-04-14,2025-04-14T17:00:05.346649,2025-04-14T17:00:07.824110,2025-04-14T17:00:10.182302,target,2.477461,5438.25,5437.25
20250415_lower_k1.0_2079_2025-04-15T13:30:00.052664,2025-04-15,2025-04-15T13:30:00.052664,2025-04-15T13:30:02.446264,2025-04-15T13:30:27.493200,target,2.3936,5449.0,5448.0
20250415_lower_k1.0_2080_2025-04-15T14:17:30.724803,2025-04-15,2025-04-15T14:17:30.724803,2025-04-15T14:17:30.744033,2025-04-15T14:17:40.660569,target,0.01923,5465.0,5464.0
20250416_lower_k1.0_2090_2025-04-16T13:45:00.367170,2025-04-16,2025-04-16T13:45:00.367170,2025-04-16T13:45:00.756090,2025-04-16T13:47:13.932242,stop,0.38892,5376.25,5375.25
20250417_lower_k1.0_2095_2025-04-17T13:30:00.021876,2025-04-17,2025-04-17T13:30:00.021876,2025-04-17T13:31:32.675452,2025-04-17T13:31:42.922342,target,92.653576,5320.75,5319.75
20250421_lower_k1.0_2105_2025-04-21T13:30:00.764345,2025-04-21,2025-04-21T13:30:00.764345,2025-04-21T13:30:33.984381,2025-04-21T13:31:00.030211,target,33.220036,5257.75,5256.75
20250421_lower_k1.0_2106_2025-04-21T13:48:51.802528,2025-04-21,2025-04-21T13:48:51.802528,2025-04-21T13:48:52.985642,2025-04-21T13:52:46.861287,stop,1.183114,5242.75,5241.75
20250422_lower_k1.0_2109_2025-04-22T17:15:47.932745,2025-04-22,2025-04-22T17:15:47.932745,2025-04-22T17:16:03.960497,2025-04-22T17:18:49.591077,target,16.027752,5289.25,5288.25
20250423_lower_k1.0_2113_2025-04-23T13:30:00.165350,2025-04-23,2025-04-23T13:30:00.165350,2025-04-23T13:30:00.851315,2025-04-23T13:31:37.690103,target,0.685965,5450.25,5449.25
20250423_lower_k1.0_2114_2025-04-23T13:55:13.542062,2025-04-23,2025-04-23T13:55:13.542062,2025-04-23T13:55:18.070860,2025-04-23T13:56:38.631080,target,4.528798,5466.75,5465.75
20250423_lower_k1.0_2115_2025-04-23T14:15:30.390534,2025-04-23,2025-04-23T14:15:30.390534,2025-04-23T14:15:44.702331,2025-04-23T14:16:44.961307,stop,14.311797,5470.75,5469.75
20250425_lower_k1.0_2118_2025-04-25T13:30:00.585026,2025-04-25,2025-04-25T13:30:00.585026,2025-04-25T13:30:44.861841,2025-04-25T13:30:58.782222,target,44.276815,5510.75,5509.75
20250425_lower_k1.0_2120_2025-04-25T14:01:49.580926,2025-04-25,2025-04-25T14:01:49.580926,2025-04-25T14:03:31.992666,2025-04-25T14:07:03.530311,target,102.41174,5504.75,5503.75
20250425_lower_k1.0_2121_2025-04-25T14:20:25.921941,2025-04-25,2025-04-25T14:20:25.921941,2025-04-25T14:20:30.526365,2025-04-25T14:21:01.961271,target,4.604424,5507.0,5506.0
20250428_lower_k1.0_2127_2025-04-28T13:50:23.910911,2025-04-28,2025-04-28T13:50:23.910911,2025-04-28T13:52:03.155958,2025-04-28T13:52:37.851095,target,99.245047,5563.75,5562.75
20250429_lower_k1.0_2133_2025-04-29T13:30:00.429953,2025-04-29,2025-04-29T13:30:00.429953,2025-04-29T13:30:01.160195,2025-04-29T13:31:04.713982,target,0.730242,5532.0,5531.0
20250429_lower_k1.0_2134_2025-04-29T14:00:01.093145,2025-04-29,2025-04-29T14:00:01.093145,2025-04-29T14:00:01.093928,2025-04-29T14:00:01.889016,target,0.000783,5540.5,5539.5
20250430_lower_k1.0_2140_2025-04-30T14:09:02.981964,2025-04-30,2025-04-30T14:09:02.981964,2025-04-30T14:09:04.362235,2025-04-30T14:09:30.763516,target,1.380271,5477.25,5476.25
20250501_lower_k1.0_2141_2025-05-01T13:30:00.043224,2025-05-01,2025-05-01T13:30:00.043224,2025-05-01T13:30:35.010831,2025-05-01T13:31:51.205576,stop,34.967607,5644.75,5643.75
20250502_lower_k1.0_2152_2025-05-02T14:02:15.980722,2025-05-02,2025-05-02T14:02:15.980722,2025-05-02T14:04:37.191952,2025-05-02T14:05:23.370141,target,141.21123,5679.75,5678.75
20250505_lower_k1.0_2156_2025-05-05T13:45:04.901359,2025-05-05,2025-05-05T13:45:04.901359,2025-05-05T13:46:10.765191,2025-05-05T13:48:38.560059,target,65.863832,5662.0,5661.0
20250506_lower_k1.0_2160_2025-05-06T13:30:00.139415,2025-05-06,2025-05-06T13:30:00.139415,2025-05-06T13:30:00.353366,2025-05-06T13:30:29.371986,target,0.213951,5616.5,5615.5
20250507_lower_k1.0_2170_2025-05-07T13:49:17.081417,2025-05-07,2025-05-07T13:49:17.081417,2025-05-07T13:49:19.642066,2025-05-07T13:51:26.470353,target,2.560649,5638.5,5637.5
20250507_lower_k1.0_2176_2025-05-07T18:00:02.601738,2025-05-07,2025-05-07T18:00:02.601738,2025-05-07T18:00:03.820127,2025-05-07T18:00:03.823494,target,1.218389,5635.0,5634.0
20250507_lower_k1.0_2180_2025-05-07T19:41:35.263208,2025-05-07,2025-05-07T19:41:35.263208,2025-05-07T19:50:17.040216,2025-05-07T19:51:15.747960,target,521.777008,5630.5,5629.5
20250508_lower_k1.0_2181_2025-05-08T13:30:00.471599,2025-05-08,2025-05-08T13:30:00.471599,2025-05-08T13:30:01.211259,2025-05-08T13:38:20.984625,stop,0.73966,5689.5,5688.5
20250523_lower_k1.0_2268_2025-05-23T13:30:00.270006,2025-05-23,2025-05-23T13:30:00.270006,2025-05-23T13:30:00.891184,2025-05-23T13:30:15.911004,target,0.621178,5784.0,5783.0
20250523_lower_k1.0_2269_2025-05-23T13:45:06.368158,2025-05-23,2025-05-23T13:45:06.368158,2025-05-23T13:45:22.023467,2025-05-23T13:50:49.900238,target,15.655309,5792.25,5791.25
20250530_lower_k1.0_2298_2025-05-30T13:30:00.379019,2025-05-30,2025-05-30T13:30:00.379019,2025-05-30T13:30:01.344117,2025-05-30T13:30:58.754917,stop,0.965098,5911.0,5910.0
20250613_lower_k1.0_2365_2025-06-13T14:00:00.726051,2025-06-13,2025-06-13T14:00:00.726051,2025-06-13T14:00:00.871043,2025-06-13T14:02:20.580324,stop,0.144992,6000.75,5999.75
20250613_lower_k1.0_2369_2025-06-13T18:04:03.543644,2025-06-13,2025-06-13T18:04:03.543644,2025-06-13T18:04:05.962724,2025-06-13T18:05:03.400659,target,2.41908,6003.25,6002.25
20250620_lower_k1.0_2404_2025-06-20T13:30:00.043965,2025-06-20,2025-06-20T13:30:00.043965,2025-06-20T13:30:00.757335,2025-06-20T13:36:09.080697,target,0.71337,6059.5,6058.5
20250716_lower_k1.0_2505_2025-07-16T15:16:10.890925,2025-07-16,2025-07-16T15:16:10.890925,2025-07-16T15:16:11.063772,2025-07-16T15:16:22.127935,stop,0.172847,6284.75,6283.75
20250917_lower_k1.0_2804_2025-09-17T18:13:03.004991,2025-09-17,2025-09-17T18:13:03.004991,2025-09-17T18:13:13.088023,2025-09-17T18:14:19.104975,stop,10.083032,6662.25,6661.25
20250917_lower_k1.0_2806_2025-09-17T19:00:20.312603,2025-09-17,2025-09-17T19:00:20.312603,2025-09-17T19:00:23.021078,2025-09-17T19:01:09.934921,stop,2.708475,6654.0,6653.0
20250917_lower_k1.0_2807_2025-09-17T19:15:24.052337,2025-09-17,2025-09-17T19:15:24.052337,2025-09-17T19:15:26.183066,2025-09-17T19:15:50.380536,target,2.130729,6654.25,6653.25
20251013_lower_k1.0_2900_2025-10-13T13:45:20.680641,2025-10-13,2025-10-13T13:45:20.680641,2025-10-13T13:45:21.353166,2025-10-13T13:46:28.901459,target,0.672525,6668.75,6667.75
20251017_lower_k1.0_2922_2025-10-17T13:30:00.020881,2025-10-17,2025-10-17T13:30:00.020881,2025-10-17T13:30:00.190564,2025-10-17T13:30:05.816844,target,0.169683,6654.0,6653.0
20251017_lower_k1.0_2923_2025-10-17T13:47:54.726701,2025-10-17,2025-10-17T13:47:54.726701,2025-10-17T13:47:56.992002,2025-10-17T13:48:12.020999,target,2.265301,6653.0,6652.0
20251017_lower_k1.0_2925_2025-10-17T14:51:20.702825,2025-10-17,2025-10-17T14:51:20.702825,2025-10-17T14:55:03.343284,2025-10-17T14:56:12.024853,stop,222.640459,6666.75,6665.75
20251107_lower_k1.0_3032_2025-11-07T15:24:47.241798,2025-11-07,2025-11-07T15:24:47.241798,2025-11-07T15:24:51.410967,2025-11-07T15:25:55.051030,target,4.169169,6700.75,6699.75
20251118_lower_k1.0_3073_2025-11-18T14:46:20.741425,2025-11-18,2025-11-18T14:46:20.741425,2025-11-18T14:46:21.172329,2025-11-18T14:47:21.301000,stop,0.430904,6661.25,6660.25
20251118_lower_k1.0_3074_2025-11-18T15:21:10.226993,2025-11-18,2025-11-18T15:21:10.226993,2025-11-18T15:21:17.746712,2025-11-18T15:21:43.260843,target,7.519719,6632.25,6631.25
20251118_lower_k1.0_3075_2025-11-18T16:11:57.894861,2025-11-18,2025-11-18T16:11:57.894861,2025-11-18T16:12:11.240507,2025-11-18T16:14:05.940570,target,13.345646,6626.0,6625.0
20251120_lower_k1.0_3085_2025-11-20T14:45:29.120197,2025-11-20,2025-11-20T14:45:29.120197,2025-11-20T14:45:37.588039,2025-11-20T14:46:31.033630,target,8.467842,6768.25,6767.25
20251121_lower_k1.0_3089_2025-11-21T14:30:00.021958,2025-11-21,2025-11-21T14:30:00.021958,2025-11-21T14:30:00.120600,2025-11-21T14:30:23.980478,target,0.098642,6581.25,6580.25
20251121_lower_k1.0_3090_2025-11-21T14:48:14.190069,2025-11-21,2025-11-21T14:48:14.190069,2025-11-21T14:48:14.790177,2025-11-21T14:48:48.360982,target,0.600108,6577.5,6576.5
20251121_lower_k1.0_3091_2025-11-21T15:05:15.102543,2025-11-21,2025-11-21T15:05:15.102543,2025-11-21T15:08:01.530913,2025-11-21T15:08:27.994669,stop,166.42837,6576.25,6575.25
20251121_lower_k1.0_3092_2025-11-21T15:23:29.426525,2025-11-21,2025-11-21T15:23:29.426525,2025-11-21T15:23:38.960193,2025-11-21T15:24:36.930697,target,9.533668,6573.5,6572.5
20251121_lower_k1.0_3094_2025-11-21T16:13:39.153568,2025-11-21,2025-11-21T16:13:39.153568,2025-11-21T16:14:03.043488,2025-11-21T16:17:00.405980,target,23.88992,6565.0,6564.0
20251124_lower_k1.0_3096_2025-11-24T14:47:30.100304,2025-11-24,2025-11-24T14:47:30.100304,2025-11-24T14:47:31.740699,2025-11-24T14:49:16.590135,stop,1.640395,6667.75,6666.75
20251216_lower_k1.0_3210_2025-12-16T14:47:07.098816,2025-12-16,2025-12-16T14:47:07.098816,2025-12-16T14:47:10.041491,2025-12-16T14:47:30.041716,target,2.942675,6860.25,6859.25
20260109_lower_k1.0_3324_2026-01-09T15:00:44.821331,2026-01-09,2026-01-09T15:00:44.821331,2026-01-09T15:01:57.880732,2026-01-09T15:02:28.965065,target,73.059401,6975.0,6974.0
20260114_lower_k1.0_3336_2026-01-14T15:11:47.242217,2026-01-14,2026-01-14T15:11:47.242217,2026-01-14T15:11:51.351558,2026-01-14T15:12:17.883549,target,4.109341,6956.0,6955.0
20260128_lower_k1.0_3395_2026-01-28T19:30:58.885426,2026-01-28,2026-01-28T19:30:58.885426,2026-01-28T19:31:46.660756,2026-01-28T19:34:29.131918,stop,47.77533,7007.0,7006.0
20260130_lower_k1.0_3405_2026-01-30T15:01:56.526076,2026-01-30,2026-01-30T15:01:56.526076,2026-01-30T15:02:20.435371,2026-01-30T15:06:31.030506,target,23.909295,6972.25,6971.25
20260130_lower_k1.0_3410_2026-01-30T19:30:46.778384,2026-01-30,2026-01-30T19:30:46.778384,2026-01-30T19:30:48.350601,2026-01-30T19:31:31.280568,target,1.572217,6959.25,6958.25
