trade_day,trade_date,iso_year,iso_week,weekday_num,n_trades
2024-02-01,2024-02-01,2024,5,4,0
2024-02-02,2024-02-02,2024,5,5,0
2024-02-05,2024-02-05,2024,6,1,0
2024-02-06,2024-02-06,2024,6,2,0
2024-02-07,2024-02-07,2024,6,3,0
2024-02-08,2024-02-08,2024,6,4,0
2024-02-09,2024-02-09,2024,6,5,0
2024-02-12,2024-02-12,2024,7,1,0
2024-02-13,2024-02-13,2024,7,2,0
2024-02-14,2024-02-14,2024,7,3,0
2024-02-15,2024-02-15,2024,7,4,0
2024-02-16,2024-02-16,2024,7,5,0
2024-02-19,2024-02-19,2024,8,1,0
2024-02-20,2024-02-20,2024,8,2,0
2024-02-21,2024-02-21,2024,8,3,0
2024-02-22,2024-02-22,2024,8,4,0
2024-02-23,2024-02-23,2024,8,5,0
2024-02-26,2024-02-26,2024,9,1,0
2024-02-27,2024-02-27,2024,9,2,0
2024-02-28,2024-02-28,2024,9,3,0
2024-02-29,2024-02-29,2024,9,4,0
2024-03-01,2024-03-01,2024,9,5,0
2024-03-04,2024-03-04,2024,10,1,0
2024-03-05,2024-03-05,2024,10,2,0
2024-03-06,2024-03-06,2024,10,3,0
2024-03-07,2024-03-07,2024,10,4,0
2024-03-08,2024-03-08,2024,10,5,0
2024-03-11,2024-03-11,2024,11,1,0
2024-03-12,2024-03-12,2024,11,2,0
2024-03-13,2024-03-13,2024,11,3,0
2024-03-14,2024-03-14,2024,11,4,0
2024-03-15,2024-03-15,2024,11,5,0
2024-03-18,2024-03-18,2024,12,1,0
2024-03-19,2024-03-19,2024,12,2,0
2024-03-20,2024-03-20,2024,12,3,0
2024-03-21,2024-03-21,2024,12,4,0
2024-03-22,2024-03-22,2024,12,5,0
2024-03-25,2024-03-25,2024,13,1,0
2024-03-26,2024-03-26,2024,13,2,0
2024-03-27,2024-03-27,2024,13,3,0
2024-03-28,2024-03-28,2024,13,4,0
2024-04-01,2024-04-01,2024,14,1,0
2024-04-02,2024-04-02,2024,14,2,0
2024-04-03,2024-04-03,2024,14,3,0
2024-04-04,2024-04-04,2024,14,4,0
2024-04-05,2024-04-05,2024,14,5,0
2024-04-08,2024-04-08,2024,15,1,0
2024-04-09,2024-04-09,2024,15,2,0
2024-04-10,2024-04-10,2024,15,3,1
2024-04-11,2024-04-11,2024,15,4,0
2024-04-12,2024-04-12,2024,15,5,0
2024-04-15,2024-04-15,2024,16,1,0
2024-04-16,2024-04-16,2024,16,2,0
2024-04-17,2024-04-17,2024,16,3,0
2024-04-18,2024-04-18,2024,16,4,0
2024-04-19,2024-04-19,2024,16,5,0
2024-04-22,2024-04-22,2024,17,1,0
2024-04-23,2024-04-23,2024,17,2,0
2024-04-24,2024-04-24,2024,17,3,0
2024-04-25,2024-04-25,2024,17,4,0
2024-04-26,2024-04-26,2024,17,5,0
2024-04-29,2024-04-29,2024,18,1,0
2024-04-30,2024-04-30,2024,18,2,0
2024-05-01,2024-05-01,2024,18,3,0
2024-05-02,2024-05-02,2024,18,4,0
2024-05-03,2024-05-03,2024,18,5,0
2024-05-06,2024-05-06,2024,19,1,0
2024-05-07,2024-05-07,2024,19,2,0
2024-05-08,2024-05-08,2024,19,3,0
2024-05-09,2024-05-09,2024,19,4,0
2024-05-10,2024-05-10,2024,19,5,0
2024-05-13,2024-05-13,2024,20,1,0
2024-05-14,2024-05-14,2024,20,2,0
2024-05-15,2024-05-15,2024,20,3,0
2024-05-16,2024-05-16,2024,20,4,0
2024-05-17,2024-05-17,2024,20,5,0
2024-05-20,2024-05-20,2024,21,1,0
2024-05-21,2024-05-21,2024,21,2,0
2024-05-22,2024-05-22,2024,21,3,0
2024-05-23,2024-05-23,2024,21,4,0
2024-05-24,2024-05-24,2024,21,5,0
2024-05-27,2024-05-27,2024,22,1,0
2024-05-28,2024-05-28,2024,22,2,0
2024-05-29,2024-05-29,2024,22,3,0
2024-05-30,2024-05-30,2024,22,4,0
2024-05-31,2024-05-31,2024,22,5,0
2024-06-03,2024-06-03,2024,23,1,0
2024-06-04,2024-06-04,2024,23,2,0
2024-06-05,2024-06-05,2024,23,3,0
2024-06-06,2024-06-06,2024,23,4,0
2024-06-07,2024-06-07,2024,23,5,0
2024-06-10,2024-06-10,2024,24,1,0
2024-06-11,2024-06-11,2024,24,2,0
2024-06-12,2024-06-12,2024,24,3,0
2024-06-13,2024-06-13,2024,24,4,0
2024-06-14,2024-06-14,2024,24,5,0
2024-06-17,2024-06-17,2024,25,1,0
2024-06-18,2024-06-18,2024,25,2,0
2024-06-19,2024-06-19,2024,25,3,0
2024-06-20,2024-06-20,2024,25,4,0
2024-06-21,2024-06-21,2024,25,5,0
2024-06-24,2024-06-24,2024,26,1,0
2024-06-25,2024-06-25,2024,26,2,0
2024-06-26,2024-06-26,2024,26,3,0
2024-06-27,2024-06-27,2024,26,4,0
2024-06-28,2024-06-28,2024,26,5,0
2024-07-01,2024-07-01,2024,27,1,0
2024-07-02,2024-07-02,2024,27,2,0
2024-07-03,2024-07-03,2024,27,3,0
2024-07-04,2024-07-04,2024,27,4,0
2024-07-05,2024-07-05,2024,27,5,0
2024-07-08,2024-07-08,2024,28,1,0
2024-07-09,2024-07-09,2024,28,2,0
2024-07-10,2024-07-10,2024,28,3,0
2024-07-11,2024-07-11,2024,28,4,0
2024-07-12,2024-07-12,2024,28,5,0
2024-07-15,2024-07-15,2024,29,1,0
2024-07-16,2024-07-16,2024,29,2,0
2024-07-17,2024-07-17,2024,29,3,0
2024-07-18,2024-07-18,2024,29,4,0
2024-07-19,2024-07-19,2024,29,5,0
2024-07-22,2024-07-22,2024,30,1,0
2024-07-23,2024-07-23,2024,30,2,0
2024-07-24,2024-07-24,2024,30,3,0
2024-07-25,2024-07-25,2024,30,4,0
2024-07-26,2024-07-26,2024,30,5,0
2024-07-29,2024-07-29,2024,31,1,0
2024-07-30,2024-07-30,2024,31,2,0
2024-07-31,2024-07-31,2024,31,3,0
2024-08-01,2024-08-01,2024,31,4,0
2024-08-02,2024-08-02,2024,31,5,0
2024-08-05,2024-08-05,2024,32,1,3
2024-08-06,2024-08-06,2024,32,2,1
2024-08-07,2024-08-07,2024,32,3,0
2024-08-08,2024-08-08,2024,32,4,1
2024-08-09,2024-08-09,2024,32,5,0
2024-08-12,2024-08-12,2024,33,1,0
2024-08-13,2024-08-13,2024,33,2,0
2024-08-14,2024-08-14,2024,33,3,0
2024-08-15,2024-08-15,2024,33,4,0
2024-08-16,2024-08-16,2024,33,5,0
2024-08-19,2024-08-19,2024,34,1,0
2024-08-20,2024-08-20,2024,34,2,0
2024-08-21,2024-08-21,2024,34,3,0
2024-08-22,2024-08-22,2024,34,4,0
2024-08-23,2024-08-23,2024,34,5,0
2024-08-26,2024-08-26,2024,35,1,0
2024-08-27,2024-08-27,2024,35,2,0
2024-08-28,2024-08-28,2024,35,3,0
2024-08-29,2024-08-29,2024,35,4,0
2024-08-30,2024-08-30,2024,35,5,0
2024-09-03,2024-09-03,2024,36,2,0
2024-09-04,2024-09-04,2024,36,3,0
2024-09-05,2024-09-05,2024,36,4,0
2024-09-06,2024-09-06,2024,36,5,0
2024-09-09,2024-09-09,2024,37,1,0
2024-09-10,2024-09-10,2024,37,2,0
2024-09-11,2024-09-11,2024,37,3,0
2024-09-12,2024-09-12,2024,37,4,0
2024-09-13,2024-09-13,2024,37,5,0
2024-09-16,2024-09-16,2024,38,1,0
2024-09-17,2024-09-17,2024,38,2,0
2024-09-18,2024-09-18,2024,38,3,0
2024-09-19,2024-09-19,2024,38,4,0
2024-09-20,2024-09-20,2024,38,5,0
2024-09-23,2024-09-23,2024,39,1,0
2024-09-24,2024-09-24,2024,39,2,0
2024-09-25,2024-09-25,2024,39,3,0
2024-09-26,2024-09-26,2024,39,4,0
2024-09-27,2024-09-27,2024,39,5,0
2024-09-30,2024-09-30,2024,40,1,0
2024-10-01,2024-10-01,2024,40,2,0
2024-10-02,2024-10-02,2024,40,3,0
2024-10-03,2024-10-03,2024,40,4,0
2024-10-04,2024-10-04,2024,40,5,0
2024-10-07,2024-10-07,2024,41,1,0
2024-10-08,2024-10-08,2024,41,2,0
2024-10-09,2024-10-09,2024,41,3,0
2024-10-10,2024-10-10,2024,41,4,0
2024-10-11,2024-10-11,2024,41,5,0
2024-10-14,2024-10-14,2024,42,1,0
2024-10-15,2024-10-15,2024,42,2,0
2024-10-16,2024-10-16,2024,42,3,0
2024-10-17,2024-10-17,2024,42,4,0
2024-10-18,2024-10-18,2024,42,5,0
2024-10-21,2024-10-21,2024,43,1,0
2024-10-22,2024-10-22,2024,43,2,0
2024-10-23,2024-10-23,2024,43,3,0
2024-10-24,2024-10-24,2024,43,4,0
2024-10-25,2024-10-25,2024,43,5,0
2024-10-28,2024-10-28,2024,44,1,0
2024-10-29,2024-10-29,2024,44,2,0
2024-10-30,2024-10-30,2024,44,3,0
2024-10-31,2024-10-31,2024,44,4,0
2024-11-01,2024-11-01,2024,44,5,0
2024-11-04,2024-11-04,2024,45,1,0
2024-11-05,2024-11-05,2024,45,2,0
2024-11-06,2024-11-06,2024,45,3,1
2024-11-07,2024-11-07,2024,45,4,0
2024-11-08,2024-11-08,2024,45,5,0
2024-11-11,2024-11-11,2024,46,1,0
2024-11-12,2024-11-12,2024,46,2,0
2024-11-13,2024-11-13,2024,46,3,0
2024-11-14,2024-11-14,2024,46,4,0
2024-11-15,2024-11-15,2024,46,5,0
2024-11-18,2024-11-18,2024,47,1,0
2024-11-19,2024-11-19,2024,47,2,0
2024-11-20,2024-11-20,2024,47,3,0
2024-11-21,2024-11-21,2024,47,4,0
2024-11-22,2024-11-22,2024,47,5,0
2024-11-25,2024-11-25,2024,48,1,0
2024-11-26,2024-11-26,2024,48,2,0
2024-11-27,2024-11-27,2024,48,3,0
2024-11-28,2024-11-28,2024,48,4,0
2024-11-29,2024-11-29,2024,48,5,0
2024-12-02,2024-12-02,2024,49,1,0
2024-12-03,2024-12-03,2024,49,2,0
2024-12-04,2024-12-04,2024,49,3,0
2024-12-05,2024-12-05,2024,49,4,0
2024-12-06,2024-12-06,2024,49,5,0
2024-12-09,2024-12-09,2024,50,1,0
2024-12-10,2024-12-10,2024,50,2,0
2024-12-11,2024-12-11,2024,50,3,0
2024-12-12,2024-12-12,2024,50,4,0
2024-12-13,2024-12-13,2024,50,5,0
2024-12-16,2024-12-16,2024,51,1,0
2024-12-17,2024-12-17,2024,51,2,0
2024-12-18,2024-12-18,2024,51,3,0
2024-12-19,2024-12-19,2024,51,4,0
2024-12-20,2024-12-20,2024,51,5,0
2024-12-23,2024-12-23,2024,52,1,0
2024-12-24,2024-12-24,2024,52,2,0
2024-12-26,2024-12-26,2024,52,4,0
2024-12-27,2024-12-27,2024,52,5,0
2024-12-30,2024-12-30,2025,1,1,0
2024-12-31,2024-12-31,2025,1,2,0
2025-01-02,2025-01-02,2025,1,4,0
2025-01-03,2025-01-03,2025,1,5,0
2025-01-06,2025-01-06,2025,2,1,0
2025-01-07,2025-01-07,2025,2,2,0
2025-01-08,2025-01-08,2025,2,3,0
2025-01-10,2025-01-10,2025,2,5,0
2025-01-13,2025-01-13,2025,3,1,0
2025-01-14,2025-01-14,2025,3,2,0
2025-01-15,2025-01-15,2025,3,3,0
2025-01-16,2025-01-16,2025,3,4,0
2025-01-17,2025-01-17,2025,3,5,0
2025-01-20,2025-01-20,2025,4,1,0
2025-01-21,2025-01-21,2025,4,2,0
2025-01-22,2025-01-22,2025,4,3,0
2025-01-23,2025-01-23,2025,4,4,0
2025-01-24,2025-01-24,2025,4,5,0
2025-01-27,2025-01-27,2025,5,1,0
2025-01-28,2025-01-28,2025,5,2,0
2025-01-29,2025-01-29,2025,5,3,0
2025-01-30,2025-01-30,2025,5,4,0
2025-01-31,2025-01-31,2025,5,5,0
2025-02-03,2025-02-03,2025,6,1,0
2025-02-04,2025-02-04,2025,6,2,0
2025-02-05,2025-02-05,2025,6,3,0
2025-02-06,2025-02-06,2025,6,4,0
2025-02-07,2025-02-07,2025,6,5,1
2025-02-10,2025-02-10,2025,7,1,0
2025-02-11,2025-02-11,2025,7,2,0
2025-02-12,2025-02-12,2025,7,3,0
2025-02-13,2025-02-13,2025,7,4,0
2025-02-14,2025-02-14,2025,7,5,0
2025-02-17,2025-02-17,2025,8,1,0
2025-02-18,2025-02-18,2025,8,2,0
2025-02-19,2025-02-19,2025,8,3,0
2025-02-20,2025-02-20,2025,8,4,0
2025-02-21,2025-02-21,2025,8,5,0
2025-02-24,2025-02-24,2025,9,1,0
2025-02-25,2025-02-25,2025,9,2,0
2025-02-26,2025-02-26,2025,9,3,0
2025-02-27,2025-02-27,2025,9,4,0
2025-02-28,2025-02-28,2025,9,5,0
2025-03-03,2025-03-03,2025,10,1,0
2025-03-04,2025-03-04,2025,10,2,2
2025-03-05,2025-03-05,2025,10,3,4
2025-03-06,2025-03-06,2025,10,4,0
2025-03-07,2025-03-07,2025,10,5,0
2025-03-10,2025-03-10,2025,11,1,0
2025-03-11,2025-03-11,2025,11,2,3
2025-03-12,2025-03-12,2025,11,3,2
2025-03-13,2025-03-13,2025,11,4,0
2025-03-14,2025-03-14,2025,11,5,0
2025-03-17,2025-03-17,2025,12,1,2
2025-03-18,2025-03-18,2025,12,2,1
2025-03-19,2025-03-19,2025,12,3,2
2025-03-20,2025-03-20,2025,12,4,0
2025-03-21,2025-03-21,2025,12,5,0
2025-03-24,2025-03-24,2025,13,1,0
2025-03-25,2025-03-25,2025,13,2,0
2025-03-26,2025-03-26,2025,13,3,0
2025-03-27,2025-03-27,2025,13,4,0
2025-03-28,2025-03-28,2025,13,5,0
2025-03-31,2025-03-31,2025,14,1,0
2025-04-01,2025-04-01,2025,14,2,0
2025-04-02,2025-04-02,2025,14,3,0
2025-04-03,2025-04-03,2025,14,4,2
2025-04-04,2025-04-04,2025,14,5,0
2025-04-07,2025-04-07,2025,15,1,9
2025-04-08,2025-04-08,2025,15,2,2
2025-04-09,2025-04-09,2025,15,3,6
2025-04-10,2025-04-10,2025,15,4,6
2025-04-11,2025-04-11,2025,15,5,5
2025-04-14,2025-04-14,2025,16,1,5
2025-04-15,2025-04-15,2025,16,2,2
2025-04-16,2025-04-16,2025,16,3,1
2025-04-17,2025-04-17,2025,16,4,1
2025-04-21,2025-04-21,2025,17,1,2
2025-04-22,2025-04-22,2025,17,2,1
2025-04-23,2025-04-23,2025,17,3,3
2025-04-24,2025-04-24,2025,17,4,0
2025-04-25,2025-04-25,2025,17,5,3
2025-04-28,2025-04-28,2025,18,1,1
2025-04-29,2025-04-29,2025,18,2,2
2025-04-30,2025-04-30,2025,18,3,1
2025-05-01,2025-05-01,2025,18,4,1
2025-05-02,2025-05-02,2025,18,5,1
2025-05-05,2025-05-05,2025,19,1,1
2025-05-06,2025-05-06,2025,19,2,1
2025-05-07,2025-05-07,2025,19,3,3
2025-05-08,2025-05-08,2025,19,4,1
2025-05-09,2025-05-09,2025,19,5,0
2025-05-12,2025-05-12,2025,20,1,0
2025-05-13,2025-05-13,2025,20,2,0
2025-05-14,2025-05-14,2025,20,3,0
2025-05-15,2025-05-15,2025,20,4,0
2025-05-16,2025-05-16,2025,20,5,0
2025-05-19,2025-05-19,2025,21,1,0
2025-05-20,2025-05-20,2025,21,2,0
2025-05-21,2025-05-21,2025,21,3,0
2025-05-22,2025-05-22,2025,21,4,0
2025-05-23,2025-05-23,2025,21,5,2
2025-05-26,2025-05-26,2025,22,1,0
2025-05-27,2025-05-27,2025,22,2,0
2025-05-28,2025-05-28,2025,22,3,0
2025-05-29,2025-05-29,2025,22,4,0
2025-05-30,2025-05-30,2025,22,5,1
2025-06-02,2025-06-02,2025,23,1,0
2025-06-03,2025-06-03,2025,23,2,0
2025-06-04,2025-06-04,2025,23,3,0
2025-06-05,2025-06-05,2025,23,4,0
2025-06-06,2025-06-06,2025,23,5,0
2025-06-09,2025-06-09,2025,24,1,0
2025-06-10,2025-06-10,2025,24,2,0
2025-06-11,2025-06-11,2025,24,3,0
2025-06-12,2025-06-12,2025,24,4,0
2025-06-13,2025-06-13,2025,24,5,2
2025-06-16,2025-06-16,2025,25,1,0
2025-06-17,2025-06-17,2025,25,2,0
2025-06-18,2025-06-18,2025,25,3,0
2025-06-19,2025-06-19,2025,25,4,0
2025-06-20,2025-06-20,2025,25,5,1
2025-06-23,2025-06-23,2025,26,1,0
2025-06-24,2025-06-24,2025,26,2,0
2025-06-25,2025-06-25,2025,26,3,0
2025-06-26,2025-06-26,2025,26,4,0
2025-06-27,2025-06-27,2025,26,5,0
2025-06-30,2025-06-30,2025,27,1,0
2025-07-01,2025-07-01,2025,27,2,0
2025-07-02,2025-07-02,2025,27,3,0
2025-07-03,2025-07-03,2025,27,4,0
2025-07-04,2025-07-04,2025,27,5,0
2025-07-07,2025-07-07,2025,28,1,0
2025-07-08,2025-07-08,2025,28,2,0
2025-07-09,2025-07-09,2025,28,3,0
2025-07-10,2025-07-10,2025,28,4,0
2025-07-11,2025-07-11,2025,28,5,0
2025-07-14,2025-07-14,2025,29,1,0
2025-07-15,2025-07-15,2025,29,2,0
2025-07-16,2025-07-16,2025,29,3,1
2025-07-17,2025-07-17,2025,29,4,0
2025-07-18,2025-07-18,2025,29,5,0
2025-07-21,2025-07-21,2025,30,1,0
2025-07-22,2025-07-22,2025,30,2,0
2025-07-23,2025-07-23,2025,30,3,0
2025-07-24,2025-07-24,2025,30,4,0
2025-07-25,2025-07-25,2025,30,5,0
2025-07-28,2025-07-28,2025,31,1,0
2025-07-29,2025-07-29,2025,31,2,0
2025-07-30,2025-07-30,2025,31,3,0
2025-07-31,2025-07-31,2025,31,4,0
2025-08-01,2025-08-01,2025,31,5,0
2025-08-04,2025-08-04,2025,32,1,0
2025-08-05,2025-08-05,2025,32,2,0
2025-08-06,2025-08-06,2025,32,3,0
2025-08-07,2025-08-07,2025,32,4,0
2025-08-08,2025-08-08,2025,32,5,0
2025-08-11,2025-08-11,2025,33,1,0
2025-08-12,2025-08-12,2025,33,2,0
2025-08-13,2025-08-13,2025,33,3,0
2025-08-14,2025-08-14,2025,33,4,0
2025-08-15,2025-08-15,2025,33,5,0
2025-08-18,2025-08-18,2025,34,1,0
2025-08-19,2025-08-19,2025,34,2,0
2025-08-20,2025-08-20,2025,34,3,0
2025-08-21,2025-08-21,2025,34,4,0
2025-08-22,2025-08-22,2025,34,5,0
2025-08-25,2025-08-25,2025,35,1,0
2025-08-26,2025-08-26,2025,35,2,0
2025-08-27,2025-08-27,2025,35,3,0
2025-08-28,2025-08-28,2025,35,4,0
2025-08-29,2025-08-29,2025,35,5,0
2025-09-01,2025-09-01,2025,36,1,0
2025-09-02,2025-09-02,2025,36,2,0
2025-09-03,2025-09-03,2025,36,3,0
2025-09-04,2025-09-04,2025,36,4,0
2025-09-05,2025-09-05,2025,36,5,0
2025-09-08,2025-09-08,2025,37,1,0
2025-09-09,2025-09-09,2025,37,2,0
2025-09-10,2025-09-10,2025,37,3,0
2025-09-11,2025-09-11,2025,37,4,0
2025-09-12,2025-09-12,2025,37,5,0
2025-09-15,2025-09-15,2025,38,1,0
2025-09-16,2025-09-16,2025,38,2,0
2025-09-17,2025-09-17,2025,38,3,3
2025-09-18,2025-09-18,2025,38,4,0
2025-09-19,2025-09-19,2025,38,5,0
2025-09-22,2025-09-22,2025,39,1,0
2025-09-23,2025-09-23,2025,39,2,0
2025-09-24,2025-09-24,2025,39,3,0
2025-09-25,2025-09-25,2025,39,4,0
2025-09-26,2025-09-26,2025,39,5,0
2025-09-29,2025-09-29,2025,40,1,0
2025-09-30,2025-09-30,2025,40,2,0
2025-10-01,2025-10-01,2025,40,3,0
2025-10-02,2025-10-02,2025,40,4,0
2025-10-03,2025-10-03,2025,40,5,0
2025-10-06,2025-10-06,2025,41,1,0
2025-10-07,2025-10-07,2025,41,2,0
2025-10-08,2025-10-08,2025,41,3,0
2025-10-09,2025-10-09,2025,41,4,0
2025-10-10,2025-10-10,2025,41,5,0
2025-10-13,2025-10-13,2025,42,1,1
2025-10-14,2025-10-14,2025,42,2,0
2025-10-15,2025-10-15,2025,42,3,0
2025-10-16,2025-10-16,2025,42,4,0
2025-10-17,2025-10-17,2025,42,5,3
2025-10-20,2025-10-20,2025,43,1,0
2025-10-21,2025-10-21,2025,43,2,0
2025-10-22,2025-10-22,2025,43,3,0
2025-10-23,2025-10-23,2025,43,4,0
2025-10-24,2025-10-24,2025,43,5,0
2025-10-27,2025-10-27,2025,44,1,0
2025-10-28,2025-10-28,2025,44,2,0
2025-10-29,2025-10-29,2025,44,3,0
2025-10-30,2025-10-30,2025,44,4,0
2025-10-31,2025-10-31,2025,44,5,0
2025-11-03,2025-11-03,2025,45,1,0
2025-11-04,2025-11-04,2025,45,2,0
2025-11-05,2025-11-05,2025,45,3,0
2025-11-06,2025-11-06,2025,45,4,0
2025-11-07,2025-11-07,2025,45,5,1
2025-11-10,2025-11-10,2025,46,1,0
2025-11-11,2025-11-11,2025,46,2,0
2025-11-12,2025-11-12,2025,46,3,0
2025-11-13,2025-11-13,2025,46,4,0
2025-11-14,2025-11-14,2025,46,5,0
2025-11-17,2025-11-17,2025,47,1,0
2025-11-18,2025-11-18,2025,47,2,3
2025-11-19,2025-11-19,2025,47,3,0
2025-11-20,2025-11-20,2025,47,4,1
2025-11-21,2025-11-21,2025,47,5,5
2025-11-24,2025-11-24,2025,48,1,1
2025-11-25,2025-11-25,2025,48,2,0
2025-11-26,2025-11-26,2025,48,3,0
2025-11-27,2025-11-27,2025,48,4,0
2025-11-28,2025-11-28,2025,48,5,0
2025-12-01,2025-12-01,2025,49,1,0
2025-12-02,2025-12-02,2025,49,2,0
2025-12-03,2025-12-03,2025,49,3,0
2025-12-04,2025-12-04,2025,49,4,0
2025-12-05,2025-12-05,2025,49,5,0
2025-12-08,2025-12-08,2025,50,1,0
2025-12-09,2025-12-09,2025,50,2,0
2025-12-10,2025-12-10,2025,50,3,0
2025-12-11,2025-12-11,2025,50,4,0
2025-12-12,2025-12-12,2025,50,5,0
2025-12-15,2025-12-15,2025,51,1,0
2025-12-16,2025-12-16,2025,51,2,1
2025-12-17,2025-12-17,2025,51,3,0
2025-12-18,2025-12-18,2025,51,4,0
2025-12-19,2025-12-19,2025,51,5,0
2025-12-22,2025-12-22,2025,52,1,0
2025-12-23,2025-12-23,2025,52,2,0
2025-12-24,2025-12-24,2025,52,3,0
2025-12-26,2025-12-26,2025,52,5,0
2025-12-29,2025-12-29,2026,1,1,0
2025-12-30,2025-12-30,2026,1,2,0
2025-12-31,2025-12-31,2026,1,3,0
2026-01-02,2026-01-02,2026,1,5,0
2026-01-05,2026-01-05,2026,2,1,0
2026-01-06,2026-01-06,2026,2,2,0
2026-01-07,2026-01-07,2026,2,3,0
2026-01-08,2026-01-08,2026,2,4,0
2026-01-09,2026-01-09,2026,2,5,1
2026-01-12,2026-01-12,2026,3,1,0
2026-01-13,2026-01-13,2026,3,2,0
2026-01-14,2026-01-14,2026,3,3,1
2026-01-15,2026-01-15,2026,3,4,0
2026-01-16,2026-01-16,2026,3,5,0
2026-01-19,2026-01-19,2026,4,1,0
2026-01-20,2026-01-20,2026,4,2,0
2026-01-21,2026-01-21,2026,4,3,0
2026-01-22,2026-01-22,2026,4,4,0
2026-01-23,2026-01-23,2026,4,5,0
2026-01-26,2026-01-26,2026,5,1,0
2026-01-27,2026-01-27,2026,5,2,0
2026-01-28,2026-01-28,2026,5,3,1
2026-01-29,2026-01-29,2026,5,4,0
2026-01-30,2026-01-30,2026,5,5,2
