fold_idx,gate_name,logic,confirmations,target_pts,stop_pts,time_exit_s,event_id,date_ymd,trigger_ts,entry_ts,entry_price,exit_ts,exit_price,exit_reason,pnl_pts,mfe_pts,mae_pts,end_ret_pts,hold_s,trade_day
2,G2_VOTE2OF3_curv_cancel_spread,AT_LEAST_K,bid_depth_curvature__high_bin | cancel_rate_bid__high_bin | spread__low_bin,5.0,8.0,600,20250311_lower_k1.0_1912_2025-03-11T14:02:06.816083,2025-03-11,2025-03-11T14:02:06.816083,2025-03-11T14:02:21.662472,5612.0,2025-03-11T14:02:32.660645,5604.0,stop,-8.0,1.0,8.0,-8.0,10.998173,2025-03-11
2,G2_VOTE2OF3_curv_cancel_spread,AT_LEAST_K,bid_depth_curvature__high_bin | cancel_rate_bid__high_bin | spread__low_bin,5.0,8.0,600,20250311_lower_k1.0_1913_2025-03-11T15:07:40.660350,2025-03-11,2025-03-11T15:07:40.660350,2025-03-11T15:07:52.950897,5588.25,2025-03-11T15:09:19.025203,5593.25,target,5.0,5.0,5.75,5.0,86.074306,2025-03-11
2,G2_VOTE2OF3_curv_cancel_spread,AT_LEAST_K,bid_depth_curvature__high_bin | cancel_rate_bid__high_bin | spread__low_bin,5.0,8.0,600,20250311_lower_k1.0_1916_2025-03-11T18:03:11.256956,2025-03-11,2025-03-11T18:03:11.256956,2025-03-11T18:03:14.422647,5580.0,2025-03-11T18:03:20.815832,5585.0,target,5.0,5.0,0.25,5.0,6.393185,2025-03-11
2,G2_VOTE2OF3_curv_cancel_spread,AT_LEAST_K,bid_depth_curvature__high_bin | cancel_rate_bid__high_bin | spread__low_bin,5.0,8.0,600,20250312_lower_k1.0_1918_2025-03-12T13:30:00.028558,2025-03-12,2025-03-12T13:30:00.028558,2025-03-12T13:30:00.518453,5634.75,2025-03-12T13:31:18.622756,5639.75,target,5.0,5.0,6.75,5.0,78.104303,2025-03-12
2,G2_VOTE2OF3_curv_cancel_spread,AT_LEAST_K,bid_depth_curvature__high_bin | cancel_rate_bid__high_bin | spread__low_bin,5.0,8.0,600,20250312_lower_k1.0_1919_2025-03-12T13:52:27.845712,2025-03-12,2025-03-12T13:52:27.845712,2025-03-12T13:52:29.005070,5625.5,2025-03-12T13:52:45.952367,5617.5,stop,-8.0,1.5,8.0,-8.0,16.947297,2025-03-12
2,G2_VOTE2OF3_curv_cancel_spread,AT_LEAST_K,bid_depth_curvature__high_bin | cancel_rate_bid__high_bin | spread__low_bin,5.0,8.0,600,20250317_lower_k1.0_1939_2025-03-17T13:50:12.441853,2025-03-17,2025-03-17T13:50:12.441853,2025-03-17T13:50:16.092261,5705.75,2025-03-17T13:50:38.142234,5710.75,target,5.0,5.0,0.25,5.0,22.049973,2025-03-17
2,G2_VOTE2OF3_curv_cancel_spread,AT_LEAST_K,bid_depth_curvature__high_bin | cancel_rate_bid__high_bin | spread__low_bin,5.0,8.0,600,20250317_lower_k1.0_1940_2025-03-17T14:05:17.021354,2025-03-17,2025-03-17T14:05:17.021354,2025-03-17T14:05:18.660291,5709.0,2025-03-17T14:07:07.052234,5714.0,target,5.0,5.0,3.75,5.0,108.391943,2025-03-17
2,G2_VOTE2OF3_curv_cancel_spread,AT_LEAST_K,bid_depth_curvature__high_bin | cancel_rate_bid__high_bin | spread__low_bin,5.0,8.0,600,20250318_lower_k1.0_1949_2025-03-18T14:55:07.263673,2025-03-18,2025-03-18T14:55:07.263673,2025-03-18T14:55:08.342630,5675.0,2025-03-18T14:58:08.953494,5667.0,stop,-8.0,0.25,8.0,-8.0,180.610864,2025-03-18
2,G2_VOTE2OF3_curv_cancel_spread,AT_LEAST_K,bid_depth_curvature__high_bin | cancel_rate_bid__high_bin | spread__low_bin,5.0,8.0,600,20250319_lower_k1.0_1963_2025-03-19T13:45:40.385733,2025-03-19,2025-03-19T13:45:40.385733,2025-03-19T13:45:53.140971,5681.75,2025-03-19T13:46:07.692688,5686.75,target,5.0,5.0,1.25,5.0,14.551717,2025-03-19
2,G2_VOTE2OF3_curv_cancel_spread,AT_LEAST_K,bid_depth_curvature__high_bin | cancel_rate_bid__high_bin | spread__low_bin,5.0,8.0,600,20250319_lower_k1.0_1969_2025-03-19T18:00:10.057852,2025-03-19,2025-03-19T18:00:10.057852,2025-03-19T18:04:16.327260,5698.25,2025-03-19T18:04:38.145875,5703.25,target,5.0,5.0,0.75,5.0,21.818615,2025-03-19
2,G2_VOTE2OF3_curv_cancel_spread,AT_LEAST_K,bid_depth_curvature__high_bin | cancel_rate_bid__high_bin | spread__low_bin,5.0,8.0,600,20250403_lower_k1.0_2019_2025-04-03T13:30:00.026471,2025-04-03,2025-04-03T13:30:00.026471,2025-04-03T13:30:00.031095,5511.0,2025-04-03T13:30:12.180658,5516.0,target,5.0,5.0,1.5,5.0,12.149563,2025-04-03
2,G2_VOTE2OF3_curv_cancel_spread,AT_LEAST_K,bid_depth_curvature__high_bin | cancel_rate_bid__high_bin | spread__low_bin,5.0,8.0,600,20250403_lower_k1.0_2020_2025-04-03T13:50:12.561854,2025-04-03,2025-04-03T13:50:12.561854,2025-04-03T13:50:14.162075,5520.75,2025-04-03T13:50:41.824205,5525.75,target,5.0,5.0,0.25,5.0,27.66213,2025-04-03
2,G2_VOTE2OF3_curv_cancel_spread,AT_LEAST_K,bid_depth_curvature__high_bin | cancel_rate_bid__high_bin | spread__low_bin,5.0,8.0,600,20250407_lower_k1.0_2032_2025-04-07T13:30:00.028617,2025-04-07,2025-04-07T13:30:00.028617,2025-04-07T13:30:00.028983,4940.0,2025-04-07T13:30:34.262031,4932.0,stop,-8.0,3.5,8.0,-8.0,34.233048,2025-04-07
2,G2_VOTE2OF3_curv_cancel_spread,AT_LEAST_K,bid_depth_curvature__high_bin | cancel_rate_bid__high_bin | spread__low_bin,5.0,8.0,600,20250407_lower_k1.0_2033_2025-04-07T13:46:25.141454,2025-04-07,2025-04-07T13:46:25.141454,2025-04-07T13:46:25.578627,4900.0,2025-04-07T13:46:28.261260,4905.0,target,5.0,5.0,0.75,5.0,2.682633,2025-04-07
2,G2_VOTE2OF3_curv_cancel_spread,AT_LEAST_K,bid_depth_curvature__high_bin | cancel_rate_bid__high_bin | spread__low_bin,5.0,8.0,600,20250407_lower_k1.0_2034_2025-04-07T14:29:05.580279,2025-04-07,2025-04-07T14:29:05.580279,2025-04-07T14:29:06.470103,5034.0,2025-04-07T14:29:13.442239,5026.0,stop,-8.0,0.25,8.0,-8.0,6.972136,2025-04-07
2,G2_VOTE2OF3_curv_cancel_spread,AT_LEAST_K,bid_depth_curvature__high_bin | cancel_rate_bid__high_bin | spread__low_bin,5.0,8.0,600,20250407_lower_k1.0_2035_2025-04-07T14:44:11.236804,2025-04-07,2025-04-07T14:44:11.236804,2025-04-07T14:44:11.521027,5032.5,2025-04-07T14:44:35.048491,5037.5,target,5.0,5.0,7.0,5.0,23.527464,2025-04-07
2,G2_VOTE2OF3_curv_cancel_spread,AT_LEAST_K,bid_depth_curvature__high_bin | cancel_rate_bid__high_bin | spread__low_bin,5.0,8.0,600,20250407_lower_k1.0_2036_2025-04-07T15:14:36.887869,2025-04-07,2025-04-07T15:14:36.887869,2025-04-07T15:14:36.889334,5028.5,2025-04-07T15:14:38.920918,5020.5,stop,-8.0,4.5,8.0,-8.0,2.031584,2025-04-07
2,G2_VOTE2OF3_curv_cancel_spread,AT_LEAST_K,bid_depth_curvature__high_bin | cancel_rate_bid__high_bin | spread__low_bin,5.0,8.0,600,20250407_lower_k1.0_2037_2025-04-07T15:35:40.942077,2025-04-07,2025-04-07T15:35:40.942077,2025-04-07T15:35:41.375186,5037.5,2025-04-07T15:36:00.883285,5029.5,stop,-8.0,1.0,8.0,-8.0,19.508099,2025-04-07
2,G2_VOTE2OF3_curv_cancel_spread,AT_LEAST_K,bid_depth_curvature__high_bin | cancel_rate_bid__high_bin | spread__low_bin,5.0,8.0,600,20250407_lower_k1.0_2038_2025-04-07T16:00:03.641303,2025-04-07,2025-04-07T16:00:03.641303,2025-04-07T16:00:03.951267,5041.25,2025-04-07T16:00:11.140220,5033.25,stop,-8.0,0.0,8.0,-8.0,7.188953,2025-04-07
2,G2_VOTE2OF3_curv_cancel_spread,AT_LEAST_K,bid_depth_curvature__high_bin | cancel_rate_bid__high_bin | spread__low_bin,5.0,8.0,600,20250407_lower_k1.0_2039_2025-04-07T16:26:37.935316,2025-04-07,2025-04-07T16:26:37.935316,2025-04-07T16:27:45.582438,5038.5,2025-04-07T16:28:39.250803,5043.5,target,5.0,5.0,6.0,5.0,53.668365,2025-04-07
2,G2_VOTE2OF3_curv_cancel_spread,AT_LEAST_K,bid_depth_curvature__high_bin | cancel_rate_bid__high_bin | spread__low_bin,5.0,8.0,600,20250407_lower_k1.0_2041_2025-04-07T17:00:08.071654,2025-04-07,2025-04-07T17:00:08.071654,2025-04-07T17:02:57.192084,5033.5,2025-04-07T17:03:06.422240,5038.5,target,5.0,5.0,3.75,5.0,9.230156,2025-04-07
2,G2_VOTE2OF3_curv_cancel_spread,AT_LEAST_K,bid_depth_curvature__high_bin | cancel_rate_bid__high_bin | spread__low_bin,5.0,8.0,600,20250408_lower_k1.0_2042_2025-04-08T13:30:00.032286,2025-04-08,2025-04-08T13:30:00.032286,2025-04-08T13:30:01.663431,5271.5,2025-04-08T13:31:12.913780,5263.5,stop,-8.0,3.5,8.0,-8.0,71.250349,2025-04-08
2,G2_VOTE2OF3_curv_cancel_spread,AT_LEAST_K,bid_depth_curvature__high_bin | cancel_rate_bid__high_bin | spread__low_bin,5.0,8.0,600,20250408_lower_k1.0_2043_2025-04-08T13:45:00.270754,2025-04-08,2025-04-08T13:45:00.270754,2025-04-08T13:48:55.022410,5249.25,2025-04-08T13:49:18.372930,5254.5,target,5.25,5.25,6.25,5.25,23.35052,2025-04-08
2,G2_VOTE2OF3_curv_cancel_spread,AT_LEAST_K,bid_depth_curvature__high_bin | cancel_rate_bid__high_bin | spread__low_bin,5.0,8.0,600,20250409_lower_k1.0_2046_2025-04-09T13:45:53.650852,2025-04-09,2025-04-09T13:45:53.650852,2025-04-09T13:46:03.531371,5016.5,2025-04-09T13:46:07.311326,5021.5,target,5.0,5.0,0.25,5.0,3.779955,2025-04-09
2,G2_VOTE2OF3_curv_cancel_spread,AT_LEAST_K,bid_depth_curvature__high_bin | cancel_rate_bid__high_bin | spread__low_bin,5.0,8.0,600,20250409_lower_k1.0_2047_2025-04-09T14:07:21.460230,2025-04-09,2025-04-09T14:07:21.460230,2025-04-09T14:07:35.441580,5030.0,2025-04-09T14:07:53.680033,5035.0,target,5.0,5.0,3.75,5.0,18.238453,2025-04-09
2,G2_VOTE2OF3_curv_cancel_spread,AT_LEAST_K,bid_depth_curvature__high_bin | cancel_rate_bid__high_bin | spread__low_bin,5.0,8.0,600,20250409_lower_k1.0_2048_2025-04-09T14:23:07.230559,2025-04-09,2025-04-09T14:23:07.230559,2025-04-09T14:23:08.232655,5029.0,2025-04-09T14:23:11.055231,5034.0,target,5.0,5.0,0.25,5.0,2.822576,2025-04-09
2,G2_VOTE2OF3_curv_cancel_spread,AT_LEAST_K,bid_depth_curvature__high_bin | cancel_rate_bid__high_bin | spread__low_bin,5.0,8.0,600,20250409_lower_k1.0_2050_2025-04-09T15:06:47.154025,2025-04-09,2025-04-09T15:06:47.154025,2025-04-09T15:06:47.334166,5024.5,2025-04-09T15:07:04.860405,5016.5,stop,-8.0,3.25,8.0,-8.0,17.526239,2025-04-09
2,G2_VOTE2OF3_curv_cancel_spread,AT_LEAST_K,bid_depth_curvature__high_bin | cancel_rate_bid__high_bin | spread__low_bin,5.0,8.0,600,20250409_lower_k1.0_2052_2025-04-09T15:48:11.000726,2025-04-09,2025-04-09T15:48:11.000726,2025-04-09T15:48:12.662397,5024.0,2025-04-09T15:48:41.103882,5029.0,target,5.0,5.0,1.5,5.0,28.441485,2025-04-09
2,G2_VOTE2OF3_curv_cancel_spread,AT_LEAST_K,bid_depth_curvature__high_bin | cancel_rate_bid__high_bin | spread__low_bin,5.0,8.0,600,20250409_lower_k1.0_2054_2025-04-09T17:18:52.151566,2025-04-09,2025-04-09T17:18:52.151566,2025-04-09T17:18:52.441817,5025.5,2025-04-09T17:18:52.550649,5030.5,target,5.0,5.0,0.5,5.0,0.108832,2025-04-09
2,G2_VOTE2OF3_curv_cancel_spread,AT_LEAST_K,bid_depth_curvature__high_bin | cancel_rate_bid__high_bin | spread__low_bin,5.0,8.0,600,20250410_lower_k1.0_2056_2025-04-10T13:45:15.493598,2025-04-10,2025-04-10T13:45:15.493598,2025-04-10T13:45:16.043427,5360.25,2025-04-10T13:45:50.260913,5365.25,target,5.0,5.0,5.0,5.0,34.217486,2025-04-10
2,G2_VOTE2OF3_curv_cancel_spread,AT_LEAST_K,bid_depth_curvature__high_bin | cancel_rate_bid__high_bin | spread__low_bin,5.0,8.0,600,20250410_lower_k1.0_2057_2025-04-10T14:23:30.890927,2025-04-10,2025-04-10T14:23:30.890927,2025-04-10T14:23:31.723451,5348.75,2025-04-10T14:24:25.542949,5353.75,target,5.0,5.0,3.25,5.0,53.819498,2025-04-10
2,G2_VOTE2OF3_curv_cancel_spread,AT_LEAST_K,bid_depth_curvature__high_bin | cancel_rate_bid__high_bin | spread__low_bin,5.0,8.0,600,20250410_lower_k1.0_2060_2025-04-10T17:44:16.600947,2025-04-10,2025-04-10T17:44:16.600947,2025-04-10T17:44:17.984260,5278.25,2025-04-10T17:44:26.380856,5270.25,stop,-8.0,3.5,8.0,-8.0,8.396596,2025-04-10
2,G2_VOTE2OF3_curv_cancel_spread,AT_LEAST_K,bid_depth_curvature__high_bin | cancel_rate_bid__high_bin | spread__low_bin,5.0,8.0,600,20250410_lower_k1.0_2061_2025-04-10T18:09:39.624936,2025-04-10,2025-04-10T18:09:39.624936,2025-04-10T18:09:39.628422,5278.0,2025-04-10T18:10:02.243131,5283.0,target,5.0,5.0,1.75,5.0,22.614709,2025-04-10
2,G2_VOTE2OF3_curv_cancel_spread,AT_LEAST_K,bid_depth_curvature__high_bin | cancel_rate_bid__high_bin | spread__low_bin,5.0,8.0,600,20250410_lower_k1.0_2062_2025-04-10T19:29:35.182634,2025-04-10,2025-04-10T19:29:35.182634,2025-04-10T19:29:36.050566,5281.75,2025-04-10T19:30:13.972279,5286.75,target,5.0,5.0,6.5,5.0,37.921713,2025-04-10
2,G2_VOTE2OF3_curv_cancel_spread,AT_LEAST_K,bid_depth_curvature__high_bin | cancel_rate_bid__high_bin | spread__low_bin,5.0,8.0,600,20250410_lower_k1.0_2063_2025-04-10T19:50:09.281204,2025-04-10,2025-04-10T19:50:09.281204,2025-04-10T19:50:09.580940,5276.75,2025-04-10T19:50:54.066932,5281.75,target,5.0,5.0,7.25,5.0,44.485992,2025-04-10
2,G2_VOTE2OF3_curv_cancel_spread,AT_LEAST_K,bid_depth_curvature__high_bin | cancel_rate_bid__high_bin | spread__low_bin,5.0,8.0,600,20250411_lower_k1.0_2064_2025-04-11T13:31:04.614476,2025-04-11,2025-04-11T13:31:04.614476,2025-04-11T13:31:09.366543,5290.0,2025-04-11T13:31:44.306977,5282.0,stop,-8.0,1.25,8.0,-8.0,34.940434,2025-04-11
2,G2_VOTE2OF3_curv_cancel_spread,AT_LEAST_K,bid_depth_curvature__high_bin | cancel_rate_bid__high_bin | spread__low_bin,5.0,8.0,600,20250411_lower_k1.0_2065_2025-04-11T14:01:44.021216,2025-04-11,2025-04-11T14:01:44.021216,2025-04-11T14:01:44.391822,5298.25,2025-04-11T14:02:10.742245,5290.25,stop,-8.0,1.75,8.0,-8.0,26.350423,2025-04-11
2,G2_VOTE2OF3_curv_cancel_spread,AT_LEAST_K,bid_depth_curvature__high_bin | cancel_rate_bid__high_bin | spread__low_bin,5.0,8.0,600,20250411_lower_k1.0_2067_2025-04-11T14:34:00.760355,2025-04-11,2025-04-11T14:34:00.760355,2025-04-11T14:34:03.938167,5289.75,2025-04-11T14:35:29.900216,5294.75,target,5.0,5.0,7.75,5.0,85.962049,2025-04-11
2,G2_VOTE2OF3_curv_cancel_spread,AT_LEAST_K,bid_depth_curvature__high_bin | cancel_rate_bid__high_bin | spread__low_bin,5.0,8.0,600,20250411_lower_k1.0_2068_2025-04-11T14:51:17.950089,2025-04-11,2025-04-11T14:51:17.950089,2025-04-11T14:51:20.270451,5290.5,2025-04-11T14:51:27.022002,5295.5,target,5.0,5.0,0.0,5.0,6.751551,2025-04-11
3,G2_VOTE2OF3_curv_cancel_spread,AT_LEAST_K,bid_depth_curvature__high_bin | cancel_rate_bid__high_bin | spread__low_bin,5.0,8.0,600,20250411_lower_k1.0_2069_2025-04-11T15:33:07.584118,2025-04-11,2025-04-11T15:33:07.584118,2025-04-11T15:33:08.082126,5289.75,2025-04-11T15:35:55.580877,5281.75,stop,-8.0,1.5,8.0,-8.0,167.498751,2025-04-11
3,G2_VOTE2OF3_curv_cancel_spread,AT_LEAST_K,bid_depth_curvature__high_bin | cancel_rate_bid__high_bin | spread__low_bin,5.0,8.0,600,20250414_lower_k1.0_2070_2025-04-14T13:30:00.501142,2025-04-14,2025-04-14T13:30:00.501142,2025-04-14T13:30:00.540321,5493.0,2025-04-14T13:30:03.865535,5485.0,stop,-8.0,1.25,8.0,-8.0,3.325214,2025-04-14
3,G2_VOTE2OF3_curv_cancel_spread,AT_LEAST_K,bid_depth_curvature__high_bin | cancel_rate_bid__high_bin | spread__low_bin,5.0,8.0,600,20250414_lower_k1.0_2071_2025-04-14T13:45:21.351219,2025-04-14,2025-04-14T13:45:21.351219,2025-04-14T13:45:31.700892,5464.75,2025-04-14T13:46:35.280619,5456.75,stop,-8.0,2.0,8.0,-8.0,63.579727,2025-04-14
3,G2_VOTE2OF3_curv_cancel_spread,AT_LEAST_K,bid_depth_curvature__high_bin | cancel_rate_bid__high_bin | spread__low_bin,5.0,8.0,600,20250414_lower_k1.0_2072_2025-04-14T14:00:26.223073,2025-04-14,2025-04-14T14:00:26.223073,2025-04-14T14:00:27.631762,5463.5,2025-04-14T14:01:01.311788,5455.5,stop,-8.0,0.0,8.0,-8.0,33.680026,2025-04-14
3,G2_VOTE2OF3_curv_cancel_spread,AT_LEAST_K,bid_depth_curvature__high_bin | cancel_rate_bid__high_bin | spread__low_bin,5.0,8.0,600,20250414_lower_k1.0_2073_2025-04-14T14:20:02.668931,2025-04-14,2025-04-14T14:20:02.668931,2025-04-14T14:20:06.052333,5462.75,2025-04-14T14:22:26.624519,5467.75,target,5.0,5.0,5.75,5.0,140.572186,2025-04-14
3,G2_VOTE2OF3_curv_cancel_spread,AT_LEAST_K,bid_depth_curvature__high_bin | cancel_rate_bid__high_bin | spread__low_bin,5.0,8.0,600,20250414_lower_k1.0_2075_2025-04-14T17:00:05.346649,2025-04-14,2025-04-14T17:00:05.346649,2025-04-14T17:00:07.824110,5437.25,2025-04-14T17:00:10.182302,5442.25,target,5.0,5.0,4.0,5.0,2.358192,2025-04-14
3,G2_VOTE2OF3_curv_cancel_spread,AT_LEAST_K,bid_depth_curvature__high_bin | cancel_rate_bid__high_bin | spread__low_bin,5.0,8.0,600,20250415_lower_k1.0_2079_2025-04-15T13:30:00.052664,2025-04-15,2025-04-15T13:30:00.052664,2025-04-15T13:30:02.446264,5448.0,2025-04-15T13:30:27.493200,5453.0,target,5.0,5.0,0.25,5.0,25.046936,2025-04-15
3,G2_VOTE2OF3_curv_cancel_spread,AT_LEAST_K,bid_depth_curvature__high_bin | cancel_rate_bid__high_bin | spread__low_bin,5.0,8.0,600,20250415_lower_k1.0_2080_2025-04-15T14:17:30.724803,2025-04-15,2025-04-15T14:17:30.724803,2025-04-15T14:17:30.744033,5464.0,2025-04-15T14:17:40.660569,5469.0,target,5.0,5.0,5.25,5.0,9.916536,2025-04-15
3,G2_VOTE2OF3_curv_cancel_spread,AT_LEAST_K,bid_depth_curvature__high_bin | cancel_rate_bid__high_bin | spread__low_bin,5.0,8.0,600,20250416_lower_k1.0_2090_2025-04-16T13:45:00.367170,2025-04-16,2025-04-16T13:45:00.367170,2025-04-16T13:45:00.756090,5375.25,2025-04-16T13:47:13.932242,5367.25,stop,-8.0,2.25,8.0,-8.0,133.176152,2025-04-16
3,G2_VOTE2OF3_curv_cancel_spread,AT_LEAST_K,bid_depth_curvature__high_bin | cancel_rate_bid__high_bin | spread__low_bin,5.0,8.0,600,20250417_lower_k1.0_2095_2025-04-17T13:30:00.021876,2025-04-17,2025-04-17T13:30:00.021876,2025-04-17T13:31:32.675452,5319.75,2025-04-17T13:31:42.922342,5324.75,target,5.0,5.0,1.0,5.0,10.24689,2025-04-17
3,G2_VOTE2OF3_curv_cancel_spread,AT_LEAST_K,bid_depth_curvature__high_bin | cancel_rate_bid__high_bin | spread__low_bin,5.0,8.0,600,20250421_lower_k1.0_2105_2025-04-21T13:30:00.764345,2025-04-21,2025-04-21T13:30:00.764345,2025-04-21T13:30:33.984381,5256.75,2025-04-21T13:31:00.030211,5261.75,target,5.0,5.0,1.25,5.0,26.04583,2025-04-21
3,G2_VOTE2OF3_curv_cancel_spread,AT_LEAST_K,bid_depth_curvature__high_bin | cancel_rate_bid__high_bin | spread__low_bin,5.0,8.0,600,20250421_lower_k1.0_2106_2025-04-21T13:48:51.802528,2025-04-21,2025-04-21T13:48:51.802528,2025-04-21T13:48:52.985642,5241.75,2025-04-21T13:52:46.861287,5233.75,stop,-8.0,3.5,8.0,-8.0,233.875645,2025-04-21
3,G2_VOTE2OF3_curv_cancel_spread,AT_LEAST_K,bid_depth_curvature__high_bin | cancel_rate_bid__high_bin | spread__low_bin,5.0,8.0,600,20250422_lower_k1.0_2109_2025-04-22T17:15:47.932745,2025-04-22,2025-04-22T17:15:47.932745,2025-04-22T17:16:03.960497,5288.25,2025-04-22T17:18:49.591077,5293.25,target,5.0,5.0,7.0,5.0,165.63058,2025-04-22
3,G2_VOTE2OF3_curv_cancel_spread,AT_LEAST_K,bid_depth_curvature__high_bin | cancel_rate_bid__high_bin | spread__low_bin,5.0,8.0,600,20250423_lower_k1.0_2113_2025-04-23T13:30:00.165350,2025-04-23,2025-04-23T13:30:00.165350,2025-04-23T13:30:00.851315,5449.25,2025-04-23T13:31:37.690103,5454.25,target,5.0,5.0,3.75,5.0,96.838788,2025-04-23
3,G2_VOTE2OF3_curv_cancel_spread,AT_LEAST_K,bid_depth_curvature__high_bin | cancel_rate_bid__high_bin | spread__low_bin,5.0,8.0,600,20250423_lower_k1.0_2114_2025-04-23T13:55:13.542062,2025-04-23,2025-04-23T13:55:13.542062,2025-04-23T13:55:18.070860,5465.75,2025-04-23T13:56:38.631080,5470.75,target,5.0,5.0,1.75,5.0,80.56022,2025-04-23
3,G2_VOTE2OF3_curv_cancel_spread,AT_LEAST_K,bid_depth_curvature__high_bin | cancel_rate_bid__high_bin | spread__low_bin,5.0,8.0,600,20250423_lower_k1.0_2115_2025-04-23T14:15:30.390534,2025-04-23,2025-04-23T14:15:30.390534,2025-04-23T14:15:44.702331,5469.75,2025-04-23T14:16:44.961307,5461.75,stop,-8.0,1.0,8.0,-8.0,60.258976,2025-04-23
3,G2_VOTE2OF3_curv_cancel_spread,AT_LEAST_K,bid_depth_curvature__high_bin | cancel_rate_bid__high_bin | spread__low_bin,5.0,8.0,600,20250425_lower_k1.0_2118_2025-04-25T13:30:00.585026,2025-04-25,2025-04-25T13:30:00.585026,2025-04-25T13:30:44.861841,5509.75,2025-04-25T13:30:58.782222,5514.75,target,5.0,5.0,1.0,5.0,13.920381,2025-04-25
3,G2_VOTE2OF3_curv_cancel_spread,AT_LEAST_K,bid_depth_curvature__high_bin | cancel_rate_bid__high_bin | spread__low_bin,5.0,8.0,600,20250425_lower_k1.0_2120_2025-04-25T14:01:49.580926,2025-04-25,2025-04-25T14:01:49.580926,2025-04-25T14:03:31.992666,5503.75,2025-04-25T14:07:03.530311,5508.75,target,5.0,5.0,5.25,5.0,211.537645,2025-04-25
3,G2_VOTE2OF3_curv_cancel_spread,AT_LEAST_K,bid_depth_curvature__high_bin | cancel_rate_bid__high_bin | spread__low_bin,5.0,8.0,600,20250425_lower_k1.0_2121_2025-04-25T14:20:25.921941,2025-04-25,2025-04-25T14:20:25.921941,2025-04-25T14:20:30.526365,5506.0,2025-04-25T14:21:01.961271,5511.0,target,5.0,5.0,0.5,5.0,31.434906,2025-04-25
3,G2_VOTE2OF3_curv_cancel_spread,AT_LEAST_K,bid_depth_curvature__high_bin | cancel_rate_bid__high_bin | spread__low_bin,5.0,8.0,600,20250428_lower_k1.0_2127_2025-04-28T13:50:23.910911,2025-04-28,2025-04-28T13:50:23.910911,2025-04-28T13:52:03.155958,5562.75,2025-04-28T13:52:37.851095,5567.75,target,5.0,5.0,0.5,5.0,34.695137,2025-04-28
3,G2_VOTE2OF3_curv_cancel_spread,AT_LEAST_K,bid_depth_curvature__high_bin | cancel_rate_bid__high_bin | spread__low_bin,5.0,8.0,600,20250429_lower_k1.0_2133_2025-04-29T13:30:00.429953,2025-04-29,2025-04-29T13:30:00.429953,2025-04-29T13:30:01.160195,5531.0,2025-04-29T13:31:04.713982,5536.0,target,5.0,5.0,3.25,5.0,63.553787,2025-04-29
3,G2_VOTE2OF3_curv_cancel_spread,AT_LEAST_K,bid_depth_curvature__high_bin | cancel_rate_bid__high_bin | spread__low_bin,5.0,8.0,600,20250429_lower_k1.0_2134_2025-04-29T14:00:01.093145,2025-04-29,2025-04-29T14:00:01.093145,2025-04-29T14:00:01.093928,5539.5,2025-04-29T14:00:01.889016,5544.5,target,5.0,5.0,2.0,5.0,0.795088,2025-04-29
3,G2_VOTE2OF3_curv_cancel_spread,AT_LEAST_K,bid_depth_curvature__high_bin | cancel_rate_bid__high_bin | spread__low_bin,5.0,8.0,600,20250430_lower_k1.0_2140_2025-04-30T14:09:02.981964,2025-04-30,2025-04-30T14:09:02.981964,2025-04-30T14:09:04.362235,5476.25,2025-04-30T14:09:30.763516,5481.25,target,5.0,5.0,0.0,5.0,26.401281,2025-04-30
3,G2_VOTE2OF3_curv_cancel_spread,AT_LEAST_K,bid_depth_curvature__high_bin | cancel_rate_bid__high_bin | spread__low_bin,5.0,8.0,600,20250501_lower_k1.0_2141_2025-05-01T13:30:00.043224,2025-05-01,2025-05-01T13:30:00.043224,2025-05-01T13:30:35.010831,5643.75,2025-05-01T13:31:51.205576,5635.75,stop,-8.0,3.75,8.0,-8.0,76.194745,2025-05-01
3,G2_VOTE2OF3_curv_cancel_spread,AT_LEAST_K,bid_depth_curvature__high_bin | cancel_rate_bid__high_bin | spread__low_bin,5.0,8.0,600,20250502_lower_k1.0_2152_2025-05-02T14:02:15.980722,2025-05-02,2025-05-02T14:02:15.980722,2025-05-02T14:04:37.191952,5678.75,2025-05-02T14:05:23.370141,5683.75,target,5.0,5.0,0.0,5.0,46.178189,2025-05-02
3,G2_VOTE2OF3_curv_cancel_spread,AT_LEAST_K,bid_depth_curvature__high_bin | cancel_rate_bid__high_bin | spread__low_bin,5.0,8.0,600,20250505_lower_k1.0_2156_2025-05-05T13:45:04.901359,2025-05-05,2025-05-05T13:45:04.901359,2025-05-05T13:46:10.765191,5661.0,2025-05-05T13:48:38.560059,5666.0,target,5.0,5.0,0.5,5.0,147.794868,2025-05-05
3,G2_VOTE2OF3_curv_cancel_spread,AT_LEAST_K,bid_depth_curvature__high_bin | cancel_rate_bid__high_bin | spread__low_bin,5.0,8.0,600,20250506_lower_k1.0_2160_2025-05-06T13:30:00.139415,2025-05-06,2025-05-06T13:30:00.139415,2025-05-06T13:30:00.353366,5615.5,2025-05-06T13:30:29.371986,5620.5,target,5.0,5.0,3.0,5.0,29.01862,2025-05-06
3,G2_VOTE2OF3_curv_cancel_spread,AT_LEAST_K,bid_depth_curvature__high_bin | cancel_rate_bid__high_bin | spread__low_bin,5.0,8.0,600,20250507_lower_k1.0_2170_2025-05-07T13:49:17.081417,2025-05-07,2025-05-07T13:49:17.081417,2025-05-07T13:49:19.642066,5637.5,2025-05-07T13:51:26.470353,5642.5,target,5.0,5.0,4.5,5.0,126.828287,2025-05-07
3,G2_VOTE2OF3_curv_cancel_spread,AT_LEAST_K,bid_depth_curvature__high_bin | cancel_rate_bid__high_bin | spread__low_bin,5.0,8.0,600,20250507_lower_k1.0_2176_2025-05-07T18:00:02.601738,2025-05-07,2025-05-07T18:00:02.601738,2025-05-07T18:00:03.820127,5634.0,2025-05-07T18:00:03.823494,5639.0,target,5.0,5.0,0.0,5.0,0.003367,2025-05-07
3,G2_VOTE2OF3_curv_cancel_spread,AT_LEAST_K,bid_depth_curvature__high_bin | cancel_rate_bid__high_bin | spread__low_bin,5.0,8.0,600,20250507_lower_k1.0_2180_2025-05-07T19:41:35.263208,2025-05-07,2025-05-07T19:41:35.263208,2025-05-07T19:50:17.040216,5629.5,2025-05-07T19:51:15.747960,5634.5,target,5.0,5.0,2.75,5.0,58.707744,2025-05-07
3,G2_VOTE2OF3_curv_cancel_spread,AT_LEAST_K,bid_depth_curvature__high_bin | cancel_rate_bid__high_bin | spread__low_bin,5.0,8.0,600,20250508_lower_k1.0_2181_2025-05-08T13:30:00.471599,2025-05-08,2025-05-08T13:30:00.471599,2025-05-08T13:30:01.211259,5688.5,2025-05-08T13:38:20.984625,5680.5,stop,-8.0,4.75,8.0,-8.0,499.773366,2025-05-08
4,G2_VOTE2OF3_curv_cancel_spread,AT_LEAST_K,bid_depth_curvature__high_bin | cancel_rate_bid__high_bin | spread__low_bin,5.0,8.0,600,20250523_lower_k1.0_2268_2025-05-23T13:30:00.270006,2025-05-23,2025-05-23T13:30:00.270006,2025-05-23T13:30:00.891184,5783.0,2025-05-23T13:30:15.911004,5788.0,target,5.0,5.0,2.5,5.0,15.01982,2025-05-23
4,G2_VOTE2OF3_curv_cancel_spread,AT_LEAST_K,bid_depth_curvature__high_bin | cancel_rate_bid__high_bin | spread__low_bin,5.0,8.0,600,20250523_lower_k1.0_2269_2025-05-23T13:45:06.368158,2025-05-23,2025-05-23T13:45:06.368158,2025-05-23T13:45:22.023467,5791.25,2025-05-23T13:50:49.900238,5796.25,target,5.0,5.0,6.0,5.0,327.876771,2025-05-23
4,G2_VOTE2OF3_curv_cancel_spread,AT_LEAST_K,bid_depth_curvature__high_bin | cancel_rate_bid__high_bin | spread__low_bin,5.0,8.0,600,20250530_lower_k1.0_2298_2025-05-30T13:30:00.379019,2025-05-30,2025-05-30T13:30:00.379019,2025-05-30T13:30:01.344117,5910.0,2025-05-30T13:30:58.754917,5902.0,stop,-8.0,2.75,8.0,-8.0,57.4108,2025-05-30
4,G2_VOTE2OF3_curv_cancel_spread,AT_LEAST_K,bid_depth_curvature__high_bin | cancel_rate_bid__high_bin | spread__low_bin,5.0,8.0,600,20250613_lower_k1.0_2365_2025-06-13T14:00:00.726051,2025-06-13,2025-06-13T14:00:00.726051,2025-06-13T14:00:00.871043,5999.75,2025-06-13T14:02:20.580324,5991.75,stop,-8.0,4.0,8.0,-8.0,139.709281,2025-06-13
4,G2_VOTE2OF3_curv_cancel_spread,AT_LEAST_K,bid_depth_curvature__high_bin | cancel_rate_bid__high_bin | spread__low_bin,5.0,8.0,600,20250613_lower_k1.0_2369_2025-06-13T18:04:03.543644,2025-06-13,2025-06-13T18:04:03.543644,2025-06-13T18:04:05.962724,6002.25,2025-06-13T18:05:03.400659,6007.25,target,5.0,5.0,3.0,5.0,57.437935,2025-06-13
4,G2_VOTE2OF3_curv_cancel_spread,AT_LEAST_K,bid_depth_curvature__high_bin | cancel_rate_bid__high_bin | spread__low_bin,5.0,8.0,600,20250620_lower_k1.0_2404_2025-06-20T13:30:00.043965,2025-06-20,2025-06-20T13:30:00.043965,2025-06-20T13:30:00.757335,6058.5,2025-06-20T13:36:09.080697,6063.5,target,5.0,5.0,6.25,5.0,368.323362,2025-06-20
4,G2_VOTE2OF3_curv_cancel_spread,AT_LEAST_K,bid_depth_curvature__high_bin | cancel_rate_bid__high_bin | spread__low_bin,5.0,8.0,600,20250716_lower_k1.0_2505_2025-07-16T15:16:10.890925,2025-07-16,2025-07-16T15:16:10.890925,2025-07-16T15:16:11.063772,6283.75,2025-07-16T15:16:22.127935,6275.75,stop,-8.0,2.5,8.0,-8.0,11.064163,2025-07-16
4,G2_VOTE2OF3_curv_cancel_spread,AT_LEAST_K,bid_depth_curvature__high_bin | cancel_rate_bid__high_bin | spread__low_bin,5.0,8.0,600,20250917_lower_k1.0_2804_2025-09-17T18:13:03.004991,2025-09-17,2025-09-17T18:13:03.004991,2025-09-17T18:13:13.088023,6661.25,2025-09-17T18:14:19.104975,6653.25,stop,-8.0,0.0,8.0,-8.0,66.016952,2025-09-17
4,G2_VOTE2OF3_curv_cancel_spread,AT_LEAST_K,bid_depth_curvature__high_bin | cancel_rate_bid__high_bin | spread__low_bin,5.0,8.0,600,20250917_lower_k1.0_2806_2025-09-17T19:00:20.312603,2025-09-17,2025-09-17T19:00:20.312603,2025-09-17T19:00:23.021078,6653.0,2025-09-17T19:01:09.934921,6645.0,stop,-8.0,0.5,8.0,-8.0,46.913843,2025-09-17
4,G2_VOTE2OF3_curv_cancel_spread,AT_LEAST_K,bid_depth_curvature__high_bin | cancel_rate_bid__high_bin | spread__low_bin,5.0,8.0,600,20250917_lower_k1.0_2807_2025-09-17T19:15:24.052337,2025-09-17,2025-09-17T19:15:24.052337,2025-09-17T19:15:26.183066,6653.25,2025-09-17T19:15:50.380536,6658.25,target,5.0,5.0,0.75,5.0,24.19747,2025-09-17
4,G2_VOTE2OF3_curv_cancel_spread,AT_LEAST_K,bid_depth_curvature__high_bin | cancel_rate_bid__high_bin | spread__low_bin,5.0,8.0,600,20251013_lower_k1.0_2900_2025-10-13T13:45:20.680641,2025-10-13,2025-10-13T13:45:20.680641,2025-10-13T13:45:21.353166,6667.75,2025-10-13T13:46:28.901459,6672.75,target,5.0,5.0,0.25,5.0,67.548293,2025-10-13
4,G2_VOTE2OF3_curv_cancel_spread,AT_LEAST_K,bid_depth_curvature__high_bin | cancel_rate_bid__high_bin | spread__low_bin,5.0,8.0,600,20251017_lower_k1.0_2922_2025-10-17T13:30:00.020881,2025-10-17,2025-10-17T13:30:00.020881,2025-10-17T13:30:00.190564,6653.0,2025-10-17T13:30:05.816844,6658.0,target,5.0,5.0,1.5,5.0,5.62628,2025-10-17
4,G2_VOTE2OF3_curv_cancel_spread,AT_LEAST_K,bid_depth_curvature__high_bin | cancel_rate_bid__high_bin | spread__low_bin,5.0,8.0,600,20251017_lower_k1.0_2923_2025-10-17T13:47:54.726701,2025-10-17,2025-10-17T13:47:54.726701,2025-10-17T13:47:56.992002,6652.0,2025-10-17T13:48:12.020999,6657.0,target,5.0,5.0,0.5,5.0,15.028997,2025-10-17
4,G2_VOTE2OF3_curv_cancel_spread,AT_LEAST_K,bid_depth_curvature__high_bin | cancel_rate_bid__high_bin | spread__low_bin,5.0,8.0,600,20251017_lower_k1.0_2925_2025-10-17T14:51:20.702825,2025-10-17,2025-10-17T14:51:20.702825,2025-10-17T14:55:03.343284,6665.75,2025-10-17T14:56:12.024853,6657.75,stop,-8.0,2.0,8.0,-8.0,68.681569,2025-10-17
4,G2_VOTE2OF3_curv_cancel_spread,AT_LEAST_K,bid_depth_curvature__high_bin | cancel_rate_bid__high_bin | spread__low_bin,5.0,8.0,600,20251107_lower_k1.0_3032_2025-11-07T15:24:47.241798,2025-11-07,2025-11-07T15:24:47.241798,2025-11-07T15:24:51.410967,6699.75,2025-11-07T15:25:55.051030,6704.75,target,5.0,5.0,1.5,5.0,63.640063,2025-11-07
4,G2_VOTE2OF3_curv_cancel_spread,AT_LEAST_K,bid_depth_curvature__high_bin | cancel_rate_bid__high_bin | spread__low_bin,5.0,8.0,600,20251118_lower_k1.0_3073_2025-11-18T14:46:20.741425,2025-11-18,2025-11-18T14:46:20.741425,2025-11-18T14:46:21.172329,6660.25,2025-11-18T14:47:21.301000,6652.25,stop,-8.0,4.25,8.0,-8.0,60.128671,2025-11-18
4,G2_VOTE2OF3_curv_cancel_spread,AT_LEAST_K,bid_depth_curvature__high_bin | cancel_rate_bid__high_bin | spread__low_bin,5.0,8.0,600,20251118_lower_k1.0_3074_2025-11-18T15:21:10.226993,2025-11-18,2025-11-18T15:21:10.226993,2025-11-18T15:21:17.746712,6631.25,2025-11-18T15:21:43.260843,6636.25,target,5.0,5.0,2.0,5.0,25.514131,2025-11-18
4,G2_VOTE2OF3_curv_cancel_spread,AT_LEAST_K,bid_depth_curvature__high_bin | cancel_rate_bid__high_bin | spread__low_bin,5.0,8.0,600,20251118_lower_k1.0_3075_2025-11-18T16:11:57.894861,2025-11-18,2025-11-18T16:11:57.894861,2025-11-18T16:12:11.240507,6625.0,2025-11-18T16:14:05.940570,6630.0,target,5.0,5.0,5.5,5.0,114.700063,2025-11-18
4,G2_VOTE2OF3_curv_cancel_spread,AT_LEAST_K,bid_depth_curvature__high_bin | cancel_rate_bid__high_bin | spread__low_bin,5.0,8.0,600,20251120_lower_k1.0_3085_2025-11-20T14:45:29.120197,2025-11-20,2025-11-20T14:45:29.120197,2025-11-20T14:45:37.588039,6767.25,2025-11-20T14:46:31.033630,6772.25,target,5.0,5.0,2.25,5.0,53.445591,2025-11-20
4,G2_VOTE2OF3_curv_cancel_spread,AT_LEAST_K,bid_depth_curvature__high_bin | cancel_rate_bid__high_bin | spread__low_bin,5.0,8.0,600,20251121_lower_k1.0_3089_2025-11-21T14:30:00.021958,2025-11-21,2025-11-21T14:30:00.021958,2025-11-21T14:30:00.120600,6580.25,2025-11-21T14:30:23.980478,6585.25,target,5.0,5.0,3.5,5.0,23.859878,2025-11-21
4,G2_VOTE2OF3_curv_cancel_spread,AT_LEAST_K,bid_depth_curvature__high_bin | cancel_rate_bid__high_bin | spread__low_bin,5.0,8.0,600,20251121_lower_k1.0_3090_2025-11-21T14:48:14.190069,2025-11-21,2025-11-21T14:48:14.190069,2025-11-21T14:48:14.790177,6576.5,2025-11-21T14:48:48.360982,6581.5,target,5.0,5.0,0.75,5.0,33.570805,2025-11-21
4,G2_VOTE2OF3_curv_cancel_spread,AT_LEAST_K,bid_depth_curvature__high_bin | cancel_rate_bid__high_bin | spread__low_bin,5.0,8.0,600,20251121_lower_k1.0_3091_2025-11-21T15:05:15.102543,2025-11-21,2025-11-21T15:05:15.102543,2025-11-21T15:08:01.530913,6575.25,2025-11-21T15:08:27.994669,6567.25,stop,-8.0,0.5,8.0,-8.0,26.463756,2025-11-21
4,G2_VOTE2OF3_curv_cancel_spread,AT_LEAST_K,bid_depth_curvature__high_bin | cancel_rate_bid__high_bin | spread__low_bin,5.0,8.0,600,20251121_lower_k1.0_3092_2025-11-21T15:23:29.426525,2025-11-21,2025-11-21T15:23:29.426525,2025-11-21T15:23:38.960193,6572.5,2025-11-21T15:24:36.930697,6577.5,target,5.0,5.0,6.0,5.0,57.970504,2025-11-21
4,G2_VOTE2OF3_curv_cancel_spread,AT_LEAST_K,bid_depth_curvature__high_bin | cancel_rate_bid__high_bin | spread__low_bin,5.0,8.0,600,20251121_lower_k1.0_3094_2025-11-21T16:13:39.153568,2025-11-21,2025-11-21T16:13:39.153568,2025-11-21T16:14:03.043488,6564.0,2025-11-21T16:17:00.405980,6569.0,target,5.0,5.0,3.75,5.0,177.362492,2025-11-21
4,G2_VOTE2OF3_curv_cancel_spread,AT_LEAST_K,bid_depth_curvature__high_bin | cancel_rate_bid__high_bin | spread__low_bin,5.0,8.0,600,20251124_lower_k1.0_3096_2025-11-24T14:47:30.100304,2025-11-24,2025-11-24T14:47:30.100304,2025-11-24T14:47:31.740699,6666.75,2025-11-24T14:49:16.590135,6658.75,stop,-8.0,4.0,8.0,-8.0,104.849436,2025-11-24
4,G2_VOTE2OF3_curv_cancel_spread,AT_LEAST_K,bid_depth_curvature__high_bin | cancel_rate_bid__high_bin | spread__low_bin,5.0,8.0,600,20251216_lower_k1.0_3210_2025-12-16T14:47:07.098816,2025-12-16,2025-12-16T14:47:07.098816,2025-12-16T14:47:10.041491,6859.25,2025-12-16T14:47:30.041716,6864.25,target,5.0,5.0,0.0,5.0,20.000225,2025-12-16
4,G2_VOTE2OF3_curv_cancel_spread,AT_LEAST_K,bid_depth_curvature__high_bin | cancel_rate_bid__high_bin | spread__low_bin,5.0,8.0,600,20260109_lower_k1.0_3324_2026-01-09T15:00:44.821331,2026-01-09,2026-01-09T15:00:44.821331,2026-01-09T15:01:57.880732,6974.0,2026-01-09T15:02:28.965065,6979.0,target,5.0,5.0,0.25,5.0,31.084333,2026-01-09
4,G2_VOTE2OF3_curv_cancel_spread,AT_LEAST_K,bid_depth_curvature__high_bin | cancel_rate_bid__high_bin | spread__low_bin,5.0,8.0,600,20260114_lower_k1.0_3336_2026-01-14T15:11:47.242217,2026-01-14,2026-01-14T15:11:47.242217,2026-01-14T15:11:51.351558,6955.0,2026-01-14T15:12:17.883549,6960.0,target,5.0,5.0,2.5,5.0,26.531991,2026-01-14
4,G2_VOTE2OF3_curv_cancel_spread,AT_LEAST_K,bid_depth_curvature__high_bin | cancel_rate_bid__high_bin | spread__low_bin,5.0,8.0,600,20260128_lower_k1.0_3395_2026-01-28T19:30:58.885426,2026-01-28,2026-01-28T19:30:58.885426,2026-01-28T19:31:46.660756,7006.0,2026-01-28T19:34:29.131918,6998.0,stop,-8.0,2.25,8.0,-8.0,162.471162,2026-01-28
4,G2_VOTE2OF3_curv_cancel_spread,AT_LEAST_K,bid_depth_curvature__high_bin | cancel_rate_bid__high_bin | spread__low_bin,5.0,8.0,600,20260130_lower_k1.0_3405_2026-01-30T15:01:56.526076,2026-01-30,2026-01-30T15:01:56.526076,2026-01-30T15:02:20.435371,6971.25,2026-01-30T15:06:31.030506,6976.25,target,5.0,5.0,6.75,5.0,250.595135,2026-01-30
4,G2_VOTE2OF3_curv_cancel_spread,AT_LEAST_K,bid_depth_curvature__high_bin | cancel_rate_bid__high_bin | spread__low_bin,5.0,8.0,600,20260130_lower_k1.0_3410_2026-01-30T19:30:46.778384,2026-01-30,2026-01-30T19:30:46.778384,2026-01-30T19:30:48.350601,6958.25,2026-01-30T19:31:31.280568,6963.25,target,5.0,5.0,4.75,5.0,42.929967,2026-01-30
