trade_day,trade_date,year,iso_week,weekday_num,n_trades
2025-03-11,2025-03-11,2025,11,2,3
2025-03-12,2025-03-12,2025,11,3,2
2025-03-17,2025-03-17,2025,12,1,2
2025-03-18,2025-03-18,2025,12,2,1
2025-03-19,2025-03-19,2025,12,3,2
2025-04-03,2025-04-03,2025,14,4,2
2025-04-07,2025-04-07,2025,15,1,9
2025-04-08,2025-04-08,2025,15,2,2
2025-04-09,2025-04-09,2025,15,3,6
2025-04-10,2025-04-10,2025,15,4,6
2025-04-11,2025-04-11,2025,15,5,5
2025-04-14,2025-04-14,2025,16,1,5
2025-04-15,2025-04-15,2025,16,2,2
2025-04-16,2025-04-16,2025,16,3,1
2025-04-17,2025-04-17,2025,16,4,1
2025-04-21,2025-04-21,2025,17,1,2
2025-04-22,2025-04-22,2025,17,2,1
2025-04-23,2025-04-23,2025,17,3,3
2025-04-25,2025-04-25,2025,17,5,3
2025-04-28,2025-04-28,2025,18,1,1
2025-04-29,2025-04-29,2025,18,2,2
2025-04-30,2025-04-30,2025,18,3,1
2025-05-01,2025-05-01,2025,18,4,1
2025-05-02,2025-05-02,2025,18,5,1
2025-05-05,2025-05-05,2025,19,1,1
2025-05-06,2025-05-06,2025,19,2,1
2025-05-07,2025-05-07,2025,19,3,3
2025-05-08,2025-05-08,2025,19,4,1
2025-05-23,2025-05-23,2025,21,5,2
2025-05-30,2025-05-30,2025,22,5,1
2025-06-13,2025-06-13,2025,24,5,2
2025-06-20,2025-06-20,2025,25,5,1
2025-07-16,2025-07-16,2025,29,3,1
2025-09-17,2025-09-17,2025,38,3,3
2025-10-13,2025-10-13,2025,42,1,1
2025-10-17,2025-10-17,2025,42,5,3
2025-11-07,2025-11-07,2025,45,5,1
2025-11-18,2025-11-18,2025,47,2,3
2025-11-20,2025-11-20,2025,47,4,1
2025-11-21,2025-11-21,2025,47,5,5
2025-11-24,2025-11-24,2025,48,1,1
2025-12-16,2025-12-16,2025,51,2,1
2026-01-09,2026-01-09,2026,2,5,1
2026-01-14,2026-01-14,2026,3,3,1
2026-01-28,2026-01-28,2026,5,3,1
2026-01-30,2026-01-30,2026,5,5,2
