year,iso_week,n_trading_days_with_trades,n_trades_week,week_start_day,week_end_day
2025,11,2,5,2025-03-11,2025-03-12
2025,12,3,5,2025-03-17,2025-03-19
2025,14,1,2,2025-04-03,2025-04-03
2025,15,5,28,2025-04-07,2025-04-11
2025,16,4,9,2025-04-14,2025-04-17
2025,17,4,9,2025-04-21,2025-04-25
2025,18,5,6,2025-04-28,2025-05-02
2025,19,4,6,2025-05-05,2025-05-08
2025,21,1,2,2025-05-23,2025-05-23
2025,22,1,1,2025-05-30,2025-05-30
2025,24,1,2,2025-06-13,2025-06-13
2025,25,1,1,2025-06-20,2025-06-20
2025,29,1,1,2025-07-16,2025-07-16
2025,38,1,3,2025-09-17,2025-09-17
2025,42,2,4,2025-10-13,2025-10-17
2025,45,1,1,2025-11-07,2025-11-07
2025,47,3,9,2025-11-18,2025-11-21
2025,48,1,1,2025-11-24,2025-11-24
2025,51,1,1,2025-12-16,2025-12-16
2026,2,1,1,2026-01-09,2026-01-09
2026,3,1,1,2026-01-14,2026-01-14
2026,5,2,3,2026-01-28,2026-01-30
