rule_1,rule_2,n_rule_1,n_rule_2,intersection_n,union_n,only_rule_1_n,only_rule_2_n,jaccard_overlap,intersection_over_rule_1,intersection_over_rule_2,min_rule_coverage_overlap,max_rule_coverage_overlap
B1_realized_volatility_30s__depth_mid_ask,B2_realized_vol_1m__depth_mid_ask,312,313,287,338,25,26,0.849112426035503,0.9198717948717948,0.9169329073482428,0.9198717948717948,0.9169329073482428
A1_depth_mid_ask__cancel_rate_ask,A2_depth_near_ask__cancel_rate_ask,343,329,293,379,50,36,0.7730870712401056,0.8542274052478134,0.8905775075987842,0.8905775075987842,0.8542274052478134
D1_depth_mid_ask__queue_imbalance_std_5s,D2_depth_near_ask__queue_imbalance_std_5s,289,291,251,329,38,40,0.7629179331306991,0.8685121107266436,0.8625429553264605,0.8685121107266436,0.8625429553264605
A1_depth_mid_ask__cancel_rate_ask,B1_realized_volatility_30s__depth_mid_ask,343,312,261,394,82,51,0.6624365482233503,0.760932944606414,0.8365384615384616,0.8365384615384616,0.760932944606414
A1_depth_mid_ask__cancel_rate_ask,B2_realized_vol_1m__depth_mid_ask,343,313,256,400,87,57,0.64,0.7463556851311953,0.8178913738019169,0.8178913738019169,0.7463556851311953
A1_depth_mid_ask__cancel_rate_ask,C2_cancel_rate_ask__bid_depth_curvature,343,281,226,398,117,55,0.5678391959798995,0.6588921282798834,0.8042704626334519,0.8042704626334519,0.6588921282798834
A2_depth_near_ask__cancel_rate_ask,C2_cancel_rate_ask__bid_depth_curvature,329,281,218,392,111,63,0.5561224489795918,0.662613981762918,0.7758007117437722,0.7758007117437722,0.662613981762918
A2_depth_near_ask__cancel_rate_ask,B1_realized_volatility_30s__depth_mid_ask,329,312,229,412,100,83,0.5558252427184466,0.6960486322188449,0.7339743589743589,0.7339743589743589,0.6960486322188449
A2_depth_near_ask__cancel_rate_ask,B2_realized_vol_1m__depth_mid_ask,329,313,228,414,101,85,0.5507246376811594,0.6930091185410334,0.7284345047923323,0.7284345047923323,0.6930091185410334
A1_depth_mid_ask__cancel_rate_ask,C1_cancel_rate_ask__cancel_ratio,343,346,240,449,103,106,0.534521158129176,0.6997084548104956,0.6936416184971098,0.6997084548104956,0.6936416184971098
A2_depth_near_ask__cancel_rate_ask,C1_cancel_rate_ask__cancel_ratio,329,346,235,440,94,111,0.5340909090909091,0.7142857142857143,0.6791907514450867,0.7142857142857143,0.6791907514450867
A2_depth_near_ask__cancel_rate_ask,D2_depth_near_ask__queue_imbalance_std_5s,329,291,215,405,114,76,0.5308641975308642,0.6534954407294833,0.738831615120275,0.738831615120275,0.6534954407294833
B1_realized_volatility_30s__depth_mid_ask,D1_depth_mid_ask__queue_imbalance_std_5s,312,289,206,395,106,83,0.5215189873417722,0.6602564102564102,0.71280276816609,0.71280276816609,0.6602564102564102
A1_depth_mid_ask__cancel_rate_ask,D1_depth_mid_ask__queue_imbalance_std_5s,343,289,212,420,131,77,0.5047619047619047,0.6180758017492711,0.7335640138408305,0.7335640138408305,0.6180758017492711
C1_cancel_rate_ask__cancel_ratio,C2_cancel_rate_ask__bid_depth_curvature,346,281,209,418,137,72,0.5,0.6040462427745664,0.7437722419928826,0.7437722419928826,0.6040462427745664
B2_realized_vol_1m__depth_mid_ask,D1_depth_mid_ask__queue_imbalance_std_5s,313,289,200,402,113,89,0.4975124378109453,0.6389776357827476,0.6920415224913494,0.6920415224913494,0.6389776357827476
A2_depth_near_ask__cancel_rate_ask,D1_depth_mid_ask__queue_imbalance_std_5s,329,289,192,426,137,97,0.4507042253521127,0.5835866261398176,0.6643598615916955,0.6643598615916955,0.5835866261398176
B1_realized_volatility_30s__depth_mid_ask,D2_depth_near_ask__queue_imbalance_std_5s,312,291,187,416,125,104,0.4495192307692308,0.5993589743589743,0.6426116838487973,0.6426116838487973,0.5993589743589743
B1_realized_volatility_30s__depth_mid_ask,C2_cancel_rate_ask__bid_depth_curvature,312,281,180,413,132,101,0.4358353510895884,0.5769230769230769,0.6405693950177936,0.6405693950177936,0.5769230769230769
A1_depth_mid_ask__cancel_rate_ask,D2_depth_near_ask__queue_imbalance_std_5s,343,291,192,442,151,99,0.4343891402714932,0.5597667638483965,0.6597938144329897,0.6597938144329897,0.5597667638483965
B2_realized_vol_1m__depth_mid_ask,D2_depth_near_ask__queue_imbalance_std_5s,313,291,182,422,131,109,0.4312796208530806,0.5814696485623003,0.6254295532646048,0.6254295532646048,0.5814696485623003
B2_realized_vol_1m__depth_mid_ask,C2_cancel_rate_ask__bid_depth_curvature,313,281,177,417,136,104,0.4244604316546763,0.5654952076677316,0.6298932384341637,0.6298932384341637,0.5654952076677316
B1_realized_volatility_30s__depth_mid_ask,C1_cancel_rate_ask__cancel_ratio,312,346,190,468,122,156,0.405982905982906,0.6089743589743589,0.5491329479768786,0.6089743589743589,0.5491329479768786
B2_realized_vol_1m__depth_mid_ask,C1_cancel_rate_ask__cancel_ratio,313,346,183,476,130,163,0.38445378151260506,0.5846645367412141,0.5289017341040463,0.5846645367412141,0.5289017341040463
C1_cancel_rate_ask__cancel_ratio,D2_depth_near_ask__queue_imbalance_std_5s,346,291,171,466,175,120,0.3669527896995708,0.49421965317919075,0.5876288659793815,0.5876288659793815,0.49421965317919075
C2_cancel_rate_ask__bid_depth_curvature,D2_depth_near_ask__queue_imbalance_std_5s,281,291,152,420,129,139,0.3619047619047619,0.5409252669039146,0.5223367697594502,0.5409252669039146,0.5223367697594502
C1_cancel_rate_ask__cancel_ratio,D1_depth_mid_ask__queue_imbalance_std_5s,346,289,167,468,179,122,0.35683760683760685,0.48265895953757226,0.5778546712802768,0.5778546712802768,0.48265895953757226
C2_cancel_rate_ask__bid_depth_curvature,D1_depth_mid_ask__queue_imbalance_std_5s,281,289,149,421,132,140,0.35391923990498814,0.5302491103202847,0.5155709342560554,0.5302491103202847,0.5155709342560554
