fold_id,combo_name,event_id,date_ymd,ts,mr_pts,mae_pts,hit_stop_proxy,hit_1pt,pnl_proxy_tgt_1_stop_2,hit_2pt,pnl_proxy_tgt_2_stop_2,hit_4pt,pnl_proxy_tgt_4_stop_2
1,VOTE_B1_C1_D1,20240605_lower_k1.0_646_2024-06-05T13:45:03.950091,2024-06-05,2024-06-05 13:45:03.950091,2.0,6.25,1.0,1.0,1.0,1.0,2.0,0.0,-2.0
1,ALL2_A2_C1,20240605_lower_k1.0_646_2024-06-05T13:45:03.950091,2024-06-05,2024-06-05 13:45:03.950091,2.0,6.25,1.0,1.0,1.0,1.0,2.0,0.0,-2.0
1,SINGLE_A2,20240605_lower_k1.0_646_2024-06-05T13:45:03.950091,2024-06-05,2024-06-05 13:45:03.950091,2.0,6.25,1.0,1.0,1.0,1.0,2.0,0.0,-2.0
1,VOTE4_A2_B1_C1_E1,20240605_lower_k1.0_646_2024-06-05T13:45:03.950091,2024-06-05,2024-06-05 13:45:03.950091,2.0,6.25,1.0,1.0,1.0,1.0,2.0,0.0,-2.0
1,VOTE_B1_C1_E1,20240605_lower_k1.0_646_2024-06-05T13:45:03.950091,2024-06-05,2024-06-05 13:45:03.950091,2.0,6.25,1.0,1.0,1.0,1.0,2.0,0.0,-2.0
2,VOTE_B1_C1_D1,20241106_lower_k1.0_1358_2024-11-06T14:30:00.028729,2024-11-06,2024-11-06 14:30:00.028729,2.25,14.5,1.0,1.0,1.0,1.0,2.0,0.0,-2.0
2,SINGLE_A2,20241010_lower_k1.0_1249_2024-10-10T13:30:00.199282,2024-10-10,2024-10-10 13:30:00.199282,2.5,8.5,1.0,1.0,1.0,1.0,2.0,0.0,-2.0
2,SINGLE_A2,20241106_lower_k1.0_1359_2024-11-06T15:10:02.760644,2024-11-06,2024-11-06 15:10:02.760644,10.25,2.0,1.0,1.0,1.0,1.0,2.0,1.0,4.0
2,VOTE4_A2_B1_C1_E1,20241010_lower_k1.0_1249_2024-10-10T13:30:00.199282,2024-10-10,2024-10-10 13:30:00.199282,2.5,8.5,1.0,1.0,1.0,1.0,2.0,0.0,-2.0
2,VOTE4_A2_B1_C1_E1,20241106_lower_k1.0_1358_2024-11-06T14:30:00.028729,2024-11-06,2024-11-06 14:30:00.028729,2.25,14.5,1.0,1.0,1.0,1.0,2.0,0.0,-2.0
2,VOTE_B1_C1_E1,20241106_lower_k1.0_1358_2024-11-06T14:30:00.028729,2024-11-06,2024-11-06 14:30:00.028729,2.25,14.5,1.0,1.0,1.0,1.0,2.0,0.0,-2.0
3,VOTE_B1_C1_D1,20250311_lower_k1.0_1912_2025-03-11T14:02:06.816083,2025-03-11,2025-03-11 14:02:06.816083,4.0,35.25,1.0,1.0,1.0,1.0,2.0,1.0,4.0
3,VOTE_B1_C1_D1,20250311_lower_k1.0_1913_2025-03-11T15:07:40.660350,2025-03-11,2025-03-11 15:07:40.660350,14.5,6.75,1.0,1.0,1.0,1.0,2.0,1.0,4.0
3,VOTE_B1_C1_D1,20250311_lower_k1.0_1914_2025-03-11T15:23:16.311165,2025-03-11,2025-03-11 15:23:16.311165,11.25,8.25,1.0,1.0,1.0,1.0,2.0,1.0,4.0
3,VOTE_B1_C1_D1,20250311_lower_k1.0_1915_2025-03-11T15:58:28.000226,2025-03-11,2025-03-11 15:58:28.000226,0.5,20.5,1.0,0.0,-2.0,0.0,-2.0,0.0,-2.0
3,VOTE_B1_C1_D1,20250311_lower_k1.0_1916_2025-03-11T18:03:11.256956,2025-03-11,2025-03-11 18:03:11.256956,11.25,9.0,1.0,1.0,1.0,1.0,2.0,1.0,4.0
3,VOTE_B1_C1_D1,20250311_lower_k1.0_1917_2025-03-11T19:53:22.641256,2025-03-11,2025-03-11 19:53:22.641256,9.5,16.75,1.0,1.0,1.0,1.0,2.0,1.0,4.0
3,VOTE_B1_C1_D1,20250312_lower_k1.0_1918_2025-03-12T13:30:00.028558,2025-03-12,2025-03-12 13:30:00.028558,9.25,9.0,1.0,1.0,1.0,1.0,2.0,1.0,4.0
3,VOTE_B1_C1_D1,20250312_lower_k1.0_1919_2025-03-12T13:52:27.845712,2025-03-12,2025-03-12 13:52:27.845712,5.0,29.5,1.0,1.0,1.0,1.0,2.0,1.0,4.0
3,VOTE_B1_C1_D1,20250312_lower_k1.0_1920_2025-03-12T14:10:11.853798,2025-03-12,2025-03-12 14:10:11.853798,0.25,23.25,1.0,0.0,-2.0,0.0,-2.0,0.0,-2.0
3,VOTE_B1_C1_D1,20250312_lower_k1.0_1922_2025-03-12T16:03:19.710746,2025-03-12,2025-03-12 16:03:19.710746,18.75,2.5,1.0,1.0,1.0,1.0,2.0,1.0,4.0
3,VOTE_B1_C1_D1,20250312_lower_k1.0_1923_2025-03-12T16:43:39.180145,2025-03-12,2025-03-12 16:43:39.180145,22.75,0.0,0.0,1.0,1.0,1.0,2.0,1.0,4.0
3,VOTE_B1_C1_D1,20250312_lower_k1.0_1925_2025-03-12T17:56:15.052382,2025-03-12,2025-03-12 17:56:15.052382,5.75,11.5,1.0,1.0,1.0,1.0,2.0,1.0,4.0
3,VOTE_B1_C1_D1,20250312_lower_k1.0_1926_2025-03-12T19:22:37.542310,2025-03-12,2025-03-12 19:22:37.542310,13.5,0.75,0.0,1.0,1.0,1.0,2.0,1.0,4.0
3,VOTE_B1_C1_D1,20250312_lower_k1.0_1927_2025-03-12T19:38:52.464003,2025-03-12,2025-03-12 19:38:52.464003,5.0,7.0,1.0,1.0,1.0,1.0,2.0,1.0,4.0
3,VOTE_B1_C1_D1,20250312_lower_k1.0_1928_2025-03-12T19:53:52.791251,2025-03-12,2025-03-12 19:53:52.791251,9.5,3.25,1.0,1.0,1.0,1.0,2.0,1.0,4.0
3,VOTE_B1_C1_D1,20250313_lower_k1.0_1932_2025-03-13T14:51:12.210858,2025-03-13,2025-03-13 14:51:12.210858,7.0,11.5,1.0,1.0,1.0,1.0,2.0,1.0,4.0
3,VOTE_B1_C1_D1,20250314_lower_k1.0_1936_2025-03-14T14:00:00.014557,2025-03-14,2025-03-14 14:00:00.014557,12.75,23.0,1.0,1.0,1.0,1.0,2.0,1.0,4.0
3,VOTE_B1_C1_D1,20250314_lower_k1.0_1937_2025-03-14T14:23:37.657651,2025-03-14,2025-03-14 14:23:37.657651,5.5,6.0,1.0,1.0,1.0,1.0,2.0,1.0,4.0
3,VOTE_B1_C1_D1,20250317_lower_k1.0_1938_2025-03-17T13:30:00.143209,2025-03-17,2025-03-17 13:30:00.143209,29.75,4.0,1.0,1.0,1.0,1.0,2.0,1.0,4.0
3,VOTE_B1_C1_D1,20250317_lower_k1.0_1939_2025-03-17T13:50:12.441853,2025-03-17,2025-03-17 13:50:12.441853,19.5,1.25,0.0,1.0,1.0,1.0,2.0,1.0,4.0
3,VOTE_B1_C1_D1,20250317_lower_k1.0_1940_2025-03-17T14:05:17.021354,2025-03-17,2025-03-17 14:05:17.021354,15.0,4.75,1.0,1.0,1.0,1.0,2.0,1.0,4.0
3,VOTE_B1_C1_D1,20250317_lower_k1.0_1941_2025-03-17T14:28:12.023898,2025-03-17,2025-03-17 14:28:12.023898,1.0,10.0,1.0,1.0,1.0,0.0,-2.0,0.0,-2.0
3,VOTE_B1_C1_D1,20250318_lower_k1.0_1947_2025-03-18T13:30:00.098681,2025-03-18,2025-03-18 13:30:00.098681,2.25,22.25,1.0,1.0,1.0,1.0,2.0,0.0,-2.0
3,VOTE_B1_C1_D1,20250318_lower_k1.0_1949_2025-03-18T14:55:07.263673,2025-03-18,2025-03-18 14:55:07.263673,0.5,21.5,1.0,0.0,-2.0,0.0,-2.0,0.0,-2.0
3,VOTE_B1_C1_D1,20250318_lower_k1.0_1958_2025-03-18T19:00:49.061266,2025-03-18,2025-03-18 19:00:49.061266,5.25,3.5,1.0,1.0,1.0,1.0,2.0,1.0,4.0
3,VOTE_B1_C1_D1,20250319_lower_k1.0_1962_2025-03-19T13:30:00.038932,2025-03-19,2025-03-19 13:30:00.038932,4.75,6.75,1.0,1.0,1.0,1.0,2.0,1.0,4.0
3,VOTE_B1_C1_D1,20250319_lower_k1.0_1963_2025-03-19T13:45:40.385733,2025-03-19,2025-03-19 13:45:40.385733,20.75,2.25,1.0,1.0,1.0,1.0,2.0,1.0,4.0
3,VOTE_B1_C1_D1,20250319_lower_k1.0_1969_2025-03-19T18:00:10.057852,2025-03-19,2025-03-19 18:00:10.057852,12.0,7.0,1.0,1.0,1.0,1.0,2.0,1.0,4.0
3,VOTE_B1_C1_D1,20250328_lower_k1.0_2006_2025-03-28T13:45:40.420072,2025-03-28,2025-03-28 13:45:40.420072,2.5,12.75,1.0,1.0,1.0,1.0,2.0,0.0,-2.0
3,VOTE_B1_C1_D1,20250401_lower_k1.0_2009_2025-04-01T13:30:00.091498,2025-04-01,2025-04-01 13:30:00.091498,2.75,13.25,1.0,1.0,1.0,1.0,2.0,0.0,-2.0
3,VOTE_B1_C1_D1,20250403_lower_k1.0_2019_2025-04-03T13:30:00.026471,2025-04-03,2025-04-03 13:30:00.026471,28.5,2.5,1.0,1.0,1.0,1.0,2.0,1.0,4.0
3,VOTE_B1_C1_D1,20250403_lower_k1.0_2020_2025-04-03T13:50:12.561854,2025-04-03,2025-04-03 13:50:12.561854,10.25,24.0,1.0,1.0,1.0,1.0,2.0,1.0,4.0
3,VOTE_B1_C1_D1,20250403_lower_k1.0_2022_2025-04-03T15:49:39.480697,2025-04-03,2025-04-03 15:49:39.480697,13.75,10.75,1.0,1.0,1.0,1.0,2.0,1.0,4.0
3,VOTE_B1_C1_D1,20250403_lower_k1.0_2023_2025-04-03T16:54:09.040621,2025-04-03,2025-04-03 16:54:09.040621,8.5,3.25,1.0,1.0,1.0,1.0,2.0,1.0,4.0
3,VOTE_B1_C1_D1,20250403_lower_k1.0_2024_2025-04-03T17:10:01.790816,2025-04-03,2025-04-03 17:10:01.790816,7.75,3.0,1.0,1.0,1.0,1.0,2.0,1.0,4.0
3,VOTE_B1_C1_D1,20250407_lower_k1.0_2032_2025-04-07T13:30:00.028617,2025-04-07,2025-04-07 13:30:00.028617,2.5,54.0,1.0,1.0,1.0,1.0,2.0,0.0,-2.0
3,VOTE_B1_C1_D1,20250407_lower_k1.0_2033_2025-04-07T13:46:25.141454,2025-04-07,2025-04-07 13:46:25.141454,78.75,1.75,0.0,1.0,1.0,1.0,2.0,1.0,4.0
3,VOTE_B1_C1_D1,20250407_lower_k1.0_2034_2025-04-07T14:29:05.580279,2025-04-07,2025-04-07 14:29:05.580279,76.25,47.0,1.0,1.0,1.0,1.0,2.0,1.0,4.0
3,VOTE_B1_C1_D1,20250407_lower_k1.0_2035_2025-04-07T14:44:11.236804,2025-04-07,2025-04-07 14:44:11.236804,79.5,8.25,1.0,1.0,1.0,1.0,2.0,1.0,4.0
3,VOTE_B1_C1_D1,20250407_lower_k1.0_2036_2025-04-07T15:14:36.887869,2025-04-07,2025-04-07 15:14:36.887869,27.75,54.5,1.0,1.0,1.0,1.0,2.0,1.0,4.0
3,VOTE_B1_C1_D1,20250407_lower_k1.0_2037_2025-04-07T15:35:40.942077,2025-04-07,2025-04-07 15:35:40.942077,52.75,10.75,1.0,1.0,1.0,1.0,2.0,1.0,4.0
3,VOTE_B1_C1_D1,20250407_lower_k1.0_2038_2025-04-07T16:00:03.641303,2025-04-07,2025-04-07 16:00:03.641303,3.5,30.5,1.0,1.0,1.0,1.0,2.0,0.0,-2.0
3,VOTE_B1_C1_D1,20250407_lower_k1.0_2039_2025-04-07T16:26:37.935316,2025-04-07,2025-04-07 16:26:37.935316,29.0,7.25,1.0,1.0,1.0,1.0,2.0,1.0,4.0
3,VOTE_B1_C1_D1,20250407_lower_k1.0_2040_2025-04-07T16:41:39.562325,2025-04-07,2025-04-07 16:41:39.562325,1.75,34.0,1.0,1.0,1.0,0.0,-2.0,0.0,-2.0
3,VOTE_B1_C1_D1,20250407_lower_k1.0_2041_2025-04-07T17:00:08.071654,2025-04-07,2025-04-07 17:00:08.071654,47.5,27.75,1.0,1.0,1.0,1.0,2.0,1.0,4.0
3,VOTE_B1_C1_D1,20250408_lower_k1.0_2042_2025-04-08T13:30:00.032286,2025-04-08,2025-04-08 13:30:00.032286,2.5,41.5,1.0,1.0,1.0,1.0,2.0,0.0,-2.0
3,VOTE_B1_C1_D1,20250408_lower_k1.0_2043_2025-04-08T13:45:00.270754,2025-04-08,2025-04-08 13:45:00.270754,23.75,10.0,1.0,1.0,1.0,1.0,2.0,1.0,4.0
3,VOTE_B1_C1_D1,20250408_lower_k1.0_2044_2025-04-08T14:44:23.800324,2025-04-08,2025-04-08 14:44:23.800324,8.25,19.75,1.0,1.0,1.0,1.0,2.0,1.0,4.0
3,VOTE_B1_C1_D1,20250409_lower_k1.0_2045_2025-04-09T13:30:00.062746,2025-04-09,2025-04-09 13:30:00.062746,62.75,0.25,0.0,1.0,1.0,1.0,2.0,1.0,4.0
3,VOTE_B1_C1_D1,20250409_lower_k1.0_2046_2025-04-09T13:45:53.650852,2025-04-09,2025-04-09 13:45:53.650852,42.5,11.25,1.0,1.0,1.0,1.0,2.0,1.0,4.0
3,VOTE_B1_C1_D1,20250409_lower_k1.0_2047_2025-04-09T14:07:21.460230,2025-04-09,2025-04-09 14:07:21.460230,22.5,15.0,1.0,1.0,1.0,1.0,2.0,1.0,4.0
3,ALL2_A2_C1,20250311_lower_k1.0_1911_2025-03-11T13:46:20.321779,2025-03-11,2025-03-11 13:46:20.321779,21.5,3.0,1.0,1.0,1.0,1.0,2.0,1.0,4.0
3,ALL2_A2_C1,20250311_lower_k1.0_1912_2025-03-11T14:02:06.816083,2025-03-11,2025-03-11 14:02:06.816083,4.0,35.25,1.0,1.0,1.0,1.0,2.0,1.0,4.0
3,ALL2_A2_C1,20250311_lower_k1.0_1913_2025-03-11T15:07:40.660350,2025-03-11,2025-03-11 15:07:40.660350,14.5,6.75,1.0,1.0,1.0,1.0,2.0,1.0,4.0
3,ALL2_A2_C1,20250311_lower_k1.0_1914_2025-03-11T15:23:16.311165,2025-03-11,2025-03-11 15:23:16.311165,11.25,8.25,1.0,1.0,1.0,1.0,2.0,1.0,4.0
3,ALL2_A2_C1,20250311_lower_k1.0_1915_2025-03-11T15:58:28.000226,2025-03-11,2025-03-11 15:58:28.000226,0.5,20.5,1.0,0.0,-2.0,0.0,-2.0,0.0,-2.0
3,ALL2_A2_C1,20250311_lower_k1.0_1916_2025-03-11T18:03:11.256956,2025-03-11,2025-03-11 18:03:11.256956,11.25,9.0,1.0,1.0,1.0,1.0,2.0,1.0,4.0
3,ALL2_A2_C1,20250311_lower_k1.0_1917_2025-03-11T19:53:22.641256,2025-03-11,2025-03-11 19:53:22.641256,9.5,16.75,1.0,1.0,1.0,1.0,2.0,1.0,4.0
3,ALL2_A2_C1,20250312_lower_k1.0_1918_2025-03-12T13:30:00.028558,2025-03-12,2025-03-12 13:30:00.028558,9.25,9.0,1.0,1.0,1.0,1.0,2.0,1.0,4.0
3,ALL2_A2_C1,20250312_lower_k1.0_1919_2025-03-12T13:52:27.845712,2025-03-12,2025-03-12 13:52:27.845712,5.0,29.5,1.0,1.0,1.0,1.0,2.0,1.0,4.0
3,ALL2_A2_C1,20250312_lower_k1.0_1922_2025-03-12T16:03:19.710746,2025-03-12,2025-03-12 16:03:19.710746,18.75,2.5,1.0,1.0,1.0,1.0,2.0,1.0,4.0
3,ALL2_A2_C1,20250312_lower_k1.0_1923_2025-03-12T16:43:39.180145,2025-03-12,2025-03-12 16:43:39.180145,22.75,0.0,0.0,1.0,1.0,1.0,2.0,1.0,4.0
3,ALL2_A2_C1,20250312_lower_k1.0_1926_2025-03-12T19:22:37.542310,2025-03-12,2025-03-12 19:22:37.542310,13.5,0.75,0.0,1.0,1.0,1.0,2.0,1.0,4.0
3,ALL2_A2_C1,20250312_lower_k1.0_1928_2025-03-12T19:53:52.791251,2025-03-12,2025-03-12 19:53:52.791251,9.5,3.25,1.0,1.0,1.0,1.0,2.0,1.0,4.0
3,ALL2_A2_C1,20250314_lower_k1.0_1936_2025-03-14T14:00:00.014557,2025-03-14,2025-03-14 14:00:00.014557,12.75,23.0,1.0,1.0,1.0,1.0,2.0,1.0,4.0
3,ALL2_A2_C1,20250314_lower_k1.0_1937_2025-03-14T14:23:37.657651,2025-03-14,2025-03-14 14:23:37.657651,5.5,6.0,1.0,1.0,1.0,1.0,2.0,1.0,4.0
3,ALL2_A2_C1,20250317_lower_k1.0_1939_2025-03-17T13:50:12.441853,2025-03-17,2025-03-17 13:50:12.441853,19.5,1.25,0.0,1.0,1.0,1.0,2.0,1.0,4.0
3,ALL2_A2_C1,20250317_lower_k1.0_1940_2025-03-17T14:05:17.021354,2025-03-17,2025-03-17 14:05:17.021354,15.0,4.75,1.0,1.0,1.0,1.0,2.0,1.0,4.0
3,ALL2_A2_C1,20250317_lower_k1.0_1941_2025-03-17T14:28:12.023898,2025-03-17,2025-03-17 14:28:12.023898,1.0,10.0,1.0,1.0,1.0,0.0,-2.0,0.0,-2.0
3,ALL2_A2_C1,20250318_lower_k1.0_1949_2025-03-18T14:55:07.263673,2025-03-18,2025-03-18 14:55:07.263673,0.5,21.5,1.0,0.0,-2.0,0.0,-2.0,0.0,-2.0
3,ALL2_A2_C1,20250319_lower_k1.0_1962_2025-03-19T13:30:00.038932,2025-03-19,2025-03-19 13:30:00.038932,4.75,6.75,1.0,1.0,1.0,1.0,2.0,1.0,4.0
3,ALL2_A2_C1,20250319_lower_k1.0_1969_2025-03-19T18:00:10.057852,2025-03-19,2025-03-19 18:00:10.057852,12.0,7.0,1.0,1.0,1.0,1.0,2.0,1.0,4.0
3,ALL2_A2_C1,20250321_lower_k1.0_1976_2025-03-21T14:08:42.305256,2025-03-21,2025-03-21 14:08:42.305256,3.75,12.25,1.0,1.0,1.0,1.0,2.0,0.0,-2.0
3,ALL2_A2_C1,20250328_lower_k1.0_2006_2025-03-28T13:45:40.420072,2025-03-28,2025-03-28 13:45:40.420072,2.5,12.75,1.0,1.0,1.0,1.0,2.0,0.0,-2.0
3,ALL2_A2_C1,20250401_lower_k1.0_2010_2025-04-01T13:56:47.200084,2025-04-01,2025-04-01 13:56:47.200084,8.0,11.25,1.0,1.0,1.0,1.0,2.0,1.0,4.0
3,ALL2_A2_C1,20250403_lower_k1.0_2019_2025-04-03T13:30:00.026471,2025-04-03,2025-04-03 13:30:00.026471,28.5,2.5,1.0,1.0,1.0,1.0,2.0,1.0,4.0
3,ALL2_A2_C1,20250403_lower_k1.0_2020_2025-04-03T13:50:12.561854,2025-04-03,2025-04-03 13:50:12.561854,10.25,24.0,1.0,1.0,1.0,1.0,2.0,1.0,4.0
3,ALL2_A2_C1,20250403_lower_k1.0_2022_2025-04-03T15:49:39.480697,2025-04-03,2025-04-03 15:49:39.480697,13.75,10.75,1.0,1.0,1.0,1.0,2.0,1.0,4.0
3,ALL2_A2_C1,20250407_lower_k1.0_2032_2025-04-07T13:30:00.028617,2025-04-07,2025-04-07 13:30:00.028617,2.5,54.0,1.0,1.0,1.0,1.0,2.0,0.0,-2.0
3,ALL2_A2_C1,20250407_lower_k1.0_2033_2025-04-07T13:46:25.141454,2025-04-07,2025-04-07 13:46:25.141454,78.75,1.75,0.0,1.0,1.0,1.0,2.0,1.0,4.0
3,ALL2_A2_C1,20250407_lower_k1.0_2034_2025-04-07T14:29:05.580279,2025-04-07,2025-04-07 14:29:05.580279,76.25,47.0,1.0,1.0,1.0,1.0,2.0,1.0,4.0
3,ALL2_A2_C1,20250407_lower_k1.0_2035_2025-04-07T14:44:11.236804,2025-04-07,2025-04-07 14:44:11.236804,79.5,8.25,1.0,1.0,1.0,1.0,2.0,1.0,4.0
3,ALL2_A2_C1,20250407_lower_k1.0_2036_2025-04-07T15:14:36.887869,2025-04-07,2025-04-07 15:14:36.887869,27.75,54.5,1.0,1.0,1.0,1.0,2.0,1.0,4.0
3,ALL2_A2_C1,20250407_lower_k1.0_2037_2025-04-07T15:35:40.942077,2025-04-07,2025-04-07 15:35:40.942077,52.75,10.75,1.0,1.0,1.0,1.0,2.0,1.0,4.0
3,ALL2_A2_C1,20250407_lower_k1.0_2038_2025-04-07T16:00:03.641303,2025-04-07,2025-04-07 16:00:03.641303,3.5,30.5,1.0,1.0,1.0,1.0,2.0,0.0,-2.0
3,ALL2_A2_C1,20250407_lower_k1.0_2039_2025-04-07T16:26:37.935316,2025-04-07,2025-04-07 16:26:37.935316,29.0,7.25,1.0,1.0,1.0,1.0,2.0,1.0,4.0
3,ALL2_A2_C1,20250407_lower_k1.0_2040_2025-04-07T16:41:39.562325,2025-04-07,2025-04-07 16:41:39.562325,1.75,34.0,1.0,1.0,1.0,0.0,-2.0,0.0,-2.0
3,ALL2_A2_C1,20250407_lower_k1.0_2041_2025-04-07T17:00:08.071654,2025-04-07,2025-04-07 17:00:08.071654,47.5,27.75,1.0,1.0,1.0,1.0,2.0,1.0,4.0
3,ALL2_A2_C1,20250408_lower_k1.0_2042_2025-04-08T13:30:00.032286,2025-04-08,2025-04-08 13:30:00.032286,2.5,41.5,1.0,1.0,1.0,1.0,2.0,0.0,-2.0
3,ALL2_A2_C1,20250408_lower_k1.0_2043_2025-04-08T13:45:00.270754,2025-04-08,2025-04-08 13:45:00.270754,23.75,10.0,1.0,1.0,1.0,1.0,2.0,1.0,4.0
3,ALL2_A2_C1,20250408_lower_k1.0_2044_2025-04-08T14:44:23.800324,2025-04-08,2025-04-08 14:44:23.800324,8.25,19.75,1.0,1.0,1.0,1.0,2.0,1.0,4.0
3,ALL2_A2_C1,20250409_lower_k1.0_2045_2025-04-09T13:30:00.062746,2025-04-09,2025-04-09 13:30:00.062746,62.75,0.25,0.0,1.0,1.0,1.0,2.0,1.0,4.0
3,ALL2_A2_C1,20250409_lower_k1.0_2046_2025-04-09T13:45:53.650852,2025-04-09,2025-04-09 13:45:53.650852,42.5,11.25,1.0,1.0,1.0,1.0,2.0,1.0,4.0
3,ALL2_A2_C1,20250409_lower_k1.0_2047_2025-04-09T14:07:21.460230,2025-04-09,2025-04-09 14:07:21.460230,22.5,15.0,1.0,1.0,1.0,1.0,2.0,1.0,4.0
3,SINGLE_A2,20250311_lower_k1.0_1911_2025-03-11T13:46:20.321779,2025-03-11,2025-03-11 13:46:20.321779,21.5,3.0,1.0,1.0,1.0,1.0,2.0,1.0,4.0
3,SINGLE_A2,20250311_lower_k1.0_1912_2025-03-11T14:02:06.816083,2025-03-11,2025-03-11 14:02:06.816083,4.0,35.25,1.0,1.0,1.0,1.0,2.0,1.0,4.0
3,SINGLE_A2,20250311_lower_k1.0_1913_2025-03-11T15:07:40.660350,2025-03-11,2025-03-11 15:07:40.660350,14.5,6.75,1.0,1.0,1.0,1.0,2.0,1.0,4.0
3,SINGLE_A2,20250311_lower_k1.0_1914_2025-03-11T15:23:16.311165,2025-03-11,2025-03-11 15:23:16.311165,11.25,8.25,1.0,1.0,1.0,1.0,2.0,1.0,4.0
3,SINGLE_A2,20250311_lower_k1.0_1915_2025-03-11T15:58:28.000226,2025-03-11,2025-03-11 15:58:28.000226,0.5,20.5,1.0,0.0,-2.0,0.0,-2.0,0.0,-2.0
3,SINGLE_A2,20250311_lower_k1.0_1916_2025-03-11T18:03:11.256956,2025-03-11,2025-03-11 18:03:11.256956,11.25,9.0,1.0,1.0,1.0,1.0,2.0,1.0,4.0
3,SINGLE_A2,20250311_lower_k1.0_1917_2025-03-11T19:53:22.641256,2025-03-11,2025-03-11 19:53:22.641256,9.5,16.75,1.0,1.0,1.0,1.0,2.0,1.0,4.0
3,SINGLE_A2,20250312_lower_k1.0_1918_2025-03-12T13:30:00.028558,2025-03-12,2025-03-12 13:30:00.028558,9.25,9.0,1.0,1.0,1.0,1.0,2.0,1.0,4.0
3,SINGLE_A2,20250312_lower_k1.0_1919_2025-03-12T13:52:27.845712,2025-03-12,2025-03-12 13:52:27.845712,5.0,29.5,1.0,1.0,1.0,1.0,2.0,1.0,4.0
3,SINGLE_A2,20250312_lower_k1.0_1922_2025-03-12T16:03:19.710746,2025-03-12,2025-03-12 16:03:19.710746,18.75,2.5,1.0,1.0,1.0,1.0,2.0,1.0,4.0
3,SINGLE_A2,20250312_lower_k1.0_1923_2025-03-12T16:43:39.180145,2025-03-12,2025-03-12 16:43:39.180145,22.75,0.0,0.0,1.0,1.0,1.0,2.0,1.0,4.0
3,SINGLE_A2,20250312_lower_k1.0_1924_2025-03-12T17:05:14.621386,2025-03-12,2025-03-12 17:05:14.621386,18.75,0.75,0.0,1.0,1.0,1.0,2.0,1.0,4.0
3,SINGLE_A2,20250312_lower_k1.0_1926_2025-03-12T19:22:37.542310,2025-03-12,2025-03-12 19:22:37.542310,13.5,0.75,0.0,1.0,1.0,1.0,2.0,1.0,4.0
3,SINGLE_A2,20250312_lower_k1.0_1927_2025-03-12T19:38:52.464003,2025-03-12,2025-03-12 19:38:52.464003,5.0,7.0,1.0,1.0,1.0,1.0,2.0,1.0,4.0
3,SINGLE_A2,20250312_lower_k1.0_1928_2025-03-12T19:53:52.791251,2025-03-12,2025-03-12 19:53:52.791251,9.5,3.25,1.0,1.0,1.0,1.0,2.0,1.0,4.0
3,SINGLE_A2,20250313_lower_k1.0_1929_2025-03-13T13:30:00.041802,2025-03-13,2025-03-13 13:30:00.041802,1.75,12.75,1.0,1.0,1.0,0.0,-2.0,0.0,-2.0
3,SINGLE_A2,20250313_lower_k1.0_1930_2025-03-13T14:05:08.042201,2025-03-13,2025-03-13 14:05:08.042201,14.25,4.5,1.0,1.0,1.0,1.0,2.0,1.0,4.0
3,SINGLE_A2,20250313_lower_k1.0_1931_2025-03-13T14:35:38.860981,2025-03-13,2025-03-13 14:35:38.860981,4.0,10.25,1.0,1.0,1.0,1.0,2.0,1.0,4.0
3,SINGLE_A2,20250314_lower_k1.0_1935_2025-03-14T13:30:02.041034,2025-03-14,2025-03-14 13:30:02.041034,19.75,3.5,1.0,1.0,1.0,1.0,2.0,1.0,4.0
3,SINGLE_A2,20250314_lower_k1.0_1936_2025-03-14T14:00:00.014557,2025-03-14,2025-03-14 14:00:00.014557,12.75,23.0,1.0,1.0,1.0,1.0,2.0,1.0,4.0
3,SINGLE_A2,20250314_lower_k1.0_1937_2025-03-14T14:23:37.657651,2025-03-14,2025-03-14 14:23:37.657651,5.5,6.0,1.0,1.0,1.0,1.0,2.0,1.0,4.0
3,SINGLE_A2,20250317_lower_k1.0_1938_2025-03-17T13:30:00.143209,2025-03-17,2025-03-17 13:30:00.143209,29.75,4.0,1.0,1.0,1.0,1.0,2.0,1.0,4.0
3,SINGLE_A2,20250317_lower_k1.0_1939_2025-03-17T13:50:12.441853,2025-03-17,2025-03-17 13:50:12.441853,19.5,1.25,0.0,1.0,1.0,1.0,2.0,1.0,4.0
3,SINGLE_A2,20250317_lower_k1.0_1940_2025-03-17T14:05:17.021354,2025-03-17,2025-03-17 14:05:17.021354,15.0,4.75,1.0,1.0,1.0,1.0,2.0,1.0,4.0
3,SINGLE_A2,20250317_lower_k1.0_1941_2025-03-17T14:28:12.023898,2025-03-17,2025-03-17 14:28:12.023898,1.0,10.0,1.0,1.0,1.0,0.0,-2.0,0.0,-2.0
3,SINGLE_A2,20250317_lower_k1.0_1942_2025-03-17T14:51:17.545924,2025-03-17,2025-03-17 14:51:17.545924,3.0,12.25,1.0,1.0,1.0,1.0,2.0,0.0,-2.0
3,SINGLE_A2,20250318_lower_k1.0_1947_2025-03-18T13:30:00.098681,2025-03-18,2025-03-18 13:30:00.098681,2.25,22.25,1.0,1.0,1.0,1.0,2.0,0.0,-2.0
3,SINGLE_A2,20250318_lower_k1.0_1949_2025-03-18T14:55:07.263673,2025-03-18,2025-03-18 14:55:07.263673,0.5,21.5,1.0,0.0,-2.0,0.0,-2.0,0.0,-2.0
3,SINGLE_A2,20250318_lower_k1.0_1955_2025-03-18T17:55:03.365501,2025-03-18,2025-03-18 17:55:03.365501,1.5,12.5,1.0,1.0,1.0,0.0,-2.0,0.0,-2.0
3,SINGLE_A2,20250318_lower_k1.0_1958_2025-03-18T19:00:49.061266,2025-03-18,2025-03-18 19:00:49.061266,5.25,3.5,1.0,1.0,1.0,1.0,2.0,1.0,4.0
3,SINGLE_A2,20250318_lower_k1.0_1961_2025-03-18T19:52:00.702320,2025-03-18,2025-03-18 19:52:00.702320,4.0,4.0,1.0,1.0,1.0,1.0,2.0,1.0,4.0
3,SINGLE_A2,20250319_lower_k1.0_1962_2025-03-19T13:30:00.038932,2025-03-19,2025-03-19 13:30:00.038932,4.75,6.75,1.0,1.0,1.0,1.0,2.0,1.0,4.0
3,SINGLE_A2,20250319_lower_k1.0_1969_2025-03-19T18:00:10.057852,2025-03-19,2025-03-19 18:00:10.057852,12.0,7.0,1.0,1.0,1.0,1.0,2.0,1.0,4.0
3,SINGLE_A2,20250320_lower_k1.0_1973_2025-03-20T19:55:04.720191,2025-03-20,2025-03-20 19:55:04.720191,1.25,13.25,1.0,1.0,1.0,0.0,-2.0,0.0,-2.0
3,SINGLE_A2,20250321_lower_k1.0_1974_2025-03-21T13:30:00.023787,2025-03-21,2025-03-21 13:30:00.023787,9.25,9.75,1.0,1.0,1.0,1.0,2.0,1.0,4.0
3,SINGLE_A2,20250321_lower_k1.0_1976_2025-03-21T14:08:42.305256,2025-03-21,2025-03-21 14:08:42.305256,3.75,12.25,1.0,1.0,1.0,1.0,2.0,0.0,-2.0
3,SINGLE_A2,20250326_lower_k1.0_1996_2025-03-26T13:46:04.060053,2025-03-26,2025-03-26 13:46:04.060053,1.25,13.5,1.0,1.0,1.0,0.0,-2.0,0.0,-2.0
3,SINGLE_A2,20250328_lower_k1.0_2006_2025-03-28T13:45:40.420072,2025-03-28,2025-03-28 13:45:40.420072,2.5,12.75,1.0,1.0,1.0,1.0,2.0,0.0,-2.0
3,SINGLE_A2,20250401_lower_k1.0_2009_2025-04-01T13:30:00.091498,2025-04-01,2025-04-01 13:30:00.091498,2.75,13.25,1.0,1.0,1.0,1.0,2.0,0.0,-2.0
3,SINGLE_A2,20250401_lower_k1.0_2010_2025-04-01T13:56:47.200084,2025-04-01,2025-04-01 13:56:47.200084,8.0,11.25,1.0,1.0,1.0,1.0,2.0,1.0,4.0
3,SINGLE_A2,20250402_lower_k1.0_2015_2025-04-02T13:30:00.024635,2025-04-02,2025-04-02 13:30:00.024635,37.0,2.5,1.0,1.0,1.0,1.0,2.0,1.0,4.0
3,SINGLE_A2,20250403_lower_k1.0_2019_2025-04-03T13:30:00.026471,2025-04-03,2025-04-03 13:30:00.026471,28.5,2.5,1.0,1.0,1.0,1.0,2.0,1.0,4.0
3,SINGLE_A2,20250403_lower_k1.0_2020_2025-04-03T13:50:12.561854,2025-04-03,2025-04-03 13:50:12.561854,10.25,24.0,1.0,1.0,1.0,1.0,2.0,1.0,4.0
3,SINGLE_A2,20250403_lower_k1.0_2022_2025-04-03T15:49:39.480697,2025-04-03,2025-04-03 15:49:39.480697,13.75,10.75,1.0,1.0,1.0,1.0,2.0,1.0,4.0
3,SINGLE_A2,20250407_lower_k1.0_2032_2025-04-07T13:30:00.028617,2025-04-07,2025-04-07 13:30:00.028617,2.5,54.0,1.0,1.0,1.0,1.0,2.0,0.0,-2.0
3,SINGLE_A2,20250407_lower_k1.0_2033_2025-04-07T13:46:25.141454,2025-04-07,2025-04-07 13:46:25.141454,78.75,1.75,0.0,1.0,1.0,1.0,2.0,1.0,4.0
3,SINGLE_A2,20250407_lower_k1.0_2034_2025-04-07T14:29:05.580279,2025-04-07,2025-04-07 14:29:05.580279,76.25,47.0,1.0,1.0,1.0,1.0,2.0,1.0,4.0
3,SINGLE_A2,20250407_lower_k1.0_2035_2025-04-07T14:44:11.236804,2025-04-07,2025-04-07 14:44:11.236804,79.5,8.25,1.0,1.0,1.0,1.0,2.0,1.0,4.0
3,SINGLE_A2,20250407_lower_k1.0_2036_2025-04-07T15:14:36.887869,2025-04-07,2025-04-07 15:14:36.887869,27.75,54.5,1.0,1.0,1.0,1.0,2.0,1.0,4.0
3,SINGLE_A2,20250407_lower_k1.0_2037_2025-04-07T15:35:40.942077,2025-04-07,2025-04-07 15:35:40.942077,52.75,10.75,1.0,1.0,1.0,1.0,2.0,1.0,4.0
3,SINGLE_A2,20250407_lower_k1.0_2038_2025-04-07T16:00:03.641303,2025-04-07,2025-04-07 16:00:03.641303,3.5,30.5,1.0,1.0,1.0,1.0,2.0,0.0,-2.0
3,SINGLE_A2,20250407_lower_k1.0_2039_2025-04-07T16:26:37.935316,2025-04-07,2025-04-07 16:26:37.935316,29.0,7.25,1.0,1.0,1.0,1.0,2.0,1.0,4.0
3,SINGLE_A2,20250407_lower_k1.0_2040_2025-04-07T16:41:39.562325,2025-04-07,2025-04-07 16:41:39.562325,1.75,34.0,1.0,1.0,1.0,0.0,-2.0,0.0,-2.0
3,SINGLE_A2,20250407_lower_k1.0_2041_2025-04-07T17:00:08.071654,2025-04-07,2025-04-07 17:00:08.071654,47.5,27.75,1.0,1.0,1.0,1.0,2.0,1.0,4.0
3,SINGLE_A2,20250408_lower_k1.0_2042_2025-04-08T13:30:00.032286,2025-04-08,2025-04-08 13:30:00.032286,2.5,41.5,1.0,1.0,1.0,1.0,2.0,0.0,-2.0
3,SINGLE_A2,20250408_lower_k1.0_2043_2025-04-08T13:45:00.270754,2025-04-08,2025-04-08 13:45:00.270754,23.75,10.0,1.0,1.0,1.0,1.0,2.0,1.0,4.0
3,SINGLE_A2,20250408_lower_k1.0_2044_2025-04-08T14:44:23.800324,2025-04-08,2025-04-08 14:44:23.800324,8.25,19.75,1.0,1.0,1.0,1.0,2.0,1.0,4.0
3,SINGLE_A2,20250409_lower_k1.0_2045_2025-04-09T13:30:00.062746,2025-04-09,2025-04-09 13:30:00.062746,62.75,0.25,0.0,1.0,1.0,1.0,2.0,1.0,4.0
3,SINGLE_A2,20250409_lower_k1.0_2046_2025-04-09T13:45:53.650852,2025-04-09,2025-04-09 13:45:53.650852,42.5,11.25,1.0,1.0,1.0,1.0,2.0,1.0,4.0
3,SINGLE_A2,20250409_lower_k1.0_2047_2025-04-09T14:07:21.460230,2025-04-09,2025-04-09 14:07:21.460230,22.5,15.0,1.0,1.0,1.0,1.0,2.0,1.0,4.0
3,VOTE4_A2_B1_C1_E1,20250311_lower_k1.0_1911_2025-03-11T13:46:20.321779,2025-03-11,2025-03-11 13:46:20.321779,21.5,3.0,1.0,1.0,1.0,1.0,2.0,1.0,4.0
3,VOTE4_A2_B1_C1_E1,20250311_lower_k1.0_1912_2025-03-11T14:02:06.816083,2025-03-11,2025-03-11 14:02:06.816083,4.0,35.25,1.0,1.0,1.0,1.0,2.0,1.0,4.0
3,VOTE4_A2_B1_C1_E1,20250311_lower_k1.0_1913_2025-03-11T15:07:40.660350,2025-03-11,2025-03-11 15:07:40.660350,14.5,6.75,1.0,1.0,1.0,1.0,2.0,1.0,4.0
3,VOTE4_A2_B1_C1_E1,20250311_lower_k1.0_1914_2025-03-11T15:23:16.311165,2025-03-11,2025-03-11 15:23:16.311165,11.25,8.25,1.0,1.0,1.0,1.0,2.0,1.0,4.0
3,VOTE4_A2_B1_C1_E1,20250311_lower_k1.0_1915_2025-03-11T15:58:28.000226,2025-03-11,2025-03-11 15:58:28.000226,0.5,20.5,1.0,0.0,-2.0,0.0,-2.0,0.0,-2.0
3,VOTE4_A2_B1_C1_E1,20250311_lower_k1.0_1916_2025-03-11T18:03:11.256956,2025-03-11,2025-03-11 18:03:11.256956,11.25,9.0,1.0,1.0,1.0,1.0,2.0,1.0,4.0
3,VOTE4_A2_B1_C1_E1,20250311_lower_k1.0_1917_2025-03-11T19:53:22.641256,2025-03-11,2025-03-11 19:53:22.641256,9.5,16.75,1.0,1.0,1.0,1.0,2.0,1.0,4.0
3,VOTE4_A2_B1_C1_E1,20250312_lower_k1.0_1918_2025-03-12T13:30:00.028558,2025-03-12,2025-03-12 13:30:00.028558,9.25,9.0,1.0,1.0,1.0,1.0,2.0,1.0,4.0
3,VOTE4_A2_B1_C1_E1,20250312_lower_k1.0_1919_2025-03-12T13:52:27.845712,2025-03-12,2025-03-12 13:52:27.845712,5.0,29.5,1.0,1.0,1.0,1.0,2.0,1.0,4.0
3,VOTE4_A2_B1_C1_E1,20250312_lower_k1.0_1920_2025-03-12T14:10:11.853798,2025-03-12,2025-03-12 14:10:11.853798,0.25,23.25,1.0,0.0,-2.0,0.0,-2.0,0.0,-2.0
3,VOTE4_A2_B1_C1_E1,20250312_lower_k1.0_1922_2025-03-12T16:03:19.710746,2025-03-12,2025-03-12 16:03:19.710746,18.75,2.5,1.0,1.0,1.0,1.0,2.0,1.0,4.0
3,VOTE4_A2_B1_C1_E1,20250312_lower_k1.0_1923_2025-03-12T16:43:39.180145,2025-03-12,2025-03-12 16:43:39.180145,22.75,0.0,0.0,1.0,1.0,1.0,2.0,1.0,4.0
3,VOTE4_A2_B1_C1_E1,20250312_lower_k1.0_1924_2025-03-12T17:05:14.621386,2025-03-12,2025-03-12 17:05:14.621386,18.75,0.75,0.0,1.0,1.0,1.0,2.0,1.0,4.0
3,VOTE4_A2_B1_C1_E1,20250312_lower_k1.0_1925_2025-03-12T17:56:15.052382,2025-03-12,2025-03-12 17:56:15.052382,5.75,11.5,1.0,1.0,1.0,1.0,2.0,1.0,4.0
3,VOTE4_A2_B1_C1_E1,20250312_lower_k1.0_1926_2025-03-12T19:22:37.542310,2025-03-12,2025-03-12 19:22:37.542310,13.5,0.75,0.0,1.0,1.0,1.0,2.0,1.0,4.0
3,VOTE4_A2_B1_C1_E1,20250312_lower_k1.0_1927_2025-03-12T19:38:52.464003,2025-03-12,2025-03-12 19:38:52.464003,5.0,7.0,1.0,1.0,1.0,1.0,2.0,1.0,4.0
3,VOTE4_A2_B1_C1_E1,20250312_lower_k1.0_1928_2025-03-12T19:53:52.791251,2025-03-12,2025-03-12 19:53:52.791251,9.5,3.25,1.0,1.0,1.0,1.0,2.0,1.0,4.0
3,VOTE4_A2_B1_C1_E1,20250313_lower_k1.0_1929_2025-03-13T13:30:00.041802,2025-03-13,2025-03-13 13:30:00.041802,1.75,12.75,1.0,1.0,1.0,0.0,-2.0,0.0,-2.0
3,VOTE4_A2_B1_C1_E1,20250313_lower_k1.0_1932_2025-03-13T14:51:12.210858,2025-03-13,2025-03-13 14:51:12.210858,7.0,11.5,1.0,1.0,1.0,1.0,2.0,1.0,4.0
3,VOTE4_A2_B1_C1_E1,20250314_lower_k1.0_1935_2025-03-14T13:30:02.041034,2025-03-14,2025-03-14 13:30:02.041034,19.75,3.5,1.0,1.0,1.0,1.0,2.0,1.0,4.0
3,VOTE4_A2_B1_C1_E1,20250314_lower_k1.0_1936_2025-03-14T14:00:00.014557,2025-03-14,2025-03-14 14:00:00.014557,12.75,23.0,1.0,1.0,1.0,1.0,2.0,1.0,4.0
3,VOTE4_A2_B1_C1_E1,20250314_lower_k1.0_1937_2025-03-14T14:23:37.657651,2025-03-14,2025-03-14 14:23:37.657651,5.5,6.0,1.0,1.0,1.0,1.0,2.0,1.0,4.0
3,VOTE4_A2_B1_C1_E1,20250317_lower_k1.0_1938_2025-03-17T13:30:00.143209,2025-03-17,2025-03-17 13:30:00.143209,29.75,4.0,1.0,1.0,1.0,1.0,2.0,1.0,4.0
3,VOTE4_A2_B1_C1_E1,20250317_lower_k1.0_1939_2025-03-17T13:50:12.441853,2025-03-17,2025-03-17 13:50:12.441853,19.5,1.25,0.0,1.0,1.0,1.0,2.0,1.0,4.0
3,VOTE4_A2_B1_C1_E1,20250317_lower_k1.0_1940_2025-03-17T14:05:17.021354,2025-03-17,2025-03-17 14:05:17.021354,15.0,4.75,1.0,1.0,1.0,1.0,2.0,1.0,4.0
3,VOTE4_A2_B1_C1_E1,20250317_lower_k1.0_1941_2025-03-17T14:28:12.023898,2025-03-17,2025-03-17 14:28:12.023898,1.0,10.0,1.0,1.0,1.0,0.0,-2.0,0.0,-2.0
3,VOTE4_A2_B1_C1_E1,20250317_lower_k1.0_1942_2025-03-17T14:51:17.545924,2025-03-17,2025-03-17 14:51:17.545924,3.0,12.25,1.0,1.0,1.0,1.0,2.0,0.0,-2.0
3,VOTE4_A2_B1_C1_E1,20250318_lower_k1.0_1947_2025-03-18T13:30:00.098681,2025-03-18,2025-03-18 13:30:00.098681,2.25,22.25,1.0,1.0,1.0,1.0,2.0,0.0,-2.0
3,VOTE4_A2_B1_C1_E1,20250318_lower_k1.0_1949_2025-03-18T14:55:07.263673,2025-03-18,2025-03-18 14:55:07.263673,0.5,21.5,1.0,0.0,-2.0,0.0,-2.0,0.0,-2.0
3,VOTE4_A2_B1_C1_E1,20250318_lower_k1.0_1955_2025-03-18T17:55:03.365501,2025-03-18,2025-03-18 17:55:03.365501,1.5,12.5,1.0,1.0,1.0,0.0,-2.0,0.0,-2.0
3,VOTE4_A2_B1_C1_E1,20250318_lower_k1.0_1958_2025-03-18T19:00:49.061266,2025-03-18,2025-03-18 19:00:49.061266,5.25,3.5,1.0,1.0,1.0,1.0,2.0,1.0,4.0
3,VOTE4_A2_B1_C1_E1,20250319_lower_k1.0_1962_2025-03-19T13:30:00.038932,2025-03-19,2025-03-19 13:30:00.038932,4.75,6.75,1.0,1.0,1.0,1.0,2.0,1.0,4.0
3,VOTE4_A2_B1_C1_E1,20250319_lower_k1.0_1969_2025-03-19T18:00:10.057852,2025-03-19,2025-03-19 18:00:10.057852,12.0,7.0,1.0,1.0,1.0,1.0,2.0,1.0,4.0
3,VOTE4_A2_B1_C1_E1,20250320_lower_k1.0_1973_2025-03-20T19:55:04.720191,2025-03-20,2025-03-20 19:55:04.720191,1.25,13.25,1.0,1.0,1.0,0.0,-2.0,0.0,-2.0
3,VOTE4_A2_B1_C1_E1,20250321_lower_k1.0_1974_2025-03-21T13:30:00.023787,2025-03-21,2025-03-21 13:30:00.023787,9.25,9.75,1.0,1.0,1.0,1.0,2.0,1.0,4.0
3,VOTE4_A2_B1_C1_E1,20250321_lower_k1.0_1975_2025-03-21T13:53:27.542786,2025-03-21,2025-03-21 13:53:27.542786,13.75,2.75,1.0,1.0,1.0,1.0,2.0,1.0,4.0
3,VOTE4_A2_B1_C1_E1,20250321_lower_k1.0_1976_2025-03-21T14:08:42.305256,2025-03-21,2025-03-21 14:08:42.305256,3.75,12.25,1.0,1.0,1.0,1.0,2.0,0.0,-2.0
3,VOTE4_A2_B1_C1_E1,20250326_lower_k1.0_1996_2025-03-26T13:46:04.060053,2025-03-26,2025-03-26 13:46:04.060053,1.25,13.5,1.0,1.0,1.0,0.0,-2.0,0.0,-2.0
3,VOTE4_A2_B1_C1_E1,20250328_lower_k1.0_2006_2025-03-28T13:45:40.420072,2025-03-28,2025-03-28 13:45:40.420072,2.5,12.75,1.0,1.0,1.0,1.0,2.0,0.0,-2.0
3,VOTE4_A2_B1_C1_E1,20250331_lower_k1.0_2007_2025-03-31T13:30:00.035324,2025-03-31,2025-03-31 13:30:00.035324,8.5,15.0,1.0,1.0,1.0,1.0,2.0,1.0,4.0
3,VOTE4_A2_B1_C1_E1,20250401_lower_k1.0_2009_2025-04-01T13:30:00.091498,2025-04-01,2025-04-01 13:30:00.091498,2.75,13.25,1.0,1.0,1.0,1.0,2.0,0.0,-2.0
3,VOTE4_A2_B1_C1_E1,20250401_lower_k1.0_2010_2025-04-01T13:56:47.200084,2025-04-01,2025-04-01 13:56:47.200084,8.0,11.25,1.0,1.0,1.0,1.0,2.0,1.0,4.0
3,VOTE4_A2_B1_C1_E1,20250402_lower_k1.0_2015_2025-04-02T13:30:00.024635,2025-04-02,2025-04-02 13:30:00.024635,37.0,2.5,1.0,1.0,1.0,1.0,2.0,1.0,4.0
3,VOTE4_A2_B1_C1_E1,20250403_lower_k1.0_2019_2025-04-03T13:30:00.026471,2025-04-03,2025-04-03 13:30:00.026471,28.5,2.5,1.0,1.0,1.0,1.0,2.0,1.0,4.0
3,VOTE4_A2_B1_C1_E1,20250403_lower_k1.0_2020_2025-04-03T13:50:12.561854,2025-04-03,2025-04-03 13:50:12.561854,10.25,24.0,1.0,1.0,1.0,1.0,2.0,1.0,4.0
3,VOTE4_A2_B1_C1_E1,20250403_lower_k1.0_2022_2025-04-03T15:49:39.480697,2025-04-03,2025-04-03 15:49:39.480697,13.75,10.75,1.0,1.0,1.0,1.0,2.0,1.0,4.0
3,VOTE4_A2_B1_C1_E1,20250403_lower_k1.0_2023_2025-04-03T16:54:09.040621,2025-04-03,2025-04-03 16:54:09.040621,8.5,3.25,1.0,1.0,1.0,1.0,2.0,1.0,4.0
3,VOTE4_A2_B1_C1_E1,20250403_lower_k1.0_2024_2025-04-03T17:10:01.790816,2025-04-03,2025-04-03 17:10:01.790816,7.75,3.0,1.0,1.0,1.0,1.0,2.0,1.0,4.0
3,VOTE4_A2_B1_C1_E1,20250407_lower_k1.0_2032_2025-04-07T13:30:00.028617,2025-04-07,2025-04-07 13:30:00.028617,2.5,54.0,1.0,1.0,1.0,1.0,2.0,0.0,-2.0
3,VOTE4_A2_B1_C1_E1,20250407_lower_k1.0_2033_2025-04-07T13:46:25.141454,2025-04-07,2025-04-07 13:46:25.141454,78.75,1.75,0.0,1.0,1.0,1.0,2.0,1.0,4.0
3,VOTE4_A2_B1_C1_E1,20250407_lower_k1.0_2034_2025-04-07T14:29:05.580279,2025-04-07,2025-04-07 14:29:05.580279,76.25,47.0,1.0,1.0,1.0,1.0,2.0,1.0,4.0
3,VOTE4_A2_B1_C1_E1,20250407_lower_k1.0_2035_2025-04-07T14:44:11.236804,2025-04-07,2025-04-07 14:44:11.236804,79.5,8.25,1.0,1.0,1.0,1.0,2.0,1.0,4.0
3,VOTE4_A2_B1_C1_E1,20250407_lower_k1.0_2036_2025-04-07T15:14:36.887869,2025-04-07,2025-04-07 15:14:36.887869,27.75,54.5,1.0,1.0,1.0,1.0,2.0,1.0,4.0
3,VOTE4_A2_B1_C1_E1,20250407_lower_k1.0_2037_2025-04-07T15:35:40.942077,2025-04-07,2025-04-07 15:35:40.942077,52.75,10.75,1.0,1.0,1.0,1.0,2.0,1.0,4.0
3,VOTE4_A2_B1_C1_E1,20250407_lower_k1.0_2038_2025-04-07T16:00:03.641303,2025-04-07,2025-04-07 16:00:03.641303,3.5,30.5,1.0,1.0,1.0,1.0,2.0,0.0,-2.0
3,VOTE4_A2_B1_C1_E1,20250407_lower_k1.0_2039_2025-04-07T16:26:37.935316,2025-04-07,2025-04-07 16:26:37.935316,29.0,7.25,1.0,1.0,1.0,1.0,2.0,1.0,4.0
3,VOTE4_A2_B1_C1_E1,20250407_lower_k1.0_2040_2025-04-07T16:41:39.562325,2025-04-07,2025-04-07 16:41:39.562325,1.75,34.0,1.0,1.0,1.0,0.0,-2.0,0.0,-2.0
3,VOTE4_A2_B1_C1_E1,20250407_lower_k1.0_2041_2025-04-07T17:00:08.071654,2025-04-07,2025-04-07 17:00:08.071654,47.5,27.75,1.0,1.0,1.0,1.0,2.0,1.0,4.0
3,VOTE4_A2_B1_C1_E1,20250408_lower_k1.0_2042_2025-04-08T13:30:00.032286,2025-04-08,2025-04-08 13:30:00.032286,2.5,41.5,1.0,1.0,1.0,1.0,2.0,0.0,-2.0
3,VOTE4_A2_B1_C1_E1,20250408_lower_k1.0_2043_2025-04-08T13:45:00.270754,2025-04-08,2025-04-08 13:45:00.270754,23.75,10.0,1.0,1.0,1.0,1.0,2.0,1.0,4.0
3,VOTE4_A2_B1_C1_E1,20250408_lower_k1.0_2044_2025-04-08T14:44:23.800324,2025-04-08,2025-04-08 14:44:23.800324,8.25,19.75,1.0,1.0,1.0,1.0,2.0,1.0,4.0
3,VOTE4_A2_B1_C1_E1,20250409_lower_k1.0_2045_2025-04-09T13:30:00.062746,2025-04-09,2025-04-09 13:30:00.062746,62.75,0.25,0.0,1.0,1.0,1.0,2.0,1.0,4.0
3,VOTE4_A2_B1_C1_E1,20250409_lower_k1.0_2046_2025-04-09T13:45:53.650852,2025-04-09,2025-04-09 13:45:53.650852,42.5,11.25,1.0,1.0,1.0,1.0,2.0,1.0,4.0
3,VOTE4_A2_B1_C1_E1,20250409_lower_k1.0_2047_2025-04-09T14:07:21.460230,2025-04-09,2025-04-09 14:07:21.460230,22.5,15.0,1.0,1.0,1.0,1.0,2.0,1.0,4.0
3,VOTE_B1_C1_E1,20250311_lower_k1.0_1912_2025-03-11T14:02:06.816083,2025-03-11,2025-03-11 14:02:06.816083,4.0,35.25,1.0,1.0,1.0,1.0,2.0,1.0,4.0
3,VOTE_B1_C1_E1,20250311_lower_k1.0_1913_2025-03-11T15:07:40.660350,2025-03-11,2025-03-11 15:07:40.660350,14.5,6.75,1.0,1.0,1.0,1.0,2.0,1.0,4.0
3,VOTE_B1_C1_E1,20250311_lower_k1.0_1914_2025-03-11T15:23:16.311165,2025-03-11,2025-03-11 15:23:16.311165,11.25,8.25,1.0,1.0,1.0,1.0,2.0,1.0,4.0
3,VOTE_B1_C1_E1,20250311_lower_k1.0_1915_2025-03-11T15:58:28.000226,2025-03-11,2025-03-11 15:58:28.000226,0.5,20.5,1.0,0.0,-2.0,0.0,-2.0,0.0,-2.0
3,VOTE_B1_C1_E1,20250311_lower_k1.0_1916_2025-03-11T18:03:11.256956,2025-03-11,2025-03-11 18:03:11.256956,11.25,9.0,1.0,1.0,1.0,1.0,2.0,1.0,4.0
3,VOTE_B1_C1_E1,20250312_lower_k1.0_1918_2025-03-12T13:30:00.028558,2025-03-12,2025-03-12 13:30:00.028558,9.25,9.0,1.0,1.0,1.0,1.0,2.0,1.0,4.0
3,VOTE_B1_C1_E1,20250312_lower_k1.0_1919_2025-03-12T13:52:27.845712,2025-03-12,2025-03-12 13:52:27.845712,5.0,29.5,1.0,1.0,1.0,1.0,2.0,1.0,4.0
3,VOTE_B1_C1_E1,20250312_lower_k1.0_1920_2025-03-12T14:10:11.853798,2025-03-12,2025-03-12 14:10:11.853798,0.25,23.25,1.0,0.0,-2.0,0.0,-2.0,0.0,-2.0
3,VOTE_B1_C1_E1,20250312_lower_k1.0_1922_2025-03-12T16:03:19.710746,2025-03-12,2025-03-12 16:03:19.710746,18.75,2.5,1.0,1.0,1.0,1.0,2.0,1.0,4.0
3,VOTE_B1_C1_E1,20250312_lower_k1.0_1923_2025-03-12T16:43:39.180145,2025-03-12,2025-03-12 16:43:39.180145,22.75,0.0,0.0,1.0,1.0,1.0,2.0,1.0,4.0
3,VOTE_B1_C1_E1,20250312_lower_k1.0_1924_2025-03-12T17:05:14.621386,2025-03-12,2025-03-12 17:05:14.621386,18.75,0.75,0.0,1.0,1.0,1.0,2.0,1.0,4.0
3,VOTE_B1_C1_E1,20250312_lower_k1.0_1925_2025-03-12T17:56:15.052382,2025-03-12,2025-03-12 17:56:15.052382,5.75,11.5,1.0,1.0,1.0,1.0,2.0,1.0,4.0
3,VOTE_B1_C1_E1,20250312_lower_k1.0_1926_2025-03-12T19:22:37.542310,2025-03-12,2025-03-12 19:22:37.542310,13.5,0.75,0.0,1.0,1.0,1.0,2.0,1.0,4.0
3,VOTE_B1_C1_E1,20250312_lower_k1.0_1927_2025-03-12T19:38:52.464003,2025-03-12,2025-03-12 19:38:52.464003,5.0,7.0,1.0,1.0,1.0,1.0,2.0,1.0,4.0
3,VOTE_B1_C1_E1,20250312_lower_k1.0_1928_2025-03-12T19:53:52.791251,2025-03-12,2025-03-12 19:53:52.791251,9.5,3.25,1.0,1.0,1.0,1.0,2.0,1.0,4.0
3,VOTE_B1_C1_E1,20250313_lower_k1.0_1932_2025-03-13T14:51:12.210858,2025-03-13,2025-03-13 14:51:12.210858,7.0,11.5,1.0,1.0,1.0,1.0,2.0,1.0,4.0
3,VOTE_B1_C1_E1,20250314_lower_k1.0_1936_2025-03-14T14:00:00.014557,2025-03-14,2025-03-14 14:00:00.014557,12.75,23.0,1.0,1.0,1.0,1.0,2.0,1.0,4.0
3,VOTE_B1_C1_E1,20250314_lower_k1.0_1937_2025-03-14T14:23:37.657651,2025-03-14,2025-03-14 14:23:37.657651,5.5,6.0,1.0,1.0,1.0,1.0,2.0,1.0,4.0
3,VOTE_B1_C1_E1,20250317_lower_k1.0_1938_2025-03-17T13:30:00.143209,2025-03-17,2025-03-17 13:30:00.143209,29.75,4.0,1.0,1.0,1.0,1.0,2.0,1.0,4.0
3,VOTE_B1_C1_E1,20250317_lower_k1.0_1939_2025-03-17T13:50:12.441853,2025-03-17,2025-03-17 13:50:12.441853,19.5,1.25,0.0,1.0,1.0,1.0,2.0,1.0,4.0
3,VOTE_B1_C1_E1,20250317_lower_k1.0_1941_2025-03-17T14:28:12.023898,2025-03-17,2025-03-17 14:28:12.023898,1.0,10.0,1.0,1.0,1.0,0.0,-2.0,0.0,-2.0
3,VOTE_B1_C1_E1,20250318_lower_k1.0_1947_2025-03-18T13:30:00.098681,2025-03-18,2025-03-18 13:30:00.098681,2.25,22.25,1.0,1.0,1.0,1.0,2.0,0.0,-2.0
3,VOTE_B1_C1_E1,20250318_lower_k1.0_1949_2025-03-18T14:55:07.263673,2025-03-18,2025-03-18 14:55:07.263673,0.5,21.5,1.0,0.0,-2.0,0.0,-2.0,0.0,-2.0
3,VOTE_B1_C1_E1,20250318_lower_k1.0_1958_2025-03-18T19:00:49.061266,2025-03-18,2025-03-18 19:00:49.061266,5.25,3.5,1.0,1.0,1.0,1.0,2.0,1.0,4.0
3,VOTE_B1_C1_E1,20250319_lower_k1.0_1962_2025-03-19T13:30:00.038932,2025-03-19,2025-03-19 13:30:00.038932,4.75,6.75,1.0,1.0,1.0,1.0,2.0,1.0,4.0
3,VOTE_B1_C1_E1,20250319_lower_k1.0_1969_2025-03-19T18:00:10.057852,2025-03-19,2025-03-19 18:00:10.057852,12.0,7.0,1.0,1.0,1.0,1.0,2.0,1.0,4.0
3,VOTE_B1_C1_E1,20250321_lower_k1.0_1975_2025-03-21T13:53:27.542786,2025-03-21,2025-03-21 13:53:27.542786,13.75,2.75,1.0,1.0,1.0,1.0,2.0,1.0,4.0
3,VOTE_B1_C1_E1,20250328_lower_k1.0_2006_2025-03-28T13:45:40.420072,2025-03-28,2025-03-28 13:45:40.420072,2.5,12.75,1.0,1.0,1.0,1.0,2.0,0.0,-2.0
3,VOTE_B1_C1_E1,20250331_lower_k1.0_2007_2025-03-31T13:30:00.035324,2025-03-31,2025-03-31 13:30:00.035324,8.5,15.0,1.0,1.0,1.0,1.0,2.0,1.0,4.0
3,VOTE_B1_C1_E1,20250401_lower_k1.0_2009_2025-04-01T13:30:00.091498,2025-04-01,2025-04-01 13:30:00.091498,2.75,13.25,1.0,1.0,1.0,1.0,2.0,0.0,-2.0
3,VOTE_B1_C1_E1,20250401_lower_k1.0_2010_2025-04-01T13:56:47.200084,2025-04-01,2025-04-01 13:56:47.200084,8.0,11.25,1.0,1.0,1.0,1.0,2.0,1.0,4.0
3,VOTE_B1_C1_E1,20250403_lower_k1.0_2019_2025-04-03T13:30:00.026471,2025-04-03,2025-04-03 13:30:00.026471,28.5,2.5,1.0,1.0,1.0,1.0,2.0,1.0,4.0
3,VOTE_B1_C1_E1,20250403_lower_k1.0_2020_2025-04-03T13:50:12.561854,2025-04-03,2025-04-03 13:50:12.561854,10.25,24.0,1.0,1.0,1.0,1.0,2.0,1.0,4.0
3,VOTE_B1_C1_E1,20250403_lower_k1.0_2023_2025-04-03T16:54:09.040621,2025-04-03,2025-04-03 16:54:09.040621,8.5,3.25,1.0,1.0,1.0,1.0,2.0,1.0,4.0
3,VOTE_B1_C1_E1,20250403_lower_k1.0_2024_2025-04-03T17:10:01.790816,2025-04-03,2025-04-03 17:10:01.790816,7.75,3.0,1.0,1.0,1.0,1.0,2.0,1.0,4.0
3,VOTE_B1_C1_E1,20250407_lower_k1.0_2032_2025-04-07T13:30:00.028617,2025-04-07,2025-04-07 13:30:00.028617,2.5,54.0,1.0,1.0,1.0,1.0,2.0,0.0,-2.0
3,VOTE_B1_C1_E1,20250407_lower_k1.0_2033_2025-04-07T13:46:25.141454,2025-04-07,2025-04-07 13:46:25.141454,78.75,1.75,0.0,1.0,1.0,1.0,2.0,1.0,4.0
3,VOTE_B1_C1_E1,20250407_lower_k1.0_2034_2025-04-07T14:29:05.580279,2025-04-07,2025-04-07 14:29:05.580279,76.25,47.0,1.0,1.0,1.0,1.0,2.0,1.0,4.0
3,VOTE_B1_C1_E1,20250407_lower_k1.0_2035_2025-04-07T14:44:11.236804,2025-04-07,2025-04-07 14:44:11.236804,79.5,8.25,1.0,1.0,1.0,1.0,2.0,1.0,4.0
3,VOTE_B1_C1_E1,20250407_lower_k1.0_2036_2025-04-07T15:14:36.887869,2025-04-07,2025-04-07 15:14:36.887869,27.75,54.5,1.0,1.0,1.0,1.0,2.0,1.0,4.0
3,VOTE_B1_C1_E1,20250407_lower_k1.0_2037_2025-04-07T15:35:40.942077,2025-04-07,2025-04-07 15:35:40.942077,52.75,10.75,1.0,1.0,1.0,1.0,2.0,1.0,4.0
3,VOTE_B1_C1_E1,20250407_lower_k1.0_2038_2025-04-07T16:00:03.641303,2025-04-07,2025-04-07 16:00:03.641303,3.5,30.5,1.0,1.0,1.0,1.0,2.0,0.0,-2.0
3,VOTE_B1_C1_E1,20250407_lower_k1.0_2039_2025-04-07T16:26:37.935316,2025-04-07,2025-04-07 16:26:37.935316,29.0,7.25,1.0,1.0,1.0,1.0,2.0,1.0,4.0
3,VOTE_B1_C1_E1,20250407_lower_k1.0_2040_2025-04-07T16:41:39.562325,2025-04-07,2025-04-07 16:41:39.562325,1.75,34.0,1.0,1.0,1.0,0.0,-2.0,0.0,-2.0
3,VOTE_B1_C1_E1,20250407_lower_k1.0_2041_2025-04-07T17:00:08.071654,2025-04-07,2025-04-07 17:00:08.071654,47.5,27.75,1.0,1.0,1.0,1.0,2.0,1.0,4.0
3,VOTE_B1_C1_E1,20250408_lower_k1.0_2042_2025-04-08T13:30:00.032286,2025-04-08,2025-04-08 13:30:00.032286,2.5,41.5,1.0,1.0,1.0,1.0,2.0,0.0,-2.0
3,VOTE_B1_C1_E1,20250408_lower_k1.0_2043_2025-04-08T13:45:00.270754,2025-04-08,2025-04-08 13:45:00.270754,23.75,10.0,1.0,1.0,1.0,1.0,2.0,1.0,4.0
3,VOTE_B1_C1_E1,20250408_lower_k1.0_2044_2025-04-08T14:44:23.800324,2025-04-08,2025-04-08 14:44:23.800324,8.25,19.75,1.0,1.0,1.0,1.0,2.0,1.0,4.0
3,VOTE_B1_C1_E1,20250409_lower_k1.0_2045_2025-04-09T13:30:00.062746,2025-04-09,2025-04-09 13:30:00.062746,62.75,0.25,0.0,1.0,1.0,1.0,2.0,1.0,4.0
3,VOTE_B1_C1_E1,20250409_lower_k1.0_2046_2025-04-09T13:45:53.650852,2025-04-09,2025-04-09 13:45:53.650852,42.5,11.25,1.0,1.0,1.0,1.0,2.0,1.0,4.0
3,VOTE_B1_C1_E1,20250409_lower_k1.0_2047_2025-04-09T14:07:21.460230,2025-04-09,2025-04-09 14:07:21.460230,22.5,15.0,1.0,1.0,1.0,1.0,2.0,1.0,4.0
4,VOTE_B1_C1_D1,20250812_lower_k1.0_2621_2025-08-12T13:46:44.541137,2025-08-12,2025-08-12 13:46:44.541137,1.25,18.0,1.0,1.0,1.0,0.0,-2.0,0.0,-2.0
4,VOTE_B1_C1_D1,20250820_lower_k1.0_2668_2025-08-20T18:13:18.791474,2025-08-20,2025-08-20 18:13:18.791474,4.75,4.5,1.0,1.0,1.0,1.0,2.0,1.0,4.0
4,VOTE_B1_C1_D1,20250821_lower_k1.0_2671_2025-08-21T13:45:07.300582,2025-08-21,2025-08-21 13:45:07.300582,3.75,15.0,1.0,1.0,1.0,1.0,2.0,0.0,-2.0
4,VOTE_B1_C1_D1,20250821_lower_k1.0_2672_2025-08-21T14:00:47.484123,2025-08-21,2025-08-21 14:00:47.484123,18.5,0.25,0.0,1.0,1.0,1.0,2.0,1.0,4.0
4,VOTE_B1_C1_D1,20250903_lower_k1.0_2727_2025-09-03T14:00:52.263234,2025-09-03,2025-09-03 14:00:52.263234,5.0,2.0,1.0,1.0,1.0,1.0,2.0,1.0,4.0
4,ALL2_A2_C1,20250812_lower_k1.0_2621_2025-08-12T13:46:44.541137,2025-08-12,2025-08-12 13:46:44.541137,1.25,18.0,1.0,1.0,1.0,0.0,-2.0,0.0,-2.0
4,ALL2_A2_C1,20250821_lower_k1.0_2672_2025-08-21T14:00:47.484123,2025-08-21,2025-08-21 14:00:47.484123,18.5,0.25,0.0,1.0,1.0,1.0,2.0,1.0,4.0
4,SINGLE_A2,20250812_lower_k1.0_2621_2025-08-12T13:46:44.541137,2025-08-12,2025-08-12 13:46:44.541137,1.25,18.0,1.0,1.0,1.0,0.0,-2.0,0.0,-2.0
4,SINGLE_A2,20250821_lower_k1.0_2672_2025-08-21T14:00:47.484123,2025-08-21,2025-08-21 14:00:47.484123,18.5,0.25,0.0,1.0,1.0,1.0,2.0,1.0,4.0
4,SINGLE_A2,20250902_lower_k1.0_2719_2025-09-02T13:30:00.014313,2025-09-02,2025-09-02 13:30:00.014313,0.25,15.0,1.0,0.0,-2.0,0.0,-2.0,0.0,-2.0
4,SINGLE_A2,20250902_lower_k1.0_2720_2025-09-02T13:47:40.280752,2025-09-02,2025-09-02 13:47:40.280752,27.75,1.5,0.0,1.0,1.0,1.0,2.0,1.0,4.0
4,VOTE4_A2_B1_C1_E1,20250812_lower_k1.0_2621_2025-08-12T13:46:44.541137,2025-08-12,2025-08-12 13:46:44.541137,1.25,18.0,1.0,1.0,1.0,0.0,-2.0,0.0,-2.0
4,VOTE4_A2_B1_C1_E1,20250821_lower_k1.0_2671_2025-08-21T13:45:07.300582,2025-08-21,2025-08-21 13:45:07.300582,3.75,15.0,1.0,1.0,1.0,1.0,2.0,0.0,-2.0
4,VOTE4_A2_B1_C1_E1,20250821_lower_k1.0_2672_2025-08-21T14:00:47.484123,2025-08-21,2025-08-21 14:00:47.484123,18.5,0.25,0.0,1.0,1.0,1.0,2.0,1.0,4.0
4,VOTE4_A2_B1_C1_E1,20250902_lower_k1.0_2719_2025-09-02T13:30:00.014313,2025-09-02,2025-09-02 13:30:00.014313,0.25,15.0,1.0,0.0,-2.0,0.0,-2.0,0.0,-2.0
4,VOTE4_A2_B1_C1_E1,20250902_lower_k1.0_2720_2025-09-02T13:47:40.280752,2025-09-02,2025-09-02 13:47:40.280752,27.75,1.5,0.0,1.0,1.0,1.0,2.0,1.0,4.0
4,VOTE4_A2_B1_C1_E1,20250903_lower_k1.0_2727_2025-09-03T14:00:52.263234,2025-09-03,2025-09-03 14:00:52.263234,5.0,2.0,1.0,1.0,1.0,1.0,2.0,1.0,4.0
4,VOTE_B1_C1_E1,20250812_lower_k1.0_2621_2025-08-12T13:46:44.541137,2025-08-12,2025-08-12 13:46:44.541137,1.25,18.0,1.0,1.0,1.0,0.0,-2.0,0.0,-2.0
4,VOTE_B1_C1_E1,20250821_lower_k1.0_2671_2025-08-21T13:45:07.300582,2025-08-21,2025-08-21 13:45:07.300582,3.75,15.0,1.0,1.0,1.0,1.0,2.0,0.0,-2.0
4,VOTE_B1_C1_E1,20250821_lower_k1.0_2672_2025-08-21T14:00:47.484123,2025-08-21,2025-08-21 14:00:47.484123,18.5,0.25,0.0,1.0,1.0,1.0,2.0,1.0,4.0
4,VOTE_B1_C1_E1,20250902_lower_k1.0_2719_2025-09-02T13:30:00.014313,2025-09-02,2025-09-02 13:30:00.014313,0.25,15.0,1.0,0.0,-2.0,0.0,-2.0,0.0,-2.0
4,VOTE_B1_C1_E1,20250903_lower_k1.0_2727_2025-09-03T14:00:52.263234,2025-09-03,2025-09-03 14:00:52.263234,5.0,2.0,1.0,1.0,1.0,1.0,2.0,1.0,4.0
5,VOTE_B1_C1_D1,20260109_lower_k1.0_3324_2026-01-09T15:00:44.821331,2026-01-09,2026-01-09 15:00:44.821331,9.25,19.25,1.0,1.0,1.0,1.0,2.0,1.0,4.0
5,VOTE_B1_C1_D1,20260114_lower_k1.0_3336_2026-01-14T15:11:47.242217,2026-01-14,2026-01-14 15:11:47.242217,15.25,3.5,1.0,1.0,1.0,1.0,2.0,1.0,4.0
5,VOTE_B1_C1_D1,20260121_lower_k1.0_3370_2026-01-21T19:27:38.787757,2026-01-21,2026-01-21 19:27:38.787757,50.5,0.0,0.0,1.0,1.0,1.0,2.0,1.0,4.0
5,VOTE_B1_C1_D1,20260128_lower_k1.0_3395_2026-01-28T19:30:58.885426,2026-01-28,2026-01-28 19:30:58.885426,5.75,12.5,1.0,1.0,1.0,1.0,2.0,1.0,4.0
5,VOTE_B1_C1_D1,20260130_lower_k1.0_3404_2026-01-30T14:45:00.212608,2026-01-30,2026-01-30 14:45:00.212608,6.75,8.5,1.0,1.0,1.0,1.0,2.0,1.0,4.0
5,VOTE_B1_C1_D1,20260130_lower_k1.0_3405_2026-01-30T15:01:56.526076,2026-01-30,2026-01-30 15:01:56.526076,13.25,7.75,1.0,1.0,1.0,1.0,2.0,1.0,4.0
5,VOTE_B1_C1_D1,20260130_lower_k1.0_3406_2026-01-30T15:23:31.147999,2026-01-30,2026-01-30 15:23:31.147999,5.0,17.75,1.0,1.0,1.0,1.0,2.0,1.0,4.0
5,ALL2_A2_C1,20260109_lower_k1.0_3323_2026-01-09T14:45:12.881159,2026-01-09,2026-01-09 14:45:12.881159,6.5,7.75,1.0,1.0,1.0,1.0,2.0,1.0,4.0
5,ALL2_A2_C1,20260109_lower_k1.0_3324_2026-01-09T15:00:44.821331,2026-01-09,2026-01-09 15:00:44.821331,9.25,19.25,1.0,1.0,1.0,1.0,2.0,1.0,4.0
5,ALL2_A2_C1,20260114_lower_k1.0_3336_2026-01-14T15:11:47.242217,2026-01-14,2026-01-14 15:11:47.242217,15.25,3.5,1.0,1.0,1.0,1.0,2.0,1.0,4.0
5,ALL2_A2_C1,20260120_lower_k1.0_3362_2026-01-20T14:46:35.141776,2026-01-20,2026-01-20 14:46:35.141776,12.5,2.75,1.0,1.0,1.0,1.0,2.0,1.0,4.0
5,ALL2_A2_C1,20260128_lower_k1.0_3395_2026-01-28T19:30:58.885426,2026-01-28,2026-01-28 19:30:58.885426,5.75,12.5,1.0,1.0,1.0,1.0,2.0,1.0,4.0
5,ALL2_A2_C1,20260130_lower_k1.0_3405_2026-01-30T15:01:56.526076,2026-01-30,2026-01-30 15:01:56.526076,13.25,7.75,1.0,1.0,1.0,1.0,2.0,1.0,4.0
5,ALL2_A2_C1,20260130_lower_k1.0_3410_2026-01-30T19:30:46.778384,2026-01-30,2026-01-30 19:30:46.778384,9.25,5.75,1.0,1.0,1.0,1.0,2.0,1.0,4.0
5,SINGLE_A2,20260109_lower_k1.0_3323_2026-01-09T14:45:12.881159,2026-01-09,2026-01-09 14:45:12.881159,6.5,7.75,1.0,1.0,1.0,1.0,2.0,1.0,4.0
5,SINGLE_A2,20260109_lower_k1.0_3324_2026-01-09T15:00:44.821331,2026-01-09,2026-01-09 15:00:44.821331,9.25,19.25,1.0,1.0,1.0,1.0,2.0,1.0,4.0
5,SINGLE_A2,20260114_lower_k1.0_3336_2026-01-14T15:11:47.242217,2026-01-14,2026-01-14 15:11:47.242217,15.25,3.5,1.0,1.0,1.0,1.0,2.0,1.0,4.0
5,SINGLE_A2,20260120_lower_k1.0_3361_2026-01-20T14:30:00.120211,2026-01-20,2026-01-20 14:30:00.120211,14.5,1.0,0.0,1.0,1.0,1.0,2.0,1.0,4.0
5,SINGLE_A2,20260120_lower_k1.0_3362_2026-01-20T14:46:35.141776,2026-01-20,2026-01-20 14:46:35.141776,12.5,2.75,1.0,1.0,1.0,1.0,2.0,1.0,4.0
5,SINGLE_A2,20260120_lower_k1.0_3363_2026-01-20T15:07:00.701378,2026-01-20,2026-01-20 15:07:00.701378,1.25,12.25,1.0,1.0,1.0,0.0,-2.0,0.0,-2.0
5,SINGLE_A2,20260121_lower_k1.0_3367_2026-01-21T14:30:00.028102,2026-01-21,2026-01-21 14:30:00.028102,11.25,5.25,1.0,1.0,1.0,1.0,2.0,1.0,4.0
5,SINGLE_A2,20260121_lower_k1.0_3370_2026-01-21T19:27:38.787757,2026-01-21,2026-01-21 19:27:38.787757,50.5,0.0,0.0,1.0,1.0,1.0,2.0,1.0,4.0
5,SINGLE_A2,20260128_lower_k1.0_3392_2026-01-28T14:47:29.771210,2026-01-28,2026-01-28 14:47:29.771210,5.75,2.75,1.0,1.0,1.0,1.0,2.0,1.0,4.0
5,SINGLE_A2,20260128_lower_k1.0_3395_2026-01-28T19:30:58.885426,2026-01-28,2026-01-28 19:30:58.885426,5.75,12.5,1.0,1.0,1.0,1.0,2.0,1.0,4.0
5,SINGLE_A2,20260128_lower_k1.0_3396_2026-01-28T19:48:44.121725,2026-01-28,2026-01-28 19:48:44.121725,2.25,6.0,1.0,1.0,1.0,1.0,2.0,0.0,-2.0
5,SINGLE_A2,20260130_lower_k1.0_3403_2026-01-30T14:30:00.018930,2026-01-30,2026-01-30 14:30:00.018930,18.25,4.75,1.0,1.0,1.0,1.0,2.0,1.0,4.0
5,SINGLE_A2,20260130_lower_k1.0_3404_2026-01-30T14:45:00.212608,2026-01-30,2026-01-30 14:45:00.212608,6.75,8.5,1.0,1.0,1.0,1.0,2.0,1.0,4.0
5,SINGLE_A2,20260130_lower_k1.0_3405_2026-01-30T15:01:56.526076,2026-01-30,2026-01-30 15:01:56.526076,13.25,7.75,1.0,1.0,1.0,1.0,2.0,1.0,4.0
5,SINGLE_A2,20260130_lower_k1.0_3406_2026-01-30T15:23:31.147999,2026-01-30,2026-01-30 15:23:31.147999,5.0,17.75,1.0,1.0,1.0,1.0,2.0,1.0,4.0
5,SINGLE_A2,20260130_lower_k1.0_3407_2026-01-30T15:53:34.090501,2026-01-30,2026-01-30 15:53:34.090501,3.0,7.25,1.0,1.0,1.0,1.0,2.0,0.0,-2.0
5,SINGLE_A2,20260130_lower_k1.0_3410_2026-01-30T19:30:46.778384,2026-01-30,2026-01-30 19:30:46.778384,9.25,5.75,1.0,1.0,1.0,1.0,2.0,1.0,4.0
5,VOTE4_A2_B1_C1_E1,20260109_lower_k1.0_3323_2026-01-09T14:45:12.881159,2026-01-09,2026-01-09 14:45:12.881159,6.5,7.75,1.0,1.0,1.0,1.0,2.0,1.0,4.0
5,VOTE4_A2_B1_C1_E1,20260109_lower_k1.0_3324_2026-01-09T15:00:44.821331,2026-01-09,2026-01-09 15:00:44.821331,9.25,19.25,1.0,1.0,1.0,1.0,2.0,1.0,4.0
5,VOTE4_A2_B1_C1_E1,20260114_lower_k1.0_3336_2026-01-14T15:11:47.242217,2026-01-14,2026-01-14 15:11:47.242217,15.25,3.5,1.0,1.0,1.0,1.0,2.0,1.0,4.0
5,VOTE4_A2_B1_C1_E1,20260120_lower_k1.0_3361_2026-01-20T14:30:00.120211,2026-01-20,2026-01-20 14:30:00.120211,14.5,1.0,0.0,1.0,1.0,1.0,2.0,1.0,4.0
5,VOTE4_A2_B1_C1_E1,20260120_lower_k1.0_3362_2026-01-20T14:46:35.141776,2026-01-20,2026-01-20 14:46:35.141776,12.5,2.75,1.0,1.0,1.0,1.0,2.0,1.0,4.0
5,VOTE4_A2_B1_C1_E1,20260120_lower_k1.0_3363_2026-01-20T15:07:00.701378,2026-01-20,2026-01-20 15:07:00.701378,1.25,12.25,1.0,1.0,1.0,0.0,-2.0,0.0,-2.0
5,VOTE4_A2_B1_C1_E1,20260121_lower_k1.0_3367_2026-01-21T14:30:00.028102,2026-01-21,2026-01-21 14:30:00.028102,11.25,5.25,1.0,1.0,1.0,1.0,2.0,1.0,4.0
5,VOTE4_A2_B1_C1_E1,20260121_lower_k1.0_3370_2026-01-21T19:27:38.787757,2026-01-21,2026-01-21 19:27:38.787757,50.5,0.0,0.0,1.0,1.0,1.0,2.0,1.0,4.0
5,VOTE4_A2_B1_C1_E1,20260128_lower_k1.0_3395_2026-01-28T19:30:58.885426,2026-01-28,2026-01-28 19:30:58.885426,5.75,12.5,1.0,1.0,1.0,1.0,2.0,1.0,4.0
5,VOTE4_A2_B1_C1_E1,20260128_lower_k1.0_3396_2026-01-28T19:48:44.121725,2026-01-28,2026-01-28 19:48:44.121725,2.25,6.0,1.0,1.0,1.0,1.0,2.0,0.0,-2.0
5,VOTE4_A2_B1_C1_E1,20260130_lower_k1.0_3403_2026-01-30T14:30:00.018930,2026-01-30,2026-01-30 14:30:00.018930,18.25,4.75,1.0,1.0,1.0,1.0,2.0,1.0,4.0
5,VOTE4_A2_B1_C1_E1,20260130_lower_k1.0_3404_2026-01-30T14:45:00.212608,2026-01-30,2026-01-30 14:45:00.212608,6.75,8.5,1.0,1.0,1.0,1.0,2.0,1.0,4.0
5,VOTE4_A2_B1_C1_E1,20260130_lower_k1.0_3405_2026-01-30T15:01:56.526076,2026-01-30,2026-01-30 15:01:56.526076,13.25,7.75,1.0,1.0,1.0,1.0,2.0,1.0,4.0
5,VOTE4_A2_B1_C1_E1,20260130_lower_k1.0_3406_2026-01-30T15:23:31.147999,2026-01-30,2026-01-30 15:23:31.147999,5.0,17.75,1.0,1.0,1.0,1.0,2.0,1.0,4.0
5,VOTE4_A2_B1_C1_E1,20260130_lower_k1.0_3407_2026-01-30T15:53:34.090501,2026-01-30,2026-01-30 15:53:34.090501,3.0,7.25,1.0,1.0,1.0,1.0,2.0,0.0,-2.0
5,VOTE4_A2_B1_C1_E1,20260130_lower_k1.0_3410_2026-01-30T19:30:46.778384,2026-01-30,2026-01-30 19:30:46.778384,9.25,5.75,1.0,1.0,1.0,1.0,2.0,1.0,4.0
5,VOTE_B1_C1_E1,20260109_lower_k1.0_3323_2026-01-09T14:45:12.881159,2026-01-09,2026-01-09 14:45:12.881159,6.5,7.75,1.0,1.0,1.0,1.0,2.0,1.0,4.0
5,VOTE_B1_C1_E1,20260109_lower_k1.0_3324_2026-01-09T15:00:44.821331,2026-01-09,2026-01-09 15:00:44.821331,9.25,19.25,1.0,1.0,1.0,1.0,2.0,1.0,4.0
5,VOTE_B1_C1_E1,20260114_lower_k1.0_3336_2026-01-14T15:11:47.242217,2026-01-14,2026-01-14 15:11:47.242217,15.25,3.5,1.0,1.0,1.0,1.0,2.0,1.0,4.0
5,VOTE_B1_C1_E1,20260120_lower_k1.0_3362_2026-01-20T14:46:35.141776,2026-01-20,2026-01-20 14:46:35.141776,12.5,2.75,1.0,1.0,1.0,1.0,2.0,1.0,4.0
5,VOTE_B1_C1_E1,20260121_lower_k1.0_3370_2026-01-21T19:27:38.787757,2026-01-21,2026-01-21 19:27:38.787757,50.5,0.0,0.0,1.0,1.0,1.0,2.0,1.0,4.0
5,VOTE_B1_C1_E1,20260128_lower_k1.0_3395_2026-01-28T19:30:58.885426,2026-01-28,2026-01-28 19:30:58.885426,5.75,12.5,1.0,1.0,1.0,1.0,2.0,1.0,4.0
5,VOTE_B1_C1_E1,20260130_lower_k1.0_3403_2026-01-30T14:30:00.018930,2026-01-30,2026-01-30 14:30:00.018930,18.25,4.75,1.0,1.0,1.0,1.0,2.0,1.0,4.0
5,VOTE_B1_C1_E1,20260130_lower_k1.0_3404_2026-01-30T14:45:00.212608,2026-01-30,2026-01-30 14:45:00.212608,6.75,8.5,1.0,1.0,1.0,1.0,2.0,1.0,4.0
5,VOTE_B1_C1_E1,20260130_lower_k1.0_3405_2026-01-30T15:01:56.526076,2026-01-30,2026-01-30 15:01:56.526076,13.25,7.75,1.0,1.0,1.0,1.0,2.0,1.0,4.0
5,VOTE_B1_C1_E1,20260130_lower_k1.0_3406_2026-01-30T15:23:31.147999,2026-01-30,2026-01-30 15:23:31.147999,5.0,17.75,1.0,1.0,1.0,1.0,2.0,1.0,4.0
5,VOTE_B1_C1_E1,20260130_lower_k1.0_3410_2026-01-30T19:30:46.778384,2026-01-30,2026-01-30 19:30:46.778384,9.25,5.75,1.0,1.0,1.0,1.0,2.0,1.0,4.0
