combo_name,logic,rule_names,n_folds,positive_test_folds,strong_test_folds_hit_ge_0_90,mean_train_hit_rate,mean_val_hit_rate,mean_test_hit_rate,std_test_hit_rate,mean_test_avg_mr_pts,std_test_avg_mr_pts,mean_test_events,min_test_events,max_test_events,mean_hit_rate_degradation_test_minus_train,mean_avg_mr_pts_degradation_test_minus_train,robust_score,stability_score
ALL2_B2_C2,ALL,B2_realized_vol_1m__depth_mid_ask | C2_cancel_rate_ask__bid_depth_curvature,5,2,2,0.7596153846153847,0.9818181818181818,1.0,0.0,11.663377192982455,6.705043859649123,8.8,0,38,0.020833333333333315,-3.039747807017543,0.8139010898458267,0.8200000000000001
UNION_A2_C2,ANY,A2_depth_near_ask__cancel_rate_ask | C2_cancel_rate_ask__bid_depth_curvature,5,3,2,0.9138579067990833,0.992,0.9338624338624338,0.05879923484363195,9.105575905575906,3.833403555114778,18.0,0,65,0.0009620009620009418,-1.5644457394457396,0.7706564521897856,0.7698918290563114
ALL3_A2_C2_D1,ALL,A2_depth_near_ask__cancel_rate_ask | C2_cancel_rate_ask__bid_depth_curvature | D1_depth_mid_ask__queue_imbalance_std_5s,5,3,3,0.7492307692307693,0.9714285714285715,1.0,0.0,8.567876344086022,6.909199445436362,7.2,0,31,0.051282051282051246,-7.566098014888337,0.765624431840561,0.8799999999999999
SINGLE_C1,SINGLE,C1_cancel_rate_ask__cancel_ratio,5,5,4,0.9552890221555888,1.0,0.966163901458019,0.04119472937878357,7.457227249874309,4.141074834842592,18.2,1,51,0.010874879302430229,-2.525347087956775,0.7621077693179554,0.9201261672259826
SINGLE_B2,SINGLE,B2_realized_vol_1m__depth_mid_ask,5,3,2,0.8961394091689343,0.9504761904761905,0.9166666666666666,0.11785113019775792,9.365277777777777,3.566800252776973,14.4,0,60,-0.017375205757747463,-1.403513156931,0.7539709450326909,0.714052429175127
SINGLE_C2,SINGLE,C2_cancel_rate_ask__bid_depth_curvature,5,3,2,0.7646437522377372,0.9875,0.9222222222222222,0.0684934889218775,8.944671201814058,4.905954172862201,14.0,0,49,-0.036394557823129205,-2.8557716836734692,0.75363671579743,0.756316319973609
SINGLE_A2,SINGLE,A2_depth_near_ask__cancel_rate_ask,5,3,2,0.9106877244500777,0.9904761904761905,0.8680555555555555,0.14467129622221986,9.40839806967985,3.924505369719425,15.6,0,59,-0.060510006699950325,-1.5882092700076305,0.7385879577193871,0.6682907408000017
VOTE_A2_C2_D1,AT_LEAST_2,A2_depth_near_ask__cancel_rate_ask | C2_cancel_rate_ask__bid_depth_curvature | D1_depth_mid_ask__queue_imbalance_std_5s,5,3,2,0.866437022789532,0.9888888888888889,0.8632478632478632,0.14250711111566727,9.58531746031746,4.438029490338889,14.4,0,56,-0.09668685727437258,-3.076828092518118,0.7333680257092741,0.6676182427313978
VOTE_A2_C2_D2,AT_LEAST_2,A2_depth_near_ask__cancel_rate_ask | C2_cancel_rate_ask__bid_depth_curvature | D2_depth_near_ask__queue_imbalance_std_5s,5,3,2,0.9163315179444211,0.9888888888888889,0.8632478632478632,0.14250711111566727,9.51388888888889,4.33738236756562,14.0,0,54,-0.09578951514435381,-2.651113671274961,0.7319053789698952,0.6676182427313978
ALL2_C1_C2,ALL,C1_cancel_rate_ask__cancel_ratio | C2_cancel_rate_ask__bid_depth_curvature,5,3,2,0.7794155844155845,1.0,0.8632478632478632,0.14250711111566727,8.824901824901824,6.401082430291221,10.6,0,37,-0.10244477744477742,-3.698285404535404,0.7186200252200253,0.6676182427313978
VOTE_A2_B2_C2,AT_LEAST_2,A2_depth_near_ask__cancel_rate_ask | B2_realized_vol_1m__depth_mid_ask | C2_cancel_rate_ask__bid_depth_curvature,5,3,2,0.892803355139608,0.9904761904761905,0.8095238095238096,0.2208004403689453,7.870535714285715,5.404836063184336,14.4,0,56,-0.13527190583232748,-3.817663059526579,0.6853942379881959,0.5781215524667486
ALL2_A2_C2,ALL,A2_depth_near_ask__cancel_rate_ask | C2_cancel_rate_ask__bid_depth_curvature,5,3,2,0.7643825301204819,0.9833333333333332,0.8076923076923078,0.2198260025574647,8.421511627906977,5.972134510922329,11.6,0,43,-0.15377857584182883,-5.0663648781171196,0.6848858871981666,0.5779853518001822
