run_id,heat_id,tender_id,execution_id,slice_no,order_role,observed_at_utc,ticker,action,requested_qty,predicted_slice_vwap,predicted_slice_worst,predicted_slice_covered,order_id,submit_start_relative_ms,submit_response_relative_ms,submit_latency_ms,pacing_sleep_ms,quantity_filled,actual_vwap,actual_price,signed_price_improvement,adverse_slippage_per_share,status,response_json,detail_json,error
20260922T083139Z-5ce33c46,20260922T083139Z-5ce33c46-H0001,2572,20260922T083139Z-5ce33c46-20260922T083139Z-5ce33c46-H0001-T2572-4af426,1,PIPELINE,2026-09-22T08:33:35.887+00:00,CRZY,BUY,25000,9.99424,10.02,True,1419,1012.458000001061,1053.5860000018147,41.0950000025332,0.0,25000,9.99424,,0.0,-0.0,TRANSACTED,"{""action"":""BUY"",""order_id"":1419,""period"":1,""price"":null,""quantity"":25000.0,""quantity_filled"":25000.0,""status"":""TRANSACTED"",""tick"":207,""ticker"":""CRZY"",""trader_id"":""Adderall.exe"",""type"":""MARKET"",""vwap"":9.99424}","{""action"":""BUY"",""order_id"":1419,""period"":1,""price"":null,""quantity"":25000.0,""quantity_filled"":25000.0,""status"":""TRANSACTED"",""tick"":207,""ticker"":""CRZY"",""trader_id"":""Adderall.exe"",""type"":""MARKET"",""vwap"":9.99424}",
20260922T083139Z-5ce33c46,20260922T083139Z-5ce33c46-H0001,2572,20260922T083139Z-5ce33c46-20260922T083139Z-5ce33c46-H0001-T2572-4af426,2,PIPELINE,2026-09-22T08:33:35.918+00:00,CRZY,BUY,25000,10.03092,10.04,True,1420,1053.6581000014849,1085.3472000017064,31.652300000190735,0.0,25000,10.03092,,0.0,-0.0,TRANSACTED,"{""action"":""BUY"",""order_id"":1420,""period"":1,""price"":null,""quantity"":25000.0,""quantity_filled"":25000.0,""status"":""TRANSACTED"",""tick"":207,""ticker"":""CRZY"",""trader_id"":""Adderall.exe"",""type"":""MARKET"",""vwap"":10.03092}","{""action"":""BUY"",""order_id"":1420,""period"":1,""price"":null,""quantity"":25000.0,""quantity_filled"":25000.0,""status"":""TRANSACTED"",""tick"":207,""ticker"":""CRZY"",""trader_id"":""Adderall.exe"",""type"":""MARKET"",""vwap"":10.03092}",
20260922T083139Z-5ce33c46,20260922T083139Z-5ce33c46-H0001,2572,20260922T083139Z-5ce33c46-20260922T083139Z-5ce33c46-H0001-T2572-4af426,3,PIPELINE,2026-09-22T08:33:35.951+00:00,CRZY,BUY,16000,10.0475,10.06,True,1421,1085.432200001378,1118.7262999992527,33.22079999744892,0.0,16000,10.0475,,0.0,-0.0,TRANSACTED,"{""action"":""BUY"",""order_id"":1421,""period"":1,""price"":null,""quantity"":16000.0,""quantity_filled"":16000.0,""status"":""TRANSACTED"",""tick"":207,""ticker"":""CRZY"",""trader_id"":""Adderall.exe"",""type"":""MARKET"",""vwap"":10.0475}","{""action"":""BUY"",""order_id"":1421,""period"":1,""price"":null,""quantity"":16000.0,""quantity_filled"":16000.0,""status"":""TRANSACTED"",""tick"":207,""ticker"":""CRZY"",""trader_id"":""Adderall.exe"",""type"":""MARKET"",""vwap"":10.0475}",
20260922T083139Z-5ce33c46,20260922T083139Z-5ce33c46-H0001,3372,20260922T083139Z-5ce33c46-20260922T083139Z-5ce33c46-H0001-T3372-eca3fa,1,PIPELINE,2026-09-22T08:34:37.180+00:00,CRZY,BUY,25000,10.24364,10.25,True,1837,1017.3069999982545,1048.9498999995703,31.601599998772144,0.0,25000,10.24364,,0.0,-0.0,TRANSACTED,"{""action"":""BUY"",""order_id"":1837,""period"":1,""price"":null,""quantity"":25000.0,""quantity_filled"":25000.0,""status"":""TRANSACTED"",""tick"":268,""ticker"":""CRZY"",""trader_id"":""Adderall.exe"",""type"":""MARKET"",""vwap"":10.24364}","{""action"":""BUY"",""order_id"":1837,""period"":1,""price"":null,""quantity"":25000.0,""quantity_filled"":25000.0,""status"":""TRANSACTED"",""tick"":268,""ticker"":""CRZY"",""trader_id"":""Adderall.exe"",""type"":""MARKET"",""vwap"":10.24364}",
20260922T083139Z-5ce33c46,20260922T083139Z-5ce33c46-H0001,3372,20260922T083139Z-5ce33c46-20260922T083139Z-5ce33c46-H0001-T3372-eca3fa,2,PIPELINE,2026-09-22T08:34:37.212+00:00,CRZY,BUY,25000,10.26124,10.28,True,1838,1049.0350000000035,1080.9301000008418,31.863399997353554,0.0,25000,10.26124,,0.0,-0.0,TRANSACTED,"{""action"":""BUY"",""order_id"":1838,""period"":1,""price"":null,""quantity"":25000.0,""quantity_filled"":25000.0,""status"":""TRANSACTED"",""tick"":268,""ticker"":""CRZY"",""trader_id"":""Adderall.exe"",""type"":""MARKET"",""vwap"":10.26124}","{""action"":""BUY"",""order_id"":1838,""period"":1,""price"":null,""quantity"":25000.0,""quantity_filled"":25000.0,""status"":""TRANSACTED"",""tick"":268,""ticker"":""CRZY"",""trader_id"":""Adderall.exe"",""type"":""MARKET"",""vwap"":10.26124}",
20260922T083139Z-5ce33c46,20260922T083139Z-5ce33c46-H0001,3372,20260922T083139Z-5ce33c46-20260922T083139Z-5ce33c46-H0001-T3372-eca3fa,3,PIPELINE,2026-09-22T08:34:37.246+00:00,CRZY,BUY,15000,10.282933333333334,10.31,True,1839,1080.9851000012713,1115.745799997967,34.710900001227856,0.0,15000,10.282933333333334,,0.0,-0.0,TRANSACTED,"{""action"":""BUY"",""order_id"":1839,""period"":1,""price"":null,""quantity"":15000.0,""quantity_filled"":15000.0,""status"":""TRANSACTED"",""tick"":268,""ticker"":""CRZY"",""trader_id"":""Adderall.exe"",""type"":""MARKET"",""vwap"":10.282933333333334}","{""action"":""BUY"",""order_id"":1839,""period"":1,""price"":null,""quantity"":15000.0,""quantity_filled"":15000.0,""status"":""TRANSACTED"",""tick"":268,""ticker"":""CRZY"",""trader_id"":""Adderall.exe"",""type"":""MARKET"",""vwap"":10.282933333333334}",
20260922T083139Z-5ce33c46,20260922T083139Z-5ce33c46-H0002,172,20260922T083139Z-5ce33c46-20260922T083139Z-5ce33c46-H0002-T172-a06ed1,1,PIPELINE,2026-09-22T08:36:27.042+00:00,CRZY,SELL,25000,9.951,9.93,True,138,990.5467000025965,1021.8482000018412,31.264900002628565,0.0,25000,9.951,,0.0,-0.0,TRANSACTED,"{""action"":""SELL"",""order_id"":138,""period"":1,""price"":null,""quantity"":25000.0,""quantity_filled"":25000.0,""status"":""TRANSACTED"",""tick"":17,""ticker"":""CRZY"",""trader_id"":""Adderall.exe"",""type"":""MARKET"",""vwap"":9.951}","{""action"":""SELL"",""order_id"":138,""period"":1,""price"":null,""quantity"":25000.0,""quantity_filled"":25000.0,""status"":""TRANSACTED"",""tick"":17,""ticker"":""CRZY"",""trader_id"":""Adderall.exe"",""type"":""MARKET"",""vwap"":9.951}",
20260922T083139Z-5ce33c46,20260922T083139Z-5ce33c46-H0002,172,20260922T083139Z-5ce33c46-20260922T083139Z-5ce33c46-H0002-T172-a06ed1,2,PIPELINE,2026-09-22T08:36:27.076+00:00,CRZY,SELL,25000,9.90412,9.89,True,139,1021.9198000013421,1055.5563000016264,33.58899999782443,0.0,25000,9.90412,,0.0,-0.0,TRANSACTED,"{""action"":""SELL"",""order_id"":139,""period"":1,""price"":null,""quantity"":25000.0,""quantity_filled"":25000.0,""status"":""TRANSACTED"",""tick"":17,""ticker"":""CRZY"",""trader_id"":""Adderall.exe"",""type"":""MARKET"",""vwap"":9.90412}","{""action"":""SELL"",""order_id"":139,""period"":1,""price"":null,""quantity"":25000.0,""quantity_filled"":25000.0,""status"":""TRANSACTED"",""tick"":17,""ticker"":""CRZY"",""trader_id"":""Adderall.exe"",""type"":""MARKET"",""vwap"":9.90412}",
20260922T083139Z-5ce33c46,20260922T083139Z-5ce33c46-H0002,172,20260922T083139Z-5ce33c46-20260922T083139Z-5ce33c46-H0002-T172-a06ed1,3,PIPELINE,2026-09-22T08:36:27.108+00:00,CRZY,SELL,18000,9.834166666666667,9.76,True,140,1055.6586000020616,1087.3976000002585,31.690999999642372,0.0,18000,9.834166666666667,,0.0,-0.0,TRANSACTED,"{""action"":""SELL"",""order_id"":140,""period"":1,""price"":null,""quantity"":18000.0,""quantity_filled"":18000.0,""status"":""TRANSACTED"",""tick"":17,""ticker"":""CRZY"",""trader_id"":""Adderall.exe"",""type"":""MARKET"",""vwap"":9.834166666666667}","{""action"":""SELL"",""order_id"":140,""period"":1,""price"":null,""quantity"":18000.0,""quantity_filled"":18000.0,""status"":""TRANSACTED"",""tick"":17,""ticker"":""CRZY"",""trader_id"":""Adderall.exe"",""type"":""MARKET"",""vwap"":9.834166666666667}",
20260922T083139Z-5ce33c46,20260922T083139Z-5ce33c46-H0002,972,20260922T083139Z-5ce33c46-20260922T083139Z-5ce33c46-H0002-T972-2b4984,1,PIPELINE,2026-09-22T08:37:30.419+00:00,TAME,BUY,10000,24.7534,24.76,True,561,980.8441999994102,1034.374700000626,53.500900000333786,0.0,10000,24.7534,,0.0,-0.0,TRANSACTED,"{""action"":""BUY"",""order_id"":561,""period"":1,""price"":null,""quantity"":10000.0,""quantity_filled"":10000.0,""status"":""TRANSACTED"",""tick"":80,""ticker"":""TAME"",""trader_id"":""Adderall.exe"",""type"":""MARKET"",""vwap"":24.7534}","{""action"":""BUY"",""order_id"":561,""period"":1,""price"":null,""quantity"":10000.0,""quantity_filled"":10000.0,""status"":""TRANSACTED"",""tick"":80,""ticker"":""TAME"",""trader_id"":""Adderall.exe"",""type"":""MARKET"",""vwap"":24.7534}",
20260922T083139Z-5ce33c46,20260922T083139Z-5ce33c46-H0002,972,20260922T083139Z-5ce33c46-20260922T083139Z-5ce33c46-H0002-T972-2b4984,2,PIPELINE,2026-09-22T08:37:30.455+00:00,TAME,BUY,10000,24.7782,24.78,True,562,1034.4318000024941,1070.615100001305,36.15369999781251,0.0,10000,24.7782,,0.0,-0.0,TRANSACTED,"{""action"":""BUY"",""order_id"":562,""period"":1,""price"":null,""quantity"":10000.0,""quantity_filled"":10000.0,""status"":""TRANSACTED"",""tick"":80,""ticker"":""TAME"",""trader_id"":""Adderall.exe"",""type"":""MARKET"",""vwap"":24.7782}","{""action"":""BUY"",""order_id"":562,""period"":1,""price"":null,""quantity"":10000.0,""quantity_filled"":10000.0,""status"":""TRANSACTED"",""tick"":80,""ticker"":""TAME"",""trader_id"":""Adderall.exe"",""type"":""MARKET"",""vwap"":24.7782}",
20260922T083139Z-5ce33c46,20260922T083139Z-5ce33c46-H0002,972,20260922T083139Z-5ce33c46-20260922T083139Z-5ce33c46-H0002-T972-2b4984,3,PIPELINE,2026-09-22T08:37:30.485+00:00,TAME,BUY,10000,24.7818,24.79,True,563,1070.6654000023264,1101.973700002418,31.27879999950528,0.0,10000,24.7818,,0.0,-0.0,TRANSACTED,"{""action"":""BUY"",""order_id"":563,""period"":1,""price"":null,""quantity"":10000.0,""quantity_filled"":10000.0,""status"":""TRANSACTED"",""tick"":80,""ticker"":""TAME"",""trader_id"":""Adderall.exe"",""type"":""MARKET"",""vwap"":24.7818}","{""action"":""BUY"",""order_id"":563,""period"":1,""price"":null,""quantity"":10000.0,""quantity_filled"":10000.0,""status"":""TRANSACTED"",""tick"":80,""ticker"":""TAME"",""trader_id"":""Adderall.exe"",""type"":""MARKET"",""vwap"":24.7818}",
20260922T083139Z-5ce33c46,20260922T083139Z-5ce33c46-H0002,972,20260922T083139Z-5ce33c46-20260922T083139Z-5ce33c46-H0002-T972-2b4984,4,PIPELINE,2026-09-22T08:37:30.517+00:00,TAME,BUY,10000,24.7966,24.8,True,565,1102.0342000010714,1134.0101999994658,31.93800000101328,0.0,10000,24.7966,,0.0,-0.0,TRANSACTED,"{""action"":""BUY"",""order_id"":565,""period"":1,""price"":null,""quantity"":10000.0,""quantity_filled"":10000.0,""status"":""TRANSACTED"",""tick"":80,""ticker"":""TAME"",""trader_id"":""Adderall.exe"",""type"":""MARKET"",""vwap"":24.7966}","{""action"":""BUY"",""order_id"":565,""period"":1,""price"":null,""quantity"":10000.0,""quantity_filled"":10000.0,""status"":""TRANSACTED"",""tick"":80,""ticker"":""TAME"",""trader_id"":""Adderall.exe"",""type"":""MARKET"",""vwap"":24.7966}",
20260922T083139Z-5ce33c46,20260922T083139Z-5ce33c46-H0002,972,20260922T083139Z-5ce33c46-20260922T083139Z-5ce33c46-H0002-T972-2b4984,5,PIPELINE,2026-09-22T08:37:30.549+00:00,TAME,BUY,10000,24.8,24.8,True,566,1134.087599999475,1165.4765000021143,31.353499997407198,0.0,10000,24.8,,0.0,-0.0,TRANSACTED,"{""action"":""BUY"",""order_id"":566,""period"":1,""price"":null,""quantity"":10000.0,""quantity_filled"":10000.0,""status"":""TRANSACTED"",""tick"":80,""ticker"":""TAME"",""trader_id"":""Adderall.exe"",""type"":""MARKET"",""vwap"":24.8}","{""action"":""BUY"",""order_id"":566,""period"":1,""price"":null,""quantity"":10000.0,""quantity_filled"":10000.0,""status"":""TRANSACTED"",""tick"":80,""ticker"":""TAME"",""trader_id"":""Adderall.exe"",""type"":""MARKET"",""vwap"":24.8}",
20260922T083139Z-5ce33c46,20260922T083139Z-5ce33c46-H0002,972,20260922T083139Z-5ce33c46-20260922T083139Z-5ce33c46-H0002-T972-2b4984,6,PIPELINE,2026-09-22T08:37:30.581+00:00,TAME,BUY,10000,24.8113,24.82,True,568,1165.544499999669,1197.7250000018103,32.144499998539686,0.0,10000,24.8113,,0.0,-0.0,TRANSACTED,"{""action"":""BUY"",""order_id"":568,""period"":1,""price"":null,""quantity"":10000.0,""quantity_filled"":10000.0,""status"":""TRANSACTED"",""tick"":80,""ticker"":""TAME"",""trader_id"":""Adderall.exe"",""type"":""MARKET"",""vwap"":24.8113}","{""action"":""BUY"",""order_id"":568,""period"":1,""price"":null,""quantity"":10000.0,""quantity_filled"":10000.0,""status"":""TRANSACTED"",""tick"":80,""ticker"":""TAME"",""trader_id"":""Adderall.exe"",""type"":""MARKET"",""vwap"":24.8113}",
20260922T083139Z-5ce33c46,20260922T083139Z-5ce33c46-H0002,972,20260922T083139Z-5ce33c46-20260922T083139Z-5ce33c46-H0002-T972-2b4984,7,PIPELINE,2026-09-22T08:37:30.614+00:00,TAME,BUY,10000,24.8399,24.85,True,569,1197.8004000011424,1230.0596999994013,32.228900000452995,0.0,10000,24.8399,,0.0,-0.0,TRANSACTED,"{""action"":""BUY"",""order_id"":569,""period"":1,""price"":null,""quantity"":10000.0,""quantity_filled"":10000.0,""status"":""TRANSACTED"",""tick"":80,""ticker"":""TAME"",""trader_id"":""Adderall.exe"",""type"":""MARKET"",""vwap"":24.8399}","{""action"":""BUY"",""order_id"":569,""period"":1,""price"":null,""quantity"":10000.0,""quantity_filled"":10000.0,""status"":""TRANSACTED"",""tick"":80,""ticker"":""TAME"",""trader_id"":""Adderall.exe"",""type"":""MARKET"",""vwap"":24.8399}",
20260922T083139Z-5ce33c46,20260922T083139Z-5ce33c46-H0002,972,20260922T083139Z-5ce33c46-20260922T083139Z-5ce33c46-H0002-T972-2b4984,8,PIPELINE,2026-09-22T08:37:30.646+00:00,TAME,BUY,3000,24.872,24.88,True,570,1230.1102000019455,1262.7863000016077,32.646700002253056,0.0,3000,24.872,,0.0,-0.0,TRANSACTED,"{""action"":""BUY"",""order_id"":570,""period"":1,""price"":null,""quantity"":3000.0,""quantity_filled"":3000.0,""status"":""TRANSACTED"",""tick"":80,""ticker"":""TAME"",""trader_id"":""Adderall.exe"",""type"":""MARKET"",""vwap"":24.872}","{""action"":""BUY"",""order_id"":570,""period"":1,""price"":null,""quantity"":3000.0,""quantity_filled"":3000.0,""status"":""TRANSACTED"",""tick"":80,""ticker"":""TAME"",""trader_id"":""Adderall.exe"",""type"":""MARKET"",""vwap"":24.872}",
20260922T083139Z-5ce33c46,20260922T083139Z-5ce33c46-H0002,1772,20260922T083139Z-5ce33c46-20260922T083139Z-5ce33c46-H0002-T1772-7e96fa,1,PIPELINE,2026-09-22T08:38:32.721+00:00,CRZY,SELL,25000,9.53448,9.53,True,992,991.1174000008032,1051.2913999991724,60.123600002378225,0.0,25000,9.53448,,0.0,-0.0,TRANSACTED,"{""action"":""SELL"",""order_id"":992,""period"":1,""price"":null,""quantity"":25000.0,""quantity_filled"":25000.0,""status"":""TRANSACTED"",""tick"":142,""ticker"":""CRZY"",""trader_id"":""Adderall.exe"",""type"":""MARKET"",""vwap"":9.53448}","{""action"":""SELL"",""order_id"":992,""period"":1,""price"":null,""quantity"":25000.0,""quantity_filled"":25000.0,""status"":""TRANSACTED"",""tick"":142,""ticker"":""CRZY"",""trader_id"":""Adderall.exe"",""type"":""MARKET"",""vwap"":9.53448}",
20260922T083139Z-5ce33c46,20260922T083139Z-5ce33c46-H0002,1772,20260922T083139Z-5ce33c46-20260922T083139Z-5ce33c46-H0002-T1772-7e96fa,2,PIPELINE,2026-09-22T08:38:32.765+00:00,CRZY,SELL,25000,9.3718,9.13,True,993,1051.4311999977508,1088.3119999998598,36.83520000055432,0.0,25000,9.3718,,0.0,-0.0,TRANSACTED,"{""action"":""SELL"",""order_id"":993,""period"":1,""price"":null,""quantity"":25000.0,""quantity_filled"":25000.0,""status"":""TRANSACTED"",""tick"":142,""ticker"":""CRZY"",""trader_id"":""Adderall.exe"",""type"":""MARKET"",""vwap"":9.3718}","{""action"":""SELL"",""order_id"":993,""period"":1,""price"":null,""quantity"":25000.0,""quantity_filled"":25000.0,""status"":""TRANSACTED"",""tick"":142,""ticker"":""CRZY"",""trader_id"":""Adderall.exe"",""type"":""MARKET"",""vwap"":9.3718}",
20260922T083139Z-5ce33c46,20260922T083139Z-5ce33c46-H0002,1772,20260922T083139Z-5ce33c46-20260922T083139Z-5ce33c46-H0002-T1772-7e96fa,3,PIPELINE,2026-09-22T08:38:32.801+00:00,CRZY,SELL,16000,9.007375,8.79,True,995,1088.396200000716,1123.3013999990362,34.86530000343919,0.0,16000,9.007375,,0.0,-0.0,TRANSACTED,"{""action"":""SELL"",""order_id"":995,""period"":1,""price"":null,""quantity"":16000.0,""quantity_filled"":16000.0,""status"":""TRANSACTED"",""tick"":142,""ticker"":""CRZY"",""trader_id"":""Adderall.exe"",""type"":""MARKET"",""vwap"":9.007375}","{""action"":""SELL"",""order_id"":995,""period"":1,""price"":null,""quantity"":16000.0,""quantity_filled"":16000.0,""status"":""TRANSACTED"",""tick"":142,""ticker"":""CRZY"",""trader_id"":""Adderall.exe"",""type"":""MARKET"",""vwap"":9.007375}",
20260922T083139Z-5ce33c46,20260922T083139Z-5ce33c46-H0002,2572,20260922T083139Z-5ce33c46-20260922T083139Z-5ce33c46-H0002-T2572-a5d7c6,1,PIPELINE,2026-09-22T08:39:40.071+00:00,TAME,BUY,10000,24.6688,24.68,True,1439,990.6739999969432,1043.6085000001185,52.885400000959635,0.0,10000,24.6688,,0.0,-0.0,TRANSACTED,"{""action"":""BUY"",""order_id"":1439,""period"":1,""price"":null,""quantity"":10000.0,""quantity_filled"":10000.0,""status"":""TRANSACTED"",""tick"":209,""ticker"":""TAME"",""trader_id"":""Adderall.exe"",""type"":""MARKET"",""vwap"":24.6688}","{""action"":""BUY"",""order_id"":1439,""period"":1,""price"":null,""quantity"":10000.0,""quantity_filled"":10000.0,""status"":""TRANSACTED"",""tick"":209,""ticker"":""TAME"",""trader_id"":""Adderall.exe"",""type"":""MARKET"",""vwap"":24.6688}",
20260922T083139Z-5ce33c46,20260922T083139Z-5ce33c46-H0002,2572,20260922T083139Z-5ce33c46-20260922T083139Z-5ce33c46-H0002-T2572-a5d7c6,2,PIPELINE,2026-09-22T08:39:40.103+00:00,TAME,BUY,10000,24.7091,24.71,True,1440,1043.6825999968278,1077.7110999988508,33.997499998658895,0.0,10000,24.7091,,0.0,-0.0,TRANSACTED,"{""action"":""BUY"",""order_id"":1440,""period"":1,""price"":null,""quantity"":10000.0,""quantity_filled"":10000.0,""status"":""TRANSACTED"",""tick"":209,""ticker"":""TAME"",""trader_id"":""Adderall.exe"",""type"":""MARKET"",""vwap"":24.7091}","{""action"":""BUY"",""order_id"":1440,""period"":1,""price"":null,""quantity"":10000.0,""quantity_filled"":10000.0,""status"":""TRANSACTED"",""tick"":209,""ticker"":""TAME"",""trader_id"":""Adderall.exe"",""type"":""MARKET"",""vwap"":24.7091}",
20260922T083139Z-5ce33c46,20260922T083139Z-5ce33c46-H0002,2572,20260922T083139Z-5ce33c46-20260922T083139Z-5ce33c46-H0002-T2572-a5d7c6,3,PIPELINE,2026-09-22T08:39:40.140+00:00,TAME,BUY,10000,24.7141,24.72,True,1442,1077.7680999999575,1112.645999997767,34.83119999989867,0.0,10000,24.7141,,0.0,-0.0,TRANSACTED,"{""action"":""BUY"",""order_id"":1442,""period"":1,""price"":null,""quantity"":10000.0,""quantity_filled"":10000.0,""status"":""TRANSACTED"",""tick"":209,""ticker"":""TAME"",""trader_id"":""Adderall.exe"",""type"":""MARKET"",""vwap"":24.7141}","{""action"":""BUY"",""order_id"":1442,""period"":1,""price"":null,""quantity"":10000.0,""quantity_filled"":10000.0,""status"":""TRANSACTED"",""tick"":209,""ticker"":""TAME"",""trader_id"":""Adderall.exe"",""type"":""MARKET"",""vwap"":24.7141}",
20260922T083139Z-5ce33c46,20260922T083139Z-5ce33c46-H0002,2572,20260922T083139Z-5ce33c46-20260922T083139Z-5ce33c46-H0002-T2572-a5d7c6,4,PIPELINE,2026-09-22T08:39:40.180+00:00,TAME,BUY,10000,24.7338,24.74,True,1443,1112.7385999971011,1151.5412999979162,38.74870000034571,0.0,10000,24.7338,,0.0,-0.0,TRANSACTED,"{""action"":""BUY"",""order_id"":1443,""period"":1,""price"":null,""quantity"":10000.0,""quantity_filled"":10000.0,""status"":""TRANSACTED"",""tick"":209,""ticker"":""TAME"",""trader_id"":""Adderall.exe"",""type"":""MARKET"",""vwap"":24.7338}","{""action"":""BUY"",""order_id"":1443,""period"":1,""price"":null,""quantity"":10000.0,""quantity_filled"":10000.0,""status"":""TRANSACTED"",""tick"":209,""ticker"":""TAME"",""trader_id"":""Adderall.exe"",""type"":""MARKET"",""vwap"":24.7338}",
20260922T083139Z-5ce33c46,20260922T083139Z-5ce33c46-H0002,2572,20260922T083139Z-5ce33c46-20260922T083139Z-5ce33c46-H0002-T2572-a5d7c6,5,PIPELINE,2026-09-22T08:39:40.212+00:00,TAME,BUY,10000,24.74,24.74,True,1444,1151.6339999980119,1186.7360999967786,35.05579999834299,0.0,10000,24.74,,0.0,-0.0,TRANSACTED,"{""action"":""BUY"",""order_id"":1444,""period"":1,""price"":null,""quantity"":10000.0,""quantity_filled"":10000.0,""status"":""TRANSACTED"",""tick"":209,""ticker"":""TAME"",""trader_id"":""Adderall.exe"",""type"":""MARKET"",""vwap"":24.74}","{""action"":""BUY"",""order_id"":1444,""period"":1,""price"":null,""quantity"":10000.0,""quantity_filled"":10000.0,""status"":""TRANSACTED"",""tick"":209,""ticker"":""TAME"",""trader_id"":""Adderall.exe"",""type"":""MARKET"",""vwap"":24.74}",
20260922T083139Z-5ce33c46,20260922T083139Z-5ce33c46-H0002,2572,20260922T083139Z-5ce33c46-20260922T083139Z-5ce33c46-H0002-T2572-a5d7c6,6,PIPELINE,2026-09-22T08:39:40.243+00:00,TAME,BUY,10000,24.745,24.75,True,1445,1186.823899999581,1220.2257999997528,33.362400002777576,0.0,10000,24.745,,0.0,-0.0,TRANSACTED,"{""action"":""BUY"",""order_id"":1445,""period"":1,""price"":null,""quantity"":10000.0,""quantity_filled"":10000.0,""status"":""TRANSACTED"",""tick"":209,""ticker"":""TAME"",""trader_id"":""Adderall.exe"",""type"":""MARKET"",""vwap"":24.745}","{""action"":""BUY"",""order_id"":1445,""period"":1,""price"":null,""quantity"":10000.0,""quantity_filled"":10000.0,""status"":""TRANSACTED"",""tick"":209,""ticker"":""TAME"",""trader_id"":""Adderall.exe"",""type"":""MARKET"",""vwap"":24.745}",
20260922T083139Z-5ce33c46,20260922T083139Z-5ce33c46-H0002,2572,20260922T083139Z-5ce33c46-20260922T083139Z-5ce33c46-H0002-T2572-a5d7c6,7,PIPELINE,2026-09-22T08:39:40.282+00:00,TAME,BUY,10000,24.751,24.76,True,1446,1220.2969999998459,1252.3132999995141,31.97749999910593,0.0,10000,24.751,,0.0,-0.0,TRANSACTED,"{""action"":""BUY"",""order_id"":1446,""period"":1,""price"":null,""quantity"":10000.0,""quantity_filled"":10000.0,""status"":""TRANSACTED"",""tick"":209,""ticker"":""TAME"",""trader_id"":""Adderall.exe"",""type"":""MARKET"",""vwap"":24.751}","{""action"":""BUY"",""order_id"":1446,""period"":1,""price"":null,""quantity"":10000.0,""quantity_filled"":10000.0,""status"":""TRANSACTED"",""tick"":209,""ticker"":""TAME"",""trader_id"":""Adderall.exe"",""type"":""MARKET"",""vwap"":24.751}",
20260922T083139Z-5ce33c46,20260922T083139Z-5ce33c46-H0002,2572,20260922T083139Z-5ce33c46-20260922T083139Z-5ce33c46-H0002-T2572-a5d7c6,8,PIPELINE,2026-09-22T08:39:40.310+00:00,TAME,BUY,4000,24.76,24.76,True,1447,1252.4107999997796,1289.8083000000042,37.35969999805093,0.0,4000,24.76,,0.0,-0.0,TRANSACTED,"{""action"":""BUY"",""order_id"":1447,""period"":1,""price"":null,""quantity"":4000.0,""quantity_filled"":4000.0,""status"":""TRANSACTED"",""tick"":209,""ticker"":""TAME"",""trader_id"":""Adderall.exe"",""type"":""MARKET"",""vwap"":24.76}","{""action"":""BUY"",""order_id"":1447,""period"":1,""price"":null,""quantity"":4000.0,""quantity_filled"":4000.0,""status"":""TRANSACTED"",""tick"":209,""ticker"":""TAME"",""trader_id"":""Adderall.exe"",""type"":""MARKET"",""vwap"":24.76}",
20260922T083139Z-5ce33c46,20260922T083139Z-5ce33c46-H0003,172,20260922T083139Z-5ce33c46-20260922T083139Z-5ce33c46-H0003-T172-137326,1,PIPELINE,2026-09-22T08:42:33.354+00:00,TAME,BUY,10000,25.0421,25.05,True,156,1007.0491000005859,1058.842200000072,51.763799998909235,0.0,10000,25.0421,,0.0,-0.0,TRANSACTED,"{""action"":""BUY"",""order_id"":156,""period"":1,""price"":null,""quantity"":10000.0,""quantity_filled"":10000.0,""status"":""TRANSACTED"",""tick"":21,""ticker"":""TAME"",""trader_id"":""Adderall.exe"",""type"":""MARKET"",""vwap"":25.0421}","{""action"":""BUY"",""order_id"":156,""period"":1,""price"":null,""quantity"":10000.0,""quantity_filled"":10000.0,""status"":""TRANSACTED"",""tick"":21,""ticker"":""TAME"",""trader_id"":""Adderall.exe"",""type"":""MARKET"",""vwap"":25.0421}",
20260922T083139Z-5ce33c46,20260922T083139Z-5ce33c46-H0003,172,20260922T083139Z-5ce33c46-20260922T083139Z-5ce33c46-H0003-T172-137326,2,PIPELINE,2026-09-22T08:42:33.387+00:00,TAME,BUY,10000,25.056,25.07,True,157,1058.8974999991478,1091.6961999973864,32.77189999818802,0.0,10000,25.056,,0.0,-0.0,TRANSACTED,"{""action"":""BUY"",""order_id"":157,""period"":1,""price"":null,""quantity"":10000.0,""quantity_filled"":10000.0,""status"":""TRANSACTED"",""tick"":21,""ticker"":""TAME"",""trader_id"":""Adderall.exe"",""type"":""MARKET"",""vwap"":25.056}","{""action"":""BUY"",""order_id"":157,""period"":1,""price"":null,""quantity"":10000.0,""quantity_filled"":10000.0,""status"":""TRANSACTED"",""tick"":21,""ticker"":""TAME"",""trader_id"":""Adderall.exe"",""type"":""MARKET"",""vwap"":25.056}",
20260922T083139Z-5ce33c46,20260922T083139Z-5ce33c46-H0003,172,20260922T083139Z-5ce33c46-20260922T083139Z-5ce33c46-H0003-T172-137326,3,PIPELINE,2026-09-22T08:42:33.417+00:00,TAME,BUY,10000,25.0908,25.11,True,158,1091.7484999990847,1123.7355999983265,31.93069999665022,0.0,10000,25.0908,,0.0,-0.0,TRANSACTED,"{""action"":""BUY"",""order_id"":158,""period"":1,""price"":null,""quantity"":10000.0,""quantity_filled"":10000.0,""status"":""TRANSACTED"",""tick"":21,""ticker"":""TAME"",""trader_id"":""Adderall.exe"",""type"":""MARKET"",""vwap"":25.0908}","{""action"":""BUY"",""order_id"":158,""period"":1,""price"":null,""quantity"":10000.0,""quantity_filled"":10000.0,""status"":""TRANSACTED"",""tick"":21,""ticker"":""TAME"",""trader_id"":""Adderall.exe"",""type"":""MARKET"",""vwap"":25.0908}",
20260922T083139Z-5ce33c46,20260922T083139Z-5ce33c46-H0003,172,20260922T083139Z-5ce33c46-20260922T083139Z-5ce33c46-H0003-T172-137326,4,PIPELINE,2026-09-22T08:42:33.457+00:00,TAME,BUY,10000,25.1182,25.12,True,159,1123.9852999970026,1160.653099999763,36.63159999996424,0.0,10000,25.1182,,0.0,-0.0,TRANSACTED,"{""action"":""BUY"",""order_id"":159,""period"":1,""price"":null,""quantity"":10000.0,""quantity_filled"":10000.0,""status"":""TRANSACTED"",""tick"":21,""ticker"":""TAME"",""trader_id"":""Adderall.exe"",""type"":""MARKET"",""vwap"":25.1182}","{""action"":""BUY"",""order_id"":159,""period"":1,""price"":null,""quantity"":10000.0,""quantity_filled"":10000.0,""status"":""TRANSACTED"",""tick"":21,""ticker"":""TAME"",""trader_id"":""Adderall.exe"",""type"":""MARKET"",""vwap"":25.1182}",
20260922T083139Z-5ce33c46,20260922T083139Z-5ce33c46-H0003,172,20260922T083139Z-5ce33c46-20260922T083139Z-5ce33c46-H0003-T172-137326,5,PIPELINE,2026-09-22T08:42:33.488+00:00,TAME,BUY,10000,25.143,25.15,True,160,1160.721199998079,1192.209400000138,31.46289999783039,0.0,10000,25.143,,0.0,-0.0,TRANSACTED,"{""action"":""BUY"",""order_id"":160,""period"":1,""price"":null,""quantity"":10000.0,""quantity_filled"":10000.0,""status"":""TRANSACTED"",""tick"":21,""ticker"":""TAME"",""trader_id"":""Adderall.exe"",""type"":""MARKET"",""vwap"":25.143}","{""action"":""BUY"",""order_id"":160,""period"":1,""price"":null,""quantity"":10000.0,""quantity_filled"":10000.0,""status"":""TRANSACTED"",""tick"":21,""ticker"":""TAME"",""trader_id"":""Adderall.exe"",""type"":""MARKET"",""vwap"":25.143}",
20260922T083139Z-5ce33c46,20260922T083139Z-5ce33c46-H0003,172,20260922T083139Z-5ce33c46-20260922T083139Z-5ce33c46-H0003-T172-137326,6,PIPELINE,2026-09-22T08:42:33.517+00:00,TAME,BUY,10000,25.1535,25.16,True,161,1192.2529999974358,1226.1717999972461,33.87930000200868,0.0,10000,25.1535,,0.0,-0.0,TRANSACTED,"{""action"":""BUY"",""order_id"":161,""period"":1,""price"":null,""quantity"":10000.0,""quantity_filled"":10000.0,""status"":""TRANSACTED"",""tick"":21,""ticker"":""TAME"",""trader_id"":""Adderall.exe"",""type"":""MARKET"",""vwap"":25.1535}","{""action"":""BUY"",""order_id"":161,""period"":1,""price"":null,""quantity"":10000.0,""quantity_filled"":10000.0,""status"":""TRANSACTED"",""tick"":21,""ticker"":""TAME"",""trader_id"":""Adderall.exe"",""type"":""MARKET"",""vwap"":25.1535}",
20260922T083139Z-5ce33c46,20260922T083139Z-5ce33c46-H0003,172,20260922T083139Z-5ce33c46-20260922T083139Z-5ce33c46-H0003-T172-137326,7,PIPELINE,2026-09-22T08:42:33.547+00:00,TAME,BUY,7000,25.194857142857142,25.2,True,163,1226.262799998949,1260.0343999984034,33.7234000004828,0.0,7000,25.194857142857142,,0.0,-0.0,TRANSACTED,"{""action"":""BUY"",""order_id"":163,""period"":1,""price"":null,""quantity"":7000.0,""quantity_filled"":7000.0,""status"":""TRANSACTED"",""tick"":21,""ticker"":""TAME"",""trader_id"":""Adderall.exe"",""type"":""MARKET"",""vwap"":25.194857142857142}","{""action"":""BUY"",""order_id"":163,""period"":1,""price"":null,""quantity"":7000.0,""quantity_filled"":7000.0,""status"":""TRANSACTED"",""tick"":21,""ticker"":""TAME"",""trader_id"":""Adderall.exe"",""type"":""MARKET"",""vwap"":25.194857142857142}",
20260922T083139Z-5ce33c46,20260922T083139Z-5ce33c46-H0003,972,20260922T083139Z-5ce33c46-20260922T083139Z-5ce33c46-H0003-T972-64a626,1,PIPELINE,2026-09-22T08:43:43.686+00:00,CRZY,SELL,25000,9.86408,9.84,True,629,1023.5460000003513,1057.2342000014032,33.64750000089407,0.0,25000,9.86408,,0.0,-0.0,TRANSACTED,"{""action"":""SELL"",""order_id"":629,""period"":1,""price"":null,""quantity"":25000.0,""quantity_filled"":25000.0,""status"":""TRANSACTED"",""tick"":91,""ticker"":""CRZY"",""trader_id"":""Adderall.exe"",""type"":""MARKET"",""vwap"":9.86408}","{""action"":""SELL"",""order_id"":629,""period"":1,""price"":null,""quantity"":25000.0,""quantity_filled"":25000.0,""status"":""TRANSACTED"",""tick"":91,""ticker"":""CRZY"",""trader_id"":""Adderall.exe"",""type"":""MARKET"",""vwap"":9.86408}",
20260922T083139Z-5ce33c46,20260922T083139Z-5ce33c46-H0003,972,20260922T083139Z-5ce33c46-20260922T083139Z-5ce33c46-H0003-T972-64a626,2,PIPELINE,2026-09-22T08:43:43.726+00:00,CRZY,SELL,25000,9.81884,9.81,True,630,1057.3177000005671,1090.4915999999503,33.14130000025034,0.0,25000,9.81884,,0.0,-0.0,TRANSACTED,"{""action"":""SELL"",""order_id"":630,""period"":1,""price"":null,""quantity"":25000.0,""quantity_filled"":25000.0,""status"":""TRANSACTED"",""tick"":91,""ticker"":""CRZY"",""trader_id"":""Adderall.exe"",""type"":""MARKET"",""vwap"":9.81884}","{""action"":""SELL"",""order_id"":630,""period"":1,""price"":null,""quantity"":25000.0,""quantity_filled"":25000.0,""status"":""TRANSACTED"",""tick"":91,""ticker"":""CRZY"",""trader_id"":""Adderall.exe"",""type"":""MARKET"",""vwap"":9.81884}",
20260922T083139Z-5ce33c46,20260922T083139Z-5ce33c46-H0003,972,20260922T083139Z-5ce33c46-20260922T083139Z-5ce33c46-H0003-T972-64a626,3,PIPELINE,2026-09-22T08:43:43.765+00:00,CRZY,SELL,18000,9.794833333333333,9.79,True,631,1090.5470000034256,1128.035200003069,37.45619999989867,0.0,18000,9.794833333333333,,0.0,-0.0,TRANSACTED,"{""action"":""SELL"",""order_id"":631,""period"":1,""price"":null,""quantity"":18000.0,""quantity_filled"":18000.0,""status"":""TRANSACTED"",""tick"":91,""ticker"":""CRZY"",""trader_id"":""Adderall.exe"",""type"":""MARKET"",""vwap"":9.794833333333333}","{""action"":""SELL"",""order_id"":631,""period"":1,""price"":null,""quantity"":18000.0,""quantity_filled"":18000.0,""status"":""TRANSACTED"",""tick"":91,""ticker"":""CRZY"",""trader_id"":""Adderall.exe"",""type"":""MARKET"",""vwap"":9.794833333333333}",
20260922T083139Z-5ce33c46,20260922T083139Z-5ce33c46-H0003,2572,20260922T083139Z-5ce33c46-20260922T083139Z-5ce33c46-H0003-T2572-92ca8f,1,PIPELINE,2026-09-22T08:45:30.306+00:00,CRZY,SELL,25000,9.6566,9.63,True,1413,1025.3144999987853,1059.794699998747,34.45259999856353,0.0,25000,9.6566,,0.0,-0.0,TRANSACTED,"{""action"":""SELL"",""order_id"":1413,""period"":1,""price"":null,""quantity"":25000.0,""quantity_filled"":25000.0,""status"":""TRANSACTED"",""tick"":197,""ticker"":""CRZY"",""trader_id"":""Adderall.exe"",""type"":""MARKET"",""vwap"":9.6566}","{""action"":""SELL"",""order_id"":1413,""period"":1,""price"":null,""quantity"":25000.0,""quantity_filled"":25000.0,""status"":""TRANSACTED"",""tick"":197,""ticker"":""CRZY"",""trader_id"":""Adderall.exe"",""type"":""MARKET"",""vwap"":9.6566}",
20260922T083139Z-5ce33c46,20260922T083139Z-5ce33c46-H0003,2572,20260922T083139Z-5ce33c46-20260922T083139Z-5ce33c46-H0003-T2572-92ca8f,2,PIPELINE,2026-09-22T08:45:30.337+00:00,CRZY,SELL,25000,9.58,9.52,True,1414,1059.8799999970652,1093.662499999482,33.73869999870658,0.0,25000,9.58,,0.0,-0.0,TRANSACTED,"{""action"":""SELL"",""order_id"":1414,""period"":1,""price"":null,""quantity"":25000.0,""quantity_filled"":25000.0,""status"":""TRANSACTED"",""tick"":197,""ticker"":""CRZY"",""trader_id"":""Adderall.exe"",""type"":""MARKET"",""vwap"":9.58}","{""action"":""SELL"",""order_id"":1414,""period"":1,""price"":null,""quantity"":25000.0,""quantity_filled"":25000.0,""status"":""TRANSACTED"",""tick"":197,""ticker"":""CRZY"",""trader_id"":""Adderall.exe"",""type"":""MARKET"",""vwap"":9.58}",
20260922T083139Z-5ce33c46,20260922T083139Z-5ce33c46-H0003,2572,20260922T083139Z-5ce33c46-20260922T083139Z-5ce33c46-H0003-T2572-92ca8f,3,PIPELINE,2026-09-22T08:45:30.374+00:00,CRZY,SELL,20000,9.46355,9.4,True,1415,1093.740299998899,1128.0907999971532,34.3108000010252,0.0,20000,9.46355,,0.0,-0.0,TRANSACTED,"{""action"":""SELL"",""order_id"":1415,""period"":1,""price"":null,""quantity"":20000.0,""quantity_filled"":20000.0,""status"":""TRANSACTED"",""tick"":197,""ticker"":""CRZY"",""trader_id"":""Adderall.exe"",""type"":""MARKET"",""vwap"":9.46355}","{""action"":""SELL"",""order_id"":1415,""period"":1,""price"":null,""quantity"":20000.0,""quantity_filled"":20000.0,""status"":""TRANSACTED"",""tick"":197,""ticker"":""CRZY"",""trader_id"":""Adderall.exe"",""type"":""MARKET"",""vwap"":9.46355}",
20260922T083139Z-5ce33c46,20260922T083139Z-5ce33c46-H0004,172,20260922T083139Z-5ce33c46-20260922T083139Z-5ce33c46-H0004-T172-658a1a,1,PIPELINE,2026-09-22T08:48:38.520+00:00,CRZY,BUY,25000,10.00008,10.02,True,166,1016.2731999989774,1065.8612999977777,49.54829999804497,0.0,25000,10.00008,,0.0,-0.0,TRANSACTED,"{""action"":""BUY"",""order_id"":166,""period"":1,""price"":null,""quantity"":25000.0,""quantity_filled"":25000.0,""status"":""TRANSACTED"",""tick"":24,""ticker"":""CRZY"",""trader_id"":""Adderall.exe"",""type"":""MARKET"",""vwap"":10.00008}","{""action"":""BUY"",""order_id"":166,""period"":1,""price"":null,""quantity"":25000.0,""quantity_filled"":25000.0,""status"":""TRANSACTED"",""tick"":24,""ticker"":""CRZY"",""trader_id"":""Adderall.exe"",""type"":""MARKET"",""vwap"":10.00008}",
20260922T083139Z-5ce33c46,20260922T083139Z-5ce33c46-H0004,172,20260922T083139Z-5ce33c46-20260922T083139Z-5ce33c46-H0004-T172-658a1a,2,PIPELINE,2026-09-22T08:48:38.553+00:00,CRZY,BUY,25000,10.02684,10.03,True,167,1065.932800000155,1098.1897999990906,32.22010000050068,0.0,25000,10.02684,,0.0,-0.0,TRANSACTED,"{""action"":""BUY"",""order_id"":167,""period"":1,""price"":null,""quantity"":25000.0,""quantity_filled"":25000.0,""status"":""TRANSACTED"",""tick"":24,""ticker"":""CRZY"",""trader_id"":""Adderall.exe"",""type"":""MARKET"",""vwap"":10.02684}","{""action"":""BUY"",""order_id"":167,""period"":1,""price"":null,""quantity"":25000.0,""quantity_filled"":25000.0,""status"":""TRANSACTED"",""tick"":24,""ticker"":""CRZY"",""trader_id"":""Adderall.exe"",""type"":""MARKET"",""vwap"":10.02684}",
20260922T083139Z-5ce33c46,20260922T083139Z-5ce33c46-H0004,172,20260922T083139Z-5ce33c46-20260922T083139Z-5ce33c46-H0004-T172-658a1a,3,PIPELINE,2026-09-22T08:48:38.590+00:00,CRZY,BUY,20000,10.0642,10.13,True,168,1098.263699997915,1135.0571000002674,36.75730000063777,0.0,20000,10.0642,,0.0,-0.0,TRANSACTED,"{""action"":""BUY"",""order_id"":168,""period"":1,""price"":null,""quantity"":20000.0,""quantity_filled"":20000.0,""status"":""TRANSACTED"",""tick"":24,""ticker"":""CRZY"",""trader_id"":""Adderall.exe"",""type"":""MARKET"",""vwap"":10.0642}","{""action"":""BUY"",""order_id"":168,""period"":1,""price"":null,""quantity"":20000.0,""quantity_filled"":20000.0,""status"":""TRANSACTED"",""tick"":24,""ticker"":""CRZY"",""trader_id"":""Adderall.exe"",""type"":""MARKET"",""vwap"":10.0642}",
20260922T083139Z-5ce33c46,20260922T083139Z-5ce33c46-H0004,972,20260922T083139Z-5ce33c46-20260922T083139Z-5ce33c46-H0004-T972-c4eab7,1,PIPELINE,2026-09-22T08:49:37.835+00:00,CRZY,BUY,25000,9.65272,9.68,True,575,993.5779999977967,1045.8183999980974,52.19430000334978,0.0,25000,9.65272,,0.0,-0.0,TRANSACTED,"{""action"":""BUY"",""order_id"":575,""period"":1,""price"":null,""quantity"":25000.0,""quantity_filled"":25000.0,""status"":""TRANSACTED"",""tick"":83,""ticker"":""CRZY"",""trader_id"":""Adderall.exe"",""type"":""MARKET"",""vwap"":9.65272}","{""action"":""BUY"",""order_id"":575,""period"":1,""price"":null,""quantity"":25000.0,""quantity_filled"":25000.0,""status"":""TRANSACTED"",""tick"":83,""ticker"":""CRZY"",""trader_id"":""Adderall.exe"",""type"":""MARKET"",""vwap"":9.65272}",
20260922T083139Z-5ce33c46,20260922T083139Z-5ce33c46-H0004,972,20260922T083139Z-5ce33c46-20260922T083139Z-5ce33c46-H0004-T972-c4eab7,2,PIPELINE,2026-09-22T08:49:37.867+00:00,CRZY,BUY,25000,9.7006,9.71,True,576,1045.8803999972588,1079.2116999982682,33.296500001102686,0.0,25000,9.7006,,0.0,-0.0,TRANSACTED,"{""action"":""BUY"",""order_id"":576,""period"":1,""price"":null,""quantity"":25000.0,""quantity_filled"":25000.0,""status"":""TRANSACTED"",""tick"":83,""ticker"":""CRZY"",""trader_id"":""Adderall.exe"",""type"":""MARKET"",""vwap"":9.7006}","{""action"":""BUY"",""order_id"":576,""period"":1,""price"":null,""quantity"":25000.0,""quantity_filled"":25000.0,""status"":""TRANSACTED"",""tick"":83,""ticker"":""CRZY"",""trader_id"":""Adderall.exe"",""type"":""MARKET"",""vwap"":9.7006}",
20260922T083139Z-5ce33c46,20260922T083139Z-5ce33c46-H0004,972,20260922T083139Z-5ce33c46-20260922T083139Z-5ce33c46-H0004-T972-c4eab7,3,PIPELINE,2026-09-22T08:49:37.902+00:00,CRZY,BUY,20000,9.72975,9.75,True,577,1079.2771999986144,1112.4872000000323,33.181600000709295,0.0,20000,9.72975,,0.0,-0.0,TRANSACTED,"{""action"":""BUY"",""order_id"":577,""period"":1,""price"":null,""quantity"":20000.0,""quantity_filled"":20000.0,""status"":""TRANSACTED"",""tick"":83,""ticker"":""CRZY"",""trader_id"":""Adderall.exe"",""type"":""MARKET"",""vwap"":9.72975}","{""action"":""BUY"",""order_id"":577,""period"":1,""price"":null,""quantity"":20000.0,""quantity_filled"":20000.0,""status"":""TRANSACTED"",""tick"":83,""ticker"":""CRZY"",""trader_id"":""Adderall.exe"",""type"":""MARKET"",""vwap"":9.72975}",
20260922T083139Z-5ce33c46,20260922T083139Z-5ce33c46-H0004,1772,20260922T083139Z-5ce33c46-20260922T083139Z-5ce33c46-H0004-T1772-487d81,1,PIPELINE,2026-09-22T08:50:35.118+00:00,CRZY,BUY,25000,9.40224,9.46,True,985,1021.3928000011947,1057.6052000033087,36.17179999873042,0.0,25000,9.38288,,0.01936000000000071,-0.01936000000000071,TRANSACTED,"{""action"":""BUY"",""order_id"":985,""period"":1,""price"":null,""quantity"":25000.0,""quantity_filled"":25000.0,""status"":""TRANSACTED"",""tick"":140,""ticker"":""CRZY"",""trader_id"":""Adderall.exe"",""type"":""MARKET"",""vwap"":9.38288}","{""action"":""BUY"",""order_id"":985,""period"":1,""price"":null,""quantity"":25000.0,""quantity_filled"":25000.0,""status"":""TRANSACTED"",""tick"":140,""ticker"":""CRZY"",""trader_id"":""Adderall.exe"",""type"":""MARKET"",""vwap"":9.38288}",
20260922T083139Z-5ce33c46,20260922T083139Z-5ce33c46-H0004,1772,20260922T083139Z-5ce33c46-20260922T083139Z-5ce33c46-H0004-T1772-487d81,2,PIPELINE,2026-09-22T08:50:35.162+00:00,CRZY,BUY,25000,9.506,9.52,True,986,1057.681500002218,1095.9583000003477,38.23550000041723,0.0,25000,9.49016,,0.015840000000000742,-0.015840000000000742,TRANSACTED,"{""action"":""BUY"",""order_id"":986,""period"":1,""price"":null,""quantity"":25000.0,""quantity_filled"":25000.0,""status"":""TRANSACTED"",""tick"":140,""ticker"":""CRZY"",""trader_id"":""Adderall.exe"",""type"":""MARKET"",""vwap"":9.49016}","{""action"":""BUY"",""order_id"":986,""period"":1,""price"":null,""quantity"":25000.0,""quantity_filled"":25000.0,""status"":""TRANSACTED"",""tick"":140,""ticker"":""CRZY"",""trader_id"":""Adderall.exe"",""type"":""MARKET"",""vwap"":9.49016}",
20260922T083139Z-5ce33c46,20260922T083139Z-5ce33c46-H0004,1772,20260922T083139Z-5ce33c46-20260922T083139Z-5ce33c46-H0004-T1772-487d81,3,PIPELINE,2026-09-22T08:50:35.198+00:00,CRZY,BUY,19000,9.555052631578947,9.57,True,987,1096.0327000029793,1128.152700002829,32.077999997884035,0.0,19000,9.540578947368422,,0.014473684210525306,-0.014473684210525306,TRANSACTED,"{""action"":""BUY"",""order_id"":987,""period"":1,""price"":null,""quantity"":19000.0,""quantity_filled"":19000.0,""status"":""TRANSACTED"",""tick"":140,""ticker"":""CRZY"",""trader_id"":""Adderall.exe"",""type"":""MARKET"",""vwap"":9.540578947368422}","{""action"":""BUY"",""order_id"":987,""period"":1,""price"":null,""quantity"":19000.0,""quantity_filled"":19000.0,""status"":""TRANSACTED"",""tick"":140,""ticker"":""CRZY"",""trader_id"":""Adderall.exe"",""type"":""MARKET"",""vwap"":9.540578947368422}",
20260922T083139Z-5ce33c46,20260922T083139Z-5ce33c46-H0004,2572,20260922T083139Z-5ce33c46-20260922T083139Z-5ce33c46-H0004-T2572-b51747,1,PIPELINE,2026-09-22T08:51:39.407+00:00,TAME,BUY,10000,25.0365,25.07,True,1415,963.3378999969864,995.1578000000154,31.786200001835823,0.0,10000,25.0365,,0.0,-0.0,TRANSACTED,"{""action"":""BUY"",""order_id"":1415,""period"":1,""price"":null,""quantity"":10000.0,""quantity_filled"":10000.0,""status"":""TRANSACTED"",""tick"":204,""ticker"":""TAME"",""trader_id"":""Adderall.exe"",""type"":""MARKET"",""vwap"":25.0365}","{""action"":""BUY"",""order_id"":1415,""period"":1,""price"":null,""quantity"":10000.0,""quantity_filled"":10000.0,""status"":""TRANSACTED"",""tick"":204,""ticker"":""TAME"",""trader_id"":""Adderall.exe"",""type"":""MARKET"",""vwap"":25.0365}",
20260922T083139Z-5ce33c46,20260922T083139Z-5ce33c46-H0004,2572,20260922T083139Z-5ce33c46-20260922T083139Z-5ce33c46-H0004-T2572-b51747,2,PIPELINE,2026-09-22T08:51:39.437+00:00,TAME,BUY,10000,25.0738,25.08,True,1416,995.2051999971445,1027.3701999976765,32.13100000098348,0.0,10000,25.0738,,0.0,-0.0,TRANSACTED,"{""action"":""BUY"",""order_id"":1416,""period"":1,""price"":null,""quantity"":10000.0,""quantity_filled"":10000.0,""status"":""TRANSACTED"",""tick"":204,""ticker"":""TAME"",""trader_id"":""Adderall.exe"",""type"":""MARKET"",""vwap"":25.0738}","{""action"":""BUY"",""order_id"":1416,""period"":1,""price"":null,""quantity"":10000.0,""quantity_filled"":10000.0,""status"":""TRANSACTED"",""tick"":204,""ticker"":""TAME"",""trader_id"":""Adderall.exe"",""type"":""MARKET"",""vwap"":25.0738}",
20260922T083139Z-5ce33c46,20260922T083139Z-5ce33c46-H0004,2572,20260922T083139Z-5ce33c46-20260922T083139Z-5ce33c46-H0004-T2572-b51747,3,PIPELINE,2026-09-22T08:51:39.475+00:00,TAME,BUY,10000,25.0847,25.09,True,1417,1027.4451999976009,1060.839899997518,33.35019999742508,0.0,10000,25.0847,,0.0,-0.0,TRANSACTED,"{""action"":""BUY"",""order_id"":1417,""period"":1,""price"":null,""quantity"":10000.0,""quantity_filled"":10000.0,""status"":""TRANSACTED"",""tick"":204,""ticker"":""TAME"",""trader_id"":""Adderall.exe"",""type"":""MARKET"",""vwap"":25.0847}","{""action"":""BUY"",""order_id"":1417,""period"":1,""price"":null,""quantity"":10000.0,""quantity_filled"":10000.0,""status"":""TRANSACTED"",""tick"":204,""ticker"":""TAME"",""trader_id"":""Adderall.exe"",""type"":""MARKET"",""vwap"":25.0847}",
20260922T083139Z-5ce33c46,20260922T083139Z-5ce33c46-H0004,2572,20260922T083139Z-5ce33c46-20260922T083139Z-5ce33c46-H0004-T2572-b51747,4,PIPELINE,2026-09-22T08:51:39.509+00:00,TAME,BUY,10000,25.0949,25.1,True,1419,1060.9332999993057,1094.0186999978323,33.04329999908805,0.0,10000,25.0735,,0.021399999999999864,-0.021399999999999864,TRANSACTED,"{""action"":""BUY"",""order_id"":1419,""period"":1,""price"":null,""quantity"":10000.0,""quantity_filled"":10000.0,""status"":""TRANSACTED"",""tick"":204,""ticker"":""TAME"",""trader_id"":""Adderall.exe"",""type"":""MARKET"",""vwap"":25.0735}","{""action"":""BUY"",""order_id"":1419,""period"":1,""price"":null,""quantity"":10000.0,""quantity_filled"":10000.0,""status"":""TRANSACTED"",""tick"":204,""ticker"":""TAME"",""trader_id"":""Adderall.exe"",""type"":""MARKET"",""vwap"":25.0735}",
20260922T083139Z-5ce33c46,20260922T083139Z-5ce33c46-H0004,2572,20260922T083139Z-5ce33c46-20260922T083139Z-5ce33c46-H0004-T2572-b51747,5,PIPELINE,2026-09-22T08:51:39.541+00:00,TAME,BUY,10000,25.1149,25.12,True,1420,1094.0964999972493,1128.7806000000273,34.64600000157952,0.0,10000,25.1037,,0.011199999999998766,-0.011199999999998766,TRANSACTED,"{""action"":""BUY"",""order_id"":1420,""period"":1,""price"":null,""quantity"":10000.0,""quantity_filled"":10000.0,""status"":""TRANSACTED"",""tick"":204,""ticker"":""TAME"",""trader_id"":""Adderall.exe"",""type"":""MARKET"",""vwap"":25.1037}","{""action"":""BUY"",""order_id"":1420,""period"":1,""price"":null,""quantity"":10000.0,""quantity_filled"":10000.0,""status"":""TRANSACTED"",""tick"":204,""ticker"":""TAME"",""trader_id"":""Adderall.exe"",""type"":""MARKET"",""vwap"":25.1037}",
20260922T083139Z-5ce33c46,20260922T083139Z-5ce33c46-H0004,2572,20260922T083139Z-5ce33c46-20260922T083139Z-5ce33c46-H0004-T2572-b51747,6,PIPELINE,2026-09-22T08:51:39.577+00:00,TAME,BUY,10000,25.1247,25.13,True,1421,1128.851699999359,1161.6437999982736,32.75299999862909,0.0,10000,25.1196,,0.005100000000002325,-0.005100000000002325,TRANSACTED,"{""action"":""BUY"",""order_id"":1421,""period"":1,""price"":null,""quantity"":10000.0,""quantity_filled"":10000.0,""status"":""TRANSACTED"",""tick"":204,""ticker"":""TAME"",""trader_id"":""Adderall.exe"",""type"":""MARKET"",""vwap"":25.1196}","{""action"":""BUY"",""order_id"":1421,""period"":1,""price"":null,""quantity"":10000.0,""quantity_filled"":10000.0,""status"":""TRANSACTED"",""tick"":204,""ticker"":""TAME"",""trader_id"":""Adderall.exe"",""type"":""MARKET"",""vwap"":25.1196}",
20260922T083139Z-5ce33c46,20260922T083139Z-5ce33c46-H0004,2572,20260922T083139Z-5ce33c46-20260922T083139Z-5ce33c46-H0004-T2572-b51747,7,PIPELINE,2026-09-22T08:51:39.607+00:00,TAME,BUY,10000,25.13,25.13,True,1422,1161.718799998198,1196.455599998444,34.69549999758601,0.0,10000,25.1292,,0.0007999999999981355,-0.0007999999999981355,TRANSACTED,"{""action"":""BUY"",""order_id"":1422,""period"":1,""price"":null,""quantity"":10000.0,""quantity_filled"":10000.0,""status"":""TRANSACTED"",""tick"":204,""ticker"":""TAME"",""trader_id"":""Adderall.exe"",""type"":""MARKET"",""vwap"":25.1292}","{""action"":""BUY"",""order_id"":1422,""period"":1,""price"":null,""quantity"":10000.0,""quantity_filled"":10000.0,""status"":""TRANSACTED"",""tick"":204,""ticker"":""TAME"",""trader_id"":""Adderall.exe"",""type"":""MARKET"",""vwap"":25.1292}",
20260922T083139Z-5ce33c46,20260922T083139Z-5ce33c46-H0004,2572,20260922T083139Z-5ce33c46-20260922T083139Z-5ce33c46-H0004-T2572-b51747,8,PIPELINE,2026-09-22T08:51:39.647+00:00,TAME,BUY,2000,25.1395,25.14,True,1423,1196.536699997523,1232.6021999979275,36.02549999952316,0.0,2000,25.13,,0.009500000000002728,-0.009500000000002728,TRANSACTED,"{""action"":""BUY"",""order_id"":1423,""period"":1,""price"":null,""quantity"":2000.0,""quantity_filled"":2000.0,""status"":""TRANSACTED"",""tick"":204,""ticker"":""TAME"",""trader_id"":""Adderall.exe"",""type"":""MARKET"",""vwap"":25.13}","{""action"":""BUY"",""order_id"":1423,""period"":1,""price"":null,""quantity"":2000.0,""quantity_filled"":2000.0,""status"":""TRANSACTED"",""tick"":204,""ticker"":""TAME"",""trader_id"":""Adderall.exe"",""type"":""MARKET"",""vwap"":25.13}",
20260922T083139Z-5ce33c46,20260922T083139Z-5ce33c46-H0004,3372,20260922T083139Z-5ce33c46-20260922T083139Z-5ce33c46-H0004-T3372-adeaa8,1,PIPELINE,2026-09-22T08:52:43.759+00:00,CRZY,SELL,25000,9.29092,9.27,True,1850,1028.13519999836,1060.1634999984526,31.99320000037551,0.0,25000,9.29092,,0.0,-0.0,TRANSACTED,"{""action"":""SELL"",""order_id"":1850,""period"":1,""price"":null,""quantity"":25000.0,""quantity_filled"":25000.0,""status"":""TRANSACTED"",""tick"":268,""ticker"":""CRZY"",""trader_id"":""Adderall.exe"",""type"":""MARKET"",""vwap"":9.29092}","{""action"":""SELL"",""order_id"":1850,""period"":1,""price"":null,""quantity"":25000.0,""quantity_filled"":25000.0,""status"":""TRANSACTED"",""tick"":268,""ticker"":""CRZY"",""trader_id"":""Adderall.exe"",""type"":""MARKET"",""vwap"":9.29092}",
20260922T083139Z-5ce33c46,20260922T083139Z-5ce33c46-H0004,3372,20260922T083139Z-5ce33c46-20260922T083139Z-5ce33c46-H0004-T3372-adeaa8,2,PIPELINE,2026-09-22T08:52:43.796+00:00,CRZY,SELL,25000,9.26084,9.25,True,1851,1060.229499998968,1093.7023000005865,33.44189999997616,0.0,25000,9.26084,,0.0,-0.0,TRANSACTED,"{""action"":""SELL"",""order_id"":1851,""period"":1,""price"":null,""quantity"":25000.0,""quantity_filled"":25000.0,""status"":""TRANSACTED"",""tick"":268,""ticker"":""CRZY"",""trader_id"":""Adderall.exe"",""type"":""MARKET"",""vwap"":9.26084}","{""action"":""SELL"",""order_id"":1851,""period"":1,""price"":null,""quantity"":25000.0,""quantity_filled"":25000.0,""status"":""TRANSACTED"",""tick"":268,""ticker"":""CRZY"",""trader_id"":""Adderall.exe"",""type"":""MARKET"",""vwap"":9.26084}",
20260922T083139Z-5ce33c46,20260922T083139Z-5ce33c46-H0004,3372,20260922T083139Z-5ce33c46-20260922T083139Z-5ce33c46-H0004-T3372-adeaa8,3,PIPELINE,2026-09-22T08:52:43.837+00:00,CRZY,SELL,22000,9.243545454545455,9.22,True,1852,1093.7626999984786,1134.207700000843,40.398300003260374,0.0,22000,9.243545454545455,,0.0,-0.0,TRANSACTED,"{""action"":""SELL"",""order_id"":1852,""period"":1,""price"":null,""quantity"":22000.0,""quantity_filled"":22000.0,""status"":""TRANSACTED"",""tick"":268,""ticker"":""CRZY"",""trader_id"":""Adderall.exe"",""type"":""MARKET"",""vwap"":9.243545454545455}","{""action"":""SELL"",""order_id"":1852,""period"":1,""price"":null,""quantity"":22000.0,""quantity_filled"":22000.0,""status"":""TRANSACTED"",""tick"":268,""ticker"":""CRZY"",""trader_id"":""Adderall.exe"",""type"":""MARKET"",""vwap"":9.243545454545455}",
20260922T083139Z-5ce33c46,20260922T083139Z-5ce33c46-H0005,172,20260922T083139Z-5ce33c46-20260922T083139Z-5ce33c46-H0005-T172-f662d7,1,PIPELINE,2026-09-22T08:54:40.674+00:00,CRZY,BUY,25000,10.04724,10.06,True,166,969.7349000016402,1024.6709999992163,54.90439999848604,0.0,25000,10.04724,,0.0,-0.0,TRANSACTED,"{""action"":""BUY"",""order_id"":166,""period"":1,""price"":null,""quantity"":25000.0,""quantity_filled"":25000.0,""status"":""TRANSACTED"",""tick"":24,""ticker"":""CRZY"",""trader_id"":""Adderall.exe"",""type"":""MARKET"",""vwap"":10.04724}","{""action"":""BUY"",""order_id"":166,""period"":1,""price"":null,""quantity"":25000.0,""quantity_filled"":25000.0,""status"":""TRANSACTED"",""tick"":24,""ticker"":""CRZY"",""trader_id"":""Adderall.exe"",""type"":""MARKET"",""vwap"":10.04724}",
20260922T083139Z-5ce33c46,20260922T083139Z-5ce33c46-H0005,172,20260922T083139Z-5ce33c46-20260922T083139Z-5ce33c46-H0005-T172-f662d7,2,PIPELINE,2026-09-22T08:54:40.712+00:00,CRZY,BUY,25000,10.08516,10.1,True,167,1024.7294000000693,1059.124300001713,34.3484000004828,0.0,25000,10.08516,,0.0,-0.0,TRANSACTED,"{""action"":""BUY"",""order_id"":167,""period"":1,""price"":null,""quantity"":25000.0,""quantity_filled"":25000.0,""status"":""TRANSACTED"",""tick"":24,""ticker"":""CRZY"",""trader_id"":""Adderall.exe"",""type"":""MARKET"",""vwap"":10.08516}","{""action"":""BUY"",""order_id"":167,""period"":1,""price"":null,""quantity"":25000.0,""quantity_filled"":25000.0,""status"":""TRANSACTED"",""tick"":24,""ticker"":""CRZY"",""trader_id"":""Adderall.exe"",""type"":""MARKET"",""vwap"":10.08516}",
20260922T083139Z-5ce33c46,20260922T083139Z-5ce33c46-H0005,172,20260922T083139Z-5ce33c46-20260922T083139Z-5ce33c46-H0005-T172-f662d7,3,PIPELINE,2026-09-22T08:54:40.743+00:00,CRZY,BUY,25000,10.13036,10.18,True,168,1059.2553000024054,1099.3488000021898,40.05980000272393,0.0,25000,10.13036,,0.0,-0.0,TRANSACTED,"{""action"":""BUY"",""order_id"":168,""period"":1,""price"":null,""quantity"":25000.0,""quantity_filled"":25000.0,""status"":""TRANSACTED"",""tick"":24,""ticker"":""CRZY"",""trader_id"":""Adderall.exe"",""type"":""MARKET"",""vwap"":10.13036}","{""action"":""BUY"",""order_id"":168,""period"":1,""price"":null,""quantity"":25000.0,""quantity_filled"":25000.0,""status"":""TRANSACTED"",""tick"":24,""ticker"":""CRZY"",""trader_id"":""Adderall.exe"",""type"":""MARKET"",""vwap"":10.13036}",
20260922T083139Z-5ce33c46,20260922T083139Z-5ce33c46-H0005,1772,20260922T083139Z-5ce33c46-20260922T083139Z-5ce33c46-H0005-T1772-b30fad,1,PIPELINE,2026-09-22T08:56:35.291+00:00,TAME,BUY,10000,24.87,24.87,True,973,1026.1656000002404,1059.8035999973945,33.601099997758865,0.0,10000,24.87,,0.0,-0.0,TRANSACTED,"{""action"":""BUY"",""order_id"":973,""period"":1,""price"":null,""quantity"":10000.0,""quantity_filled"":10000.0,""status"":""TRANSACTED"",""tick"":138,""ticker"":""TAME"",""trader_id"":""Adderall.exe"",""type"":""MARKET"",""vwap"":24.87}","{""action"":""BUY"",""order_id"":973,""period"":1,""price"":null,""quantity"":10000.0,""quantity_filled"":10000.0,""status"":""TRANSACTED"",""tick"":138,""ticker"":""TAME"",""trader_id"":""Adderall.exe"",""type"":""MARKET"",""vwap"":24.87}",
20260922T083139Z-5ce33c46,20260922T083139Z-5ce33c46-H0005,1772,20260922T083139Z-5ce33c46-20260922T083139Z-5ce33c46-H0005-T1772-b30fad,2,PIPELINE,2026-09-22T08:56:35.322+00:00,TAME,BUY,10000,24.87,24.87,True,974,1059.877099996811,1092.9335999971954,33.00769999623299,0.0,10000,24.87,,0.0,-0.0,TRANSACTED,"{""action"":""BUY"",""order_id"":974,""period"":1,""price"":null,""quantity"":10000.0,""quantity_filled"":10000.0,""status"":""TRANSACTED"",""tick"":138,""ticker"":""TAME"",""trader_id"":""Adderall.exe"",""type"":""MARKET"",""vwap"":24.87}","{""action"":""BUY"",""order_id"":974,""period"":1,""price"":null,""quantity"":10000.0,""quantity_filled"":10000.0,""status"":""TRANSACTED"",""tick"":138,""ticker"":""TAME"",""trader_id"":""Adderall.exe"",""type"":""MARKET"",""vwap"":24.87}",
20260922T083139Z-5ce33c46,20260922T083139Z-5ce33c46-H0005,1772,20260922T083139Z-5ce33c46-20260922T083139Z-5ce33c46-H0005-T1772-b30fad,3,PIPELINE,2026-09-22T08:56:35.354+00:00,TAME,BUY,10000,24.8735,24.88,True,976,1093.0364999985613,1126.2760999998136,33.198499996215105,0.0,10000,24.8735,,0.0,-0.0,TRANSACTED,"{""action"":""BUY"",""order_id"":976,""period"":1,""price"":null,""quantity"":10000.0,""quantity_filled"":10000.0,""status"":""TRANSACTED"",""tick"":138,""ticker"":""TAME"",""trader_id"":""Adderall.exe"",""type"":""MARKET"",""vwap"":24.8735}","{""action"":""BUY"",""order_id"":976,""period"":1,""price"":null,""quantity"":10000.0,""quantity_filled"":10000.0,""status"":""TRANSACTED"",""tick"":138,""ticker"":""TAME"",""trader_id"":""Adderall.exe"",""type"":""MARKET"",""vwap"":24.8735}",
20260922T083139Z-5ce33c46,20260922T083139Z-5ce33c46-H0005,1772,20260922T083139Z-5ce33c46-20260922T083139Z-5ce33c46-H0005-T1772-b30fad,4,PIPELINE,2026-09-22T08:56:35.391+00:00,TAME,BUY,10000,24.88,24.88,True,977,1126.344499996776,1159.4375999993645,33.05499999970198,0.0,10000,24.88,,0.0,-0.0,TRANSACTED,"{""action"":""BUY"",""order_id"":977,""period"":1,""price"":null,""quantity"":10000.0,""quantity_filled"":10000.0,""status"":""TRANSACTED"",""tick"":138,""ticker"":""TAME"",""trader_id"":""Adderall.exe"",""type"":""MARKET"",""vwap"":24.88}","{""action"":""BUY"",""order_id"":977,""period"":1,""price"":null,""quantity"":10000.0,""quantity_filled"":10000.0,""status"":""TRANSACTED"",""tick"":138,""ticker"":""TAME"",""trader_id"":""Adderall.exe"",""type"":""MARKET"",""vwap"":24.88}",
20260922T083139Z-5ce33c46,20260922T083139Z-5ce33c46-H0005,1772,20260922T083139Z-5ce33c46-20260922T083139Z-5ce33c46-H0005-T1772-b30fad,5,PIPELINE,2026-09-22T08:56:35.431+00:00,TAME,BUY,10000,24.8932,24.9,True,978,1159.51750000022,1198.3614999990095,38.802700001746416,0.0,10000,24.8932,,0.0,-0.0,TRANSACTED,"{""action"":""BUY"",""order_id"":978,""period"":1,""price"":null,""quantity"":10000.0,""quantity_filled"":10000.0,""status"":""TRANSACTED"",""tick"":138,""ticker"":""TAME"",""trader_id"":""Adderall.exe"",""type"":""MARKET"",""vwap"":24.8932}","{""action"":""BUY"",""order_id"":978,""period"":1,""price"":null,""quantity"":10000.0,""quantity_filled"":10000.0,""status"":""TRANSACTED"",""tick"":138,""ticker"":""TAME"",""trader_id"":""Adderall.exe"",""type"":""MARKET"",""vwap"":24.8932}",
20260922T083139Z-5ce33c46,20260922T083139Z-5ce33c46-H0005,1772,20260922T083139Z-5ce33c46-20260922T083139Z-5ce33c46-H0005-T1772-b30fad,6,PIPELINE,2026-09-22T08:56:35.462+00:00,TAME,BUY,10000,24.918,24.93,True,980,1198.4460999992734,1232.523399998172,34.02969999983907,0.0,10000,24.9012,,0.016799999999999926,-0.016799999999999926,TRANSACTED,"{""action"":""BUY"",""order_id"":980,""period"":1,""price"":null,""quantity"":10000.0,""quantity_filled"":10000.0,""status"":""TRANSACTED"",""tick"":138,""ticker"":""TAME"",""trader_id"":""Adderall.exe"",""type"":""MARKET"",""vwap"":24.9012}","{""action"":""BUY"",""order_id"":980,""period"":1,""price"":null,""quantity"":10000.0,""quantity_filled"":10000.0,""status"":""TRANSACTED"",""tick"":138,""ticker"":""TAME"",""trader_id"":""Adderall.exe"",""type"":""MARKET"",""vwap"":24.9012}",
20260922T083139Z-5ce33c46,20260922T083139Z-5ce33c46-H0005,1772,20260922T083139Z-5ce33c46-20260922T083139Z-5ce33c46-H0005-T1772-b30fad,7,PIPELINE,2026-09-22T08:56:35.493+00:00,TAME,BUY,10000,24.9435,24.96,True,981,1232.6137999989442,1266.2749999981315,33.61199999973178,0.0,10000,24.9314,,0.012100000000000222,-0.012100000000000222,TRANSACTED,"{""action"":""BUY"",""order_id"":981,""period"":1,""price"":null,""quantity"":10000.0,""quantity_filled"":10000.0,""status"":""TRANSACTED"",""tick"":138,""ticker"":""TAME"",""trader_id"":""Adderall.exe"",""type"":""MARKET"",""vwap"":24.9314}","{""action"":""BUY"",""order_id"":981,""period"":1,""price"":null,""quantity"":10000.0,""quantity_filled"":10000.0,""status"":""TRANSACTED"",""tick"":138,""ticker"":""TAME"",""trader_id"":""Adderall.exe"",""type"":""MARKET"",""vwap"":24.9314}",
20260922T083139Z-5ce33c46,20260922T083139Z-5ce33c46-H0005,1772,20260922T083139Z-5ce33c46-20260922T083139Z-5ce33c46-H0005-T1772-b30fad,8,PIPELINE,2026-09-22T08:56:35.531+00:00,TAME,BUY,2000,24.96,24.96,True,982,1266.3708999971277,1300.2207999998063,33.80390000343323,0.0,2000,24.95,,0.010000000000001563,-0.010000000000001563,TRANSACTED,"{""action"":""BUY"",""order_id"":982,""period"":1,""price"":null,""quantity"":2000.0,""quantity_filled"":2000.0,""status"":""TRANSACTED"",""tick"":138,""ticker"":""TAME"",""trader_id"":""Adderall.exe"",""type"":""MARKET"",""vwap"":24.95}","{""action"":""BUY"",""order_id"":982,""period"":1,""price"":null,""quantity"":2000.0,""quantity_filled"":2000.0,""status"":""TRANSACTED"",""tick"":138,""ticker"":""TAME"",""trader_id"":""Adderall.exe"",""type"":""MARKET"",""vwap"":24.95}",
20260922T083139Z-5ce33c46,20260922T083139Z-5ce33c46-H0005,2572,20260922T083139Z-5ce33c46-20260922T083139Z-5ce33c46-H0005-T2572-dfc986,1,PIPELINE,2026-09-22T08:57:35.665+00:00,TAME,BUY,10000,24.7632,24.78,True,1395,1000.9768000018084,1055.1263000015751,54.1136000007391,0.0,10000,24.7632,,0.0,-0.0,TRANSACTED,"{""action"":""BUY"",""order_id"":1395,""period"":1,""price"":null,""quantity"":10000.0,""quantity_filled"":10000.0,""status"":""TRANSACTED"",""tick"":198,""ticker"":""TAME"",""trader_id"":""Adderall.exe"",""type"":""MARKET"",""vwap"":24.7632}","{""action"":""BUY"",""order_id"":1395,""period"":1,""price"":null,""quantity"":10000.0,""quantity_filled"":10000.0,""status"":""TRANSACTED"",""tick"":198,""ticker"":""TAME"",""trader_id"":""Adderall.exe"",""type"":""MARKET"",""vwap"":24.7632}",
20260922T083139Z-5ce33c46,20260922T083139Z-5ce33c46-H0005,2572,20260922T083139Z-5ce33c46-20260922T083139Z-5ce33c46-H0005-T2572-dfc986,2,PIPELINE,2026-09-22T08:57:35.700+00:00,TAME,BUY,10000,24.783,24.79,True,1396,1055.184000000736,1093.284800001129,38.06120000034571,0.0,10000,24.783,,0.0,-0.0,TRANSACTED,"{""action"":""BUY"",""order_id"":1396,""period"":1,""price"":null,""quantity"":10000.0,""quantity_filled"":10000.0,""status"":""TRANSACTED"",""tick"":198,""ticker"":""TAME"",""trader_id"":""Adderall.exe"",""type"":""MARKET"",""vwap"":24.783}","{""action"":""BUY"",""order_id"":1396,""period"":1,""price"":null,""quantity"":10000.0,""quantity_filled"":10000.0,""status"":""TRANSACTED"",""tick"":198,""ticker"":""TAME"",""trader_id"":""Adderall.exe"",""type"":""MARKET"",""vwap"":24.783}",
20260922T083139Z-5ce33c46,20260922T083139Z-5ce33c46-H0005,2572,20260922T083139Z-5ce33c46-20260922T083139Z-5ce33c46-H0005-T2572-dfc986,3,PIPELINE,2026-09-22T08:57:35.740+00:00,TAME,BUY,10000,24.7952,24.8,True,1397,1093.3739000029163,1127.985200000694,34.56420000642538,0.0,10000,24.7952,,0.0,-0.0,TRANSACTED,"{""action"":""BUY"",""order_id"":1397,""period"":1,""price"":null,""quantity"":10000.0,""quantity_filled"":10000.0,""status"":""TRANSACTED"",""tick"":198,""ticker"":""TAME"",""trader_id"":""Adderall.exe"",""type"":""MARKET"",""vwap"":24.7952}","{""action"":""BUY"",""order_id"":1397,""period"":1,""price"":null,""quantity"":10000.0,""quantity_filled"":10000.0,""status"":""TRANSACTED"",""tick"":198,""ticker"":""TAME"",""trader_id"":""Adderall.exe"",""type"":""MARKET"",""vwap"":24.7952}",
20260922T083139Z-5ce33c46,20260922T083139Z-5ce33c46-H0005,2572,20260922T083139Z-5ce33c46-20260922T083139Z-5ce33c46-H0005-T2572-dfc986,4,PIPELINE,2026-09-22T08:57:35.775+00:00,TAME,BUY,10000,24.8157,24.83,True,1398,1128.0598000012105,1161.0910000017611,32.99330000206828,0.0,10000,24.8157,,0.0,-0.0,TRANSACTED,"{""action"":""BUY"",""order_id"":1398,""period"":1,""price"":null,""quantity"":10000.0,""quantity_filled"":10000.0,""status"":""TRANSACTED"",""tick"":198,""ticker"":""TAME"",""trader_id"":""Adderall.exe"",""type"":""MARKET"",""vwap"":24.8157}","{""action"":""BUY"",""order_id"":1398,""period"":1,""price"":null,""quantity"":10000.0,""quantity_filled"":10000.0,""status"":""TRANSACTED"",""tick"":198,""ticker"":""TAME"",""trader_id"":""Adderall.exe"",""type"":""MARKET"",""vwap"":24.8157}",
20260922T083139Z-5ce33c46,20260922T083139Z-5ce33c46-H0005,2572,20260922T083139Z-5ce33c46-20260922T083139Z-5ce33c46-H0005-T2572-dfc986,5,PIPELINE,2026-09-22T08:57:35.807+00:00,TAME,BUY,10000,24.8358,24.84,True,1399,1161.163900000247,1194.9376000011398,33.738500002771616,0.0,10000,24.8358,,0.0,-0.0,TRANSACTED,"{""action"":""BUY"",""order_id"":1399,""period"":1,""price"":null,""quantity"":10000.0,""quantity_filled"":10000.0,""status"":""TRANSACTED"",""tick"":198,""ticker"":""TAME"",""trader_id"":""Adderall.exe"",""type"":""MARKET"",""vwap"":24.8358}","{""action"":""BUY"",""order_id"":1399,""period"":1,""price"":null,""quantity"":10000.0,""quantity_filled"":10000.0,""status"":""TRANSACTED"",""tick"":198,""ticker"":""TAME"",""trader_id"":""Adderall.exe"",""type"":""MARKET"",""vwap"":24.8358}",
20260922T083139Z-5ce33c46,20260922T083139Z-5ce33c46-H0005,2572,20260922T083139Z-5ce33c46-20260922T083139Z-5ce33c46-H0005-T2572-dfc986,6,PIPELINE,2026-09-22T08:57:35.840+00:00,TAME,BUY,10000,24.8461,24.85,True,1401,1195.0541000005614,1227.0487000023422,31.95430000126362,0.0,10000,24.8461,,0.0,-0.0,TRANSACTED,"{""action"":""BUY"",""order_id"":1401,""period"":1,""price"":null,""quantity"":10000.0,""quantity_filled"":10000.0,""status"":""TRANSACTED"",""tick"":198,""ticker"":""TAME"",""trader_id"":""Adderall.exe"",""type"":""MARKET"",""vwap"":24.8461}","{""action"":""BUY"",""order_id"":1401,""period"":1,""price"":null,""quantity"":10000.0,""quantity_filled"":10000.0,""status"":""TRANSACTED"",""tick"":198,""ticker"":""TAME"",""trader_id"":""Adderall.exe"",""type"":""MARKET"",""vwap"":24.8461}",
20260922T083139Z-5ce33c46,20260922T083139Z-5ce33c46-H0005,2572,20260922T083139Z-5ce33c46-20260922T083139Z-5ce33c46-H0005-T2572-dfc986,7,PIPELINE,2026-09-22T08:57:35.877+00:00,TAME,BUY,10000,24.8573,24.86,True,1402,1227.131300001929,1263.4592000031262,36.29050000011921,0.0,10000,24.8573,,0.0,-0.0,TRANSACTED,"{""action"":""BUY"",""order_id"":1402,""period"":1,""price"":null,""quantity"":10000.0,""quantity_filled"":10000.0,""status"":""TRANSACTED"",""tick"":198,""ticker"":""TAME"",""trader_id"":""Adderall.exe"",""type"":""MARKET"",""vwap"":24.8573}","{""action"":""BUY"",""order_id"":1402,""period"":1,""price"":null,""quantity"":10000.0,""quantity_filled"":10000.0,""status"":""TRANSACTED"",""tick"":198,""ticker"":""TAME"",""trader_id"":""Adderall.exe"",""type"":""MARKET"",""vwap"":24.8573}",
20260922T083139Z-5ce33c46,20260922T083139Z-5ce33c46-H0005,2572,20260922T083139Z-5ce33c46-20260922T083139Z-5ce33c46-H0005-T2572-dfc986,8,PIPELINE,2026-09-22T08:57:35.912+00:00,TAME,BUY,4000,24.86,24.86,True,1403,1263.5241000025417,1297.9363000013109,34.37959999963641,0.0,4000,24.86,,0.0,-0.0,TRANSACTED,"{""action"":""BUY"",""order_id"":1403,""period"":1,""price"":null,""quantity"":4000.0,""quantity_filled"":4000.0,""status"":""TRANSACTED"",""tick"":198,""ticker"":""TAME"",""trader_id"":""Adderall.exe"",""type"":""MARKET"",""vwap"":24.86}","{""action"":""BUY"",""order_id"":1403,""period"":1,""price"":null,""quantity"":4000.0,""quantity_filled"":4000.0,""status"":""TRANSACTED"",""tick"":198,""ticker"":""TAME"",""trader_id"":""Adderall.exe"",""type"":""MARKET"",""vwap"":24.86}",
20260922T083139Z-5ce33c46,20260922T083139Z-5ce33c46-H0005,3372,20260922T083139Z-5ce33c46-20260922T083139Z-5ce33c46-H0005-T3372-453c0d,1,PIPELINE,2026-09-22T08:58:44.035+00:00,CRZY,SELL,25000,10.42568,10.4,True,1846,985.4192999991938,1017.4205000002985,31.97419999912381,0.0,25000,10.42568,,0.0,-0.0,TRANSACTED,"{""action"":""SELL"",""order_id"":1846,""period"":1,""price"":null,""quantity"":25000.0,""quantity_filled"":25000.0,""status"":""TRANSACTED"",""tick"":266,""ticker"":""CRZY"",""trader_id"":""Adderall.exe"",""type"":""MARKET"",""vwap"":10.42568}","{""action"":""SELL"",""order_id"":1846,""period"":1,""price"":null,""quantity"":25000.0,""quantity_filled"":25000.0,""status"":""TRANSACTED"",""tick"":266,""ticker"":""CRZY"",""trader_id"":""Adderall.exe"",""type"":""MARKET"",""vwap"":10.42568}",
20260922T083139Z-5ce33c46,20260922T083139Z-5ce33c46-H0005,3372,20260922T083139Z-5ce33c46-20260922T083139Z-5ce33c46-H0005-T3372-453c0d,2,PIPELINE,2026-09-22T08:58:44.089+00:00,CRZY,SELL,25000,10.39128,10.38,True,1847,1017.4675999987812,1076.656400000502,59.165300000458956,0.0,25000,10.39128,,0.0,-0.0,TRANSACTED,"{""action"":""SELL"",""order_id"":1847,""period"":1,""price"":null,""quantity"":25000.0,""quantity_filled"":25000.0,""status"":""TRANSACTED"",""tick"":266,""ticker"":""CRZY"",""trader_id"":""Adderall.exe"",""type"":""MARKET"",""vwap"":10.39128}","{""action"":""SELL"",""order_id"":1847,""period"":1,""price"":null,""quantity"":25000.0,""quantity_filled"":25000.0,""status"":""TRANSACTED"",""tick"":266,""ticker"":""CRZY"",""trader_id"":""Adderall.exe"",""type"":""MARKET"",""vwap"":10.39128}",
20260922T083139Z-5ce33c46,20260922T083139Z-5ce33c46-H0005,3372,20260922T083139Z-5ce33c46-20260922T083139Z-5ce33c46-H0005-T3372-453c0d,3,PIPELINE,2026-09-22T08:58:44.119+00:00,CRZY,SELL,16000,10.3686875,10.36,True,1848,1076.703599999746,1110.849099997722,34.1228999979794,0.0,16000,10.3686875,,0.0,-0.0,TRANSACTED,"{""action"":""SELL"",""order_id"":1848,""period"":1,""price"":null,""quantity"":16000.0,""quantity_filled"":16000.0,""status"":""TRANSACTED"",""tick"":266,""ticker"":""CRZY"",""trader_id"":""Adderall.exe"",""type"":""MARKET"",""vwap"":10.3686875}","{""action"":""SELL"",""order_id"":1848,""period"":1,""price"":null,""quantity"":16000.0,""quantity_filled"":16000.0,""status"":""TRANSACTED"",""tick"":266,""ticker"":""CRZY"",""trader_id"":""Adderall.exe"",""type"":""MARKET"",""vwap"":10.3686875}",
20260922T083139Z-5ce33c46,20260922T083139Z-5ce33c46-H0006,172,20260922T083139Z-5ce33c46-20260922T083139Z-5ce33c46-H0006-T172-b32be2,1,PIPELINE,2026-09-22T09:00:41.991+00:00,CRZY,BUY,25000,9.968,9.97,True,161,1031.8225999981223,1065.2316999985487,33.363400001078844,0.0,25000,9.968,,0.0,-0.0,TRANSACTED,"{""action"":""BUY"",""order_id"":161,""period"":1,""price"":null,""quantity"":25000.0,""quantity_filled"":25000.0,""status"":""TRANSACTED"",""tick"":23,""ticker"":""CRZY"",""trader_id"":""Adderall.exe"",""type"":""MARKET"",""vwap"":9.968}","{""action"":""BUY"",""order_id"":161,""period"":1,""price"":null,""quantity"":25000.0,""quantity_filled"":25000.0,""status"":""TRANSACTED"",""tick"":23,""ticker"":""CRZY"",""trader_id"":""Adderall.exe"",""type"":""MARKET"",""vwap"":9.968}",
20260922T083139Z-5ce33c46,20260922T083139Z-5ce33c46-H0006,172,20260922T083139Z-5ce33c46-20260922T083139Z-5ce33c46-H0006-T172-b32be2,2,PIPELINE,2026-09-22T09:00:42.027+00:00,CRZY,BUY,25000,9.98184,9.99,True,162,1065.3227999973751,1101.1881999984325,35.800400003790855,0.0,25000,9.98184,,0.0,-0.0,TRANSACTED,"{""action"":""BUY"",""order_id"":162,""period"":1,""price"":null,""quantity"":25000.0,""quantity_filled"":25000.0,""status"":""TRANSACTED"",""tick"":23,""ticker"":""CRZY"",""trader_id"":""Adderall.exe"",""type"":""MARKET"",""vwap"":9.98184}","{""action"":""BUY"",""order_id"":162,""period"":1,""price"":null,""quantity"":25000.0,""quantity_filled"":25000.0,""status"":""TRANSACTED"",""tick"":23,""ticker"":""CRZY"",""trader_id"":""Adderall.exe"",""type"":""MARKET"",""vwap"":9.98184}",
20260922T083139Z-5ce33c46,20260922T083139Z-5ce33c46-H0006,172,20260922T083139Z-5ce33c46-20260922T083139Z-5ce33c46-H0006-T172-b32be2,3,PIPELINE,2026-09-22T09:00:42.067+00:00,CRZY,BUY,17000,10.002764705882353,10.03,True,163,1101.3028999987,1140.5539999977918,39.18530000001192,0.0,17000,10.002764705882353,,0.0,-0.0,TRANSACTED,"{""action"":""BUY"",""order_id"":163,""period"":1,""price"":null,""quantity"":17000.0,""quantity_filled"":17000.0,""status"":""TRANSACTED"",""tick"":23,""ticker"":""CRZY"",""trader_id"":""Adderall.exe"",""type"":""MARKET"",""vwap"":10.002764705882353}","{""action"":""BUY"",""order_id"":163,""period"":1,""price"":null,""quantity"":17000.0,""quantity_filled"":17000.0,""status"":""TRANSACTED"",""tick"":23,""ticker"":""CRZY"",""trader_id"":""Adderall.exe"",""type"":""MARKET"",""vwap"":10.002764705882353}",
20260922T083139Z-5ce33c46,20260922T083139Z-5ce33c46-H0006,972,20260922T083139Z-5ce33c46-20260922T083139Z-5ce33c46-H0006-T972-b12ac1,1,PIPELINE,2026-09-22T09:01:46.359+00:00,TAME,SELL,10000,25.4562,25.41,True,600,1026.5165000018897,1061.6336000020965,35.064500000327826,0.0,10000,25.4562,,0.0,-0.0,TRANSACTED,"{""action"":""SELL"",""order_id"":600,""period"":1,""price"":null,""quantity"":10000.0,""quantity_filled"":10000.0,""status"":""TRANSACTED"",""tick"":87,""ticker"":""TAME"",""trader_id"":""Adderall.exe"",""type"":""MARKET"",""vwap"":25.4562}","{""action"":""SELL"",""order_id"":600,""period"":1,""price"":null,""quantity"":10000.0,""quantity_filled"":10000.0,""status"":""TRANSACTED"",""tick"":87,""ticker"":""TAME"",""trader_id"":""Adderall.exe"",""type"":""MARKET"",""vwap"":25.4562}",
20260922T083139Z-5ce33c46,20260922T083139Z-5ce33c46-H0006,972,20260922T083139Z-5ce33c46-20260922T083139Z-5ce33c46-H0006-T972-b12ac1,2,PIPELINE,2026-09-22T09:01:46.393+00:00,TAME,SELL,10000,25.4031,25.39,True,601,1061.7502000022796,1095.6411000006483,33.846000000834465,0.0,10000,25.4031,,0.0,-0.0,TRANSACTED,"{""action"":""SELL"",""order_id"":601,""period"":1,""price"":null,""quantity"":10000.0,""quantity_filled"":10000.0,""status"":""TRANSACTED"",""tick"":87,""ticker"":""TAME"",""trader_id"":""Adderall.exe"",""type"":""MARKET"",""vwap"":25.4031}","{""action"":""SELL"",""order_id"":601,""period"":1,""price"":null,""quantity"":10000.0,""quantity_filled"":10000.0,""status"":""TRANSACTED"",""tick"":87,""ticker"":""TAME"",""trader_id"":""Adderall.exe"",""type"":""MARKET"",""vwap"":25.4031}",
20260922T083139Z-5ce33c46,20260922T083139Z-5ce33c46-H0006,972,20260922T083139Z-5ce33c46-20260922T083139Z-5ce33c46-H0006-T972-b12ac1,3,PIPELINE,2026-09-22T09:01:46.428+00:00,TAME,SELL,10000,25.3801,25.37,True,602,1095.7051000004867,1130.6014000001596,34.854399997740984,0.0,10000,25.3801,,0.0,-0.0,TRANSACTED,"{""action"":""SELL"",""order_id"":602,""period"":1,""price"":null,""quantity"":10000.0,""quantity_filled"":10000.0,""status"":""TRANSACTED"",""tick"":87,""ticker"":""TAME"",""trader_id"":""Adderall.exe"",""type"":""MARKET"",""vwap"":25.3801}","{""action"":""SELL"",""order_id"":602,""period"":1,""price"":null,""quantity"":10000.0,""quantity_filled"":10000.0,""status"":""TRANSACTED"",""tick"":87,""ticker"":""TAME"",""trader_id"":""Adderall.exe"",""type"":""MARKET"",""vwap"":25.3801}",
20260922T083139Z-5ce33c46,20260922T083139Z-5ce33c46-H0006,972,20260922T083139Z-5ce33c46-20260922T083139Z-5ce33c46-H0006-T972-b12ac1,4,PIPELINE,2026-09-22T09:01:46.462+00:00,TAME,SELL,10000,25.3271,25.3,True,603,1130.6929000020318,1163.5242000011203,32.782299999147654,0.0,10000,25.346,,0.018899999999998585,-0.018899999999998585,TRANSACTED,"{""action"":""SELL"",""order_id"":603,""period"":1,""price"":null,""quantity"":10000.0,""quantity_filled"":10000.0,""status"":""TRANSACTED"",""tick"":87,""ticker"":""TAME"",""trader_id"":""Adderall.exe"",""type"":""MARKET"",""vwap"":25.346}","{""action"":""SELL"",""order_id"":603,""period"":1,""price"":null,""quantity"":10000.0,""quantity_filled"":10000.0,""status"":""TRANSACTED"",""tick"":87,""ticker"":""TAME"",""trader_id"":""Adderall.exe"",""type"":""MARKET"",""vwap"":25.346}",
20260922T083139Z-5ce33c46,20260922T083139Z-5ce33c46-H0006,972,20260922T083139Z-5ce33c46-20260922T083139Z-5ce33c46-H0006-T972-b12ac1,5,PIPELINE,2026-09-22T09:01:46.498+00:00,TAME,SELL,10000,25.3,25.3,True,604,1163.6336000010488,1199.5672000011837,35.892799999564886,0.0,10000,25.3036,,0.0035999999999987153,-0.0035999999999987153,TRANSACTED,"{""action"":""SELL"",""order_id"":604,""period"":1,""price"":null,""quantity"":10000.0,""quantity_filled"":10000.0,""status"":""TRANSACTED"",""tick"":87,""ticker"":""TAME"",""trader_id"":""Adderall.exe"",""type"":""MARKET"",""vwap"":25.3036}","{""action"":""SELL"",""order_id"":604,""period"":1,""price"":null,""quantity"":10000.0,""quantity_filled"":10000.0,""status"":""TRANSACTED"",""tick"":87,""ticker"":""TAME"",""trader_id"":""Adderall.exe"",""type"":""MARKET"",""vwap"":25.3036}",
20260922T083139Z-5ce33c46,20260922T083139Z-5ce33c46-H0006,972,20260922T083139Z-5ce33c46-20260922T083139Z-5ce33c46-H0006-T972-b12ac1,6,PIPELINE,2026-09-22T09:01:46.533+00:00,TAME,SELL,10000,25.2712,25.23,True,605,1199.6319999998377,1235.550500001409,35.883699998259544,0.0,10000,25.2961,,0.024899999999998812,-0.024899999999998812,TRANSACTED,"{""action"":""SELL"",""order_id"":605,""period"":1,""price"":null,""quantity"":10000.0,""quantity_filled"":10000.0,""status"":""TRANSACTED"",""tick"":87,""ticker"":""TAME"",""trader_id"":""Adderall.exe"",""type"":""MARKET"",""vwap"":25.2961}","{""action"":""SELL"",""order_id"":605,""period"":1,""price"":null,""quantity"":10000.0,""quantity_filled"":10000.0,""status"":""TRANSACTED"",""tick"":87,""ticker"":""TAME"",""trader_id"":""Adderall.exe"",""type"":""MARKET"",""vwap"":25.2961}",
20260922T083139Z-5ce33c46,20260922T083139Z-5ce33c46-H0006,972,20260922T083139Z-5ce33c46-20260922T083139Z-5ce33c46-H0006-T972-b12ac1,7,PIPELINE,2026-09-22T09:01:46.577+00:00,TAME,SELL,10000,25.2242,25.22,True,606,1235.7489000023634,1278.3202000027813,42.47800000011921,0.0,10000,25.2353,,0.011099999999999,-0.011099999999999,TRANSACTED,"{""action"":""SELL"",""order_id"":606,""period"":1,""price"":null,""quantity"":10000.0,""quantity_filled"":10000.0,""status"":""TRANSACTED"",""tick"":87,""ticker"":""TAME"",""trader_id"":""Adderall.exe"",""type"":""MARKET"",""vwap"":25.2353}","{""action"":""SELL"",""order_id"":606,""period"":1,""price"":null,""quantity"":10000.0,""quantity_filled"":10000.0,""status"":""TRANSACTED"",""tick"":87,""ticker"":""TAME"",""trader_id"":""Adderall.exe"",""type"":""MARKET"",""vwap"":25.2353}",
20260922T083139Z-5ce33c46,20260922T083139Z-5ce33c46-H0006,2572,20260922T083139Z-5ce33c46-20260922T083139Z-5ce33c46-H0006-T2572-de946f,1,PIPELINE,2026-09-22T09:03:43.914+00:00,TAME,SELL,10000,26.0475,26.04,True,1416,1000.7268999979715,1043.6741999983496,42.92000000178814,0.0,10000,26.0475,,0.0,-0.0,TRANSACTED,"{""action"":""SELL"",""order_id"":1416,""period"":1,""price"":null,""quantity"":10000.0,""quantity_filled"":10000.0,""status"":""TRANSACTED"",""tick"":204,""ticker"":""TAME"",""trader_id"":""Adderall.exe"",""type"":""MARKET"",""vwap"":26.0475}","{""action"":""SELL"",""order_id"":1416,""period"":1,""price"":null,""quantity"":10000.0,""quantity_filled"":10000.0,""status"":""TRANSACTED"",""tick"":204,""ticker"":""TAME"",""trader_id"":""Adderall.exe"",""type"":""MARKET"",""vwap"":26.0475}",
20260922T083139Z-5ce33c46,20260922T083139Z-5ce33c46-H0006,2572,20260922T083139Z-5ce33c46-20260922T083139Z-5ce33c46-H0006-T2572-de946f,2,PIPELINE,2026-09-22T09:03:43.949+00:00,TAME,SELL,10000,26.0388,26.03,True,1417,1043.7215999991167,1078.1439999991562,34.38870000094175,0.0,10000,26.0388,,0.0,-0.0,TRANSACTED,"{""action"":""SELL"",""order_id"":1417,""period"":1,""price"":null,""quantity"":10000.0,""quantity_filled"":10000.0,""status"":""TRANSACTED"",""tick"":204,""ticker"":""TAME"",""trader_id"":""Adderall.exe"",""type"":""MARKET"",""vwap"":26.0388}","{""action"":""SELL"",""order_id"":1417,""period"":1,""price"":null,""quantity"":10000.0,""quantity_filled"":10000.0,""status"":""TRANSACTED"",""tick"":204,""ticker"":""TAME"",""trader_id"":""Adderall.exe"",""type"":""MARKET"",""vwap"":26.0388}",
20260922T083139Z-5ce33c46,20260922T083139Z-5ce33c46-H0006,2572,20260922T083139Z-5ce33c46-20260922T083139Z-5ce33c46-H0006-T2572-de946f,3,PIPELINE,2026-09-22T09:03:43.982+00:00,TAME,SELL,10000,26.03,26.03,True,1418,1078.216899997642,1112.0037000000593,33.750799998641014,0.0,10000,26.03,,0.0,-0.0,TRANSACTED,"{""action"":""SELL"",""order_id"":1418,""period"":1,""price"":null,""quantity"":10000.0,""quantity_filled"":10000.0,""status"":""TRANSACTED"",""tick"":204,""ticker"":""TAME"",""trader_id"":""Adderall.exe"",""type"":""MARKET"",""vwap"":26.03}","{""action"":""SELL"",""order_id"":1418,""period"":1,""price"":null,""quantity"":10000.0,""quantity_filled"":10000.0,""status"":""TRANSACTED"",""tick"":204,""ticker"":""TAME"",""trader_id"":""Adderall.exe"",""type"":""MARKET"",""vwap"":26.03}",
20260922T083139Z-5ce33c46,20260922T083139Z-5ce33c46-H0006,2572,20260922T083139Z-5ce33c46-20260922T083139Z-5ce33c46-H0006-T2572-de946f,4,PIPELINE,2026-09-22T09:03:44.019+00:00,TAME,SELL,10000,26.0208,26.02,True,1420,1112.0754999974451,1148.36060000016,36.25270000100136,0.0,10000,26.0208,,0.0,-0.0,TRANSACTED,"{""action"":""SELL"",""order_id"":1420,""period"":1,""price"":null,""quantity"":10000.0,""quantity_filled"":10000.0,""status"":""TRANSACTED"",""tick"":204,""ticker"":""TAME"",""trader_id"":""Adderall.exe"",""type"":""MARKET"",""vwap"":26.0208}","{""action"":""SELL"",""order_id"":1420,""period"":1,""price"":null,""quantity"":10000.0,""quantity_filled"":10000.0,""status"":""TRANSACTED"",""tick"":204,""ticker"":""TAME"",""trader_id"":""Adderall.exe"",""type"":""MARKET"",""vwap"":26.0208}",
20260922T083139Z-5ce33c46,20260922T083139Z-5ce33c46-H0006,2572,20260922T083139Z-5ce33c46-20260922T083139Z-5ce33c46-H0006-T2572-de946f,5,PIPELINE,2026-09-22T09:03:44.052+00:00,TAME,SELL,10000,26.02,26.02,True,1421,1148.4229999987292,1180.973599999561,32.52299999818206,0.0,10000,26.02,,0.0,-0.0,TRANSACTED,"{""action"":""SELL"",""order_id"":1421,""period"":1,""price"":null,""quantity"":10000.0,""quantity_filled"":10000.0,""status"":""TRANSACTED"",""tick"":204,""ticker"":""TAME"",""trader_id"":""Adderall.exe"",""type"":""MARKET"",""vwap"":26.02}","{""action"":""SELL"",""order_id"":1421,""period"":1,""price"":null,""quantity"":10000.0,""quantity_filled"":10000.0,""status"":""TRANSACTED"",""tick"":204,""ticker"":""TAME"",""trader_id"":""Adderall.exe"",""type"":""MARKET"",""vwap"":26.02}",
20260922T083139Z-5ce33c46,20260922T083139Z-5ce33c46-H0006,2572,20260922T083139Z-5ce33c46-20260922T083139Z-5ce33c46-H0006-T2572-de946f,6,PIPELINE,2026-09-22T09:03:44.087+00:00,TAME,SELL,10000,26.0195,26.01,True,1422,1181.0291999972833,1215.976799998316,34.92160000279546,0.0,10000,26.0195,,0.0,-0.0,TRANSACTED,"{""action"":""SELL"",""order_id"":1422,""period"":1,""price"":null,""quantity"":10000.0,""quantity_filled"":10000.0,""status"":""TRANSACTED"",""tick"":204,""ticker"":""TAME"",""trader_id"":""Adderall.exe"",""type"":""MARKET"",""vwap"":26.0195}","{""action"":""SELL"",""order_id"":1422,""period"":1,""price"":null,""quantity"":10000.0,""quantity_filled"":10000.0,""status"":""TRANSACTED"",""tick"":204,""ticker"":""TAME"",""trader_id"":""Adderall.exe"",""type"":""MARKET"",""vwap"":26.0195}",
20260922T083139Z-5ce33c46,20260922T083139Z-5ce33c46-H0006,2572,20260922T083139Z-5ce33c46-20260922T083139Z-5ce33c46-H0006-T2572-de946f,7,PIPELINE,2026-09-22T09:03:44.122+00:00,TAME,SELL,7000,26.01,26.01,True,1423,1216.0249000007752,1251.9613000004028,35.89910000190139,0.0,7000,26.01,,0.0,-0.0,TRANSACTED,"{""action"":""SELL"",""order_id"":1423,""period"":1,""price"":null,""quantity"":7000.0,""quantity_filled"":7000.0,""status"":""TRANSACTED"",""tick"":204,""ticker"":""TAME"",""trader_id"":""Adderall.exe"",""type"":""MARKET"",""vwap"":26.01}","{""action"":""SELL"",""order_id"":1423,""period"":1,""price"":null,""quantity"":7000.0,""quantity_filled"":7000.0,""status"":""TRANSACTED"",""tick"":204,""ticker"":""TAME"",""trader_id"":""Adderall.exe"",""type"":""MARKET"",""vwap"":26.01}",
20260922T083139Z-5ce33c46,20260922T083139Z-5ce33c46-H0006,3372,20260922T083139Z-5ce33c46-20260922T083139Z-5ce33c46-H0006-T3372-2c9894,1,PIPELINE,2026-09-22T09:04:40.245+00:00,CRZY,BUY,25000,10.15264,10.18,True,1816,1041.105799999059,1075.4248000012012,34.27319999784231,0.0,25000,10.15264,,0.0,-0.0,TRANSACTED,"{""action"":""BUY"",""order_id"":1816,""period"":1,""price"":null,""quantity"":25000.0,""quantity_filled"":25000.0,""status"":""TRANSACTED"",""tick"":260,""ticker"":""CRZY"",""trader_id"":""Adderall.exe"",""type"":""MARKET"",""vwap"":10.15264}","{""action"":""BUY"",""order_id"":1816,""period"":1,""price"":null,""quantity"":25000.0,""quantity_filled"":25000.0,""status"":""TRANSACTED"",""tick"":260,""ticker"":""CRZY"",""trader_id"":""Adderall.exe"",""type"":""MARKET"",""vwap"":10.15264}",
20260922T083139Z-5ce33c46,20260922T083139Z-5ce33c46-H0006,3372,20260922T083139Z-5ce33c46-20260922T083139Z-5ce33c46-H0006-T3372-2c9894,2,PIPELINE,2026-09-22T09:04:40.279+00:00,CRZY,BUY,25000,10.23232,10.26,True,1817,1075.51180000155,1110.0963999997475,34.55400000140071,0.0,25000,10.23232,,0.0,-0.0,TRANSACTED,"{""action"":""BUY"",""order_id"":1817,""period"":1,""price"":null,""quantity"":25000.0,""quantity_filled"":25000.0,""status"":""TRANSACTED"",""tick"":260,""ticker"":""CRZY"",""trader_id"":""Adderall.exe"",""type"":""MARKET"",""vwap"":10.23232}","{""action"":""BUY"",""order_id"":1817,""period"":1,""price"":null,""quantity"":25000.0,""quantity_filled"":25000.0,""status"":""TRANSACTED"",""tick"":260,""ticker"":""CRZY"",""trader_id"":""Adderall.exe"",""type"":""MARKET"",""vwap"":10.23232}",
20260922T083139Z-5ce33c46,20260922T083139Z-5ce33c46-H0006,3372,20260922T083139Z-5ce33c46-20260922T083139Z-5ce33c46-H0006-T3372-2c9894,3,PIPELINE,2026-09-22T09:04:40.313+00:00,CRZY,BUY,21000,10.389238095238095,10.42,True,1818,1110.141900000599,1142.6620000020193,32.48660000041127,0.0,21000,10.389238095238095,,0.0,-0.0,TRANSACTED,"{""action"":""BUY"",""order_id"":1818,""period"":1,""price"":null,""quantity"":21000.0,""quantity_filled"":21000.0,""status"":""TRANSACTED"",""tick"":260,""ticker"":""CRZY"",""trader_id"":""Adderall.exe"",""type"":""MARKET"",""vwap"":10.389238095238095}","{""action"":""BUY"",""order_id"":1818,""period"":1,""price"":null,""quantity"":21000.0,""quantity_filled"":21000.0,""status"":""TRANSACTED"",""tick"":260,""ticker"":""CRZY"",""trader_id"":""Adderall.exe"",""type"":""MARKET"",""vwap"":10.389238095238095}",
20260922T083139Z-5ce33c46,20260922T083139Z-5ce33c46-H0007,172,20260922T083139Z-5ce33c46-20260922T083139Z-5ce33c46-H0007-T172-95bf1b,1,PIPELINE,2026-09-22T09:06:50.293+00:00,TAME,SELL,10000,25.1026,25.08,True,187,1016.52280000053,1068.5035000024072,51.938400000333786,0.0,10000,25.1026,,0.0,-0.0,TRANSACTED,"{""action"":""SELL"",""order_id"":187,""period"":1,""price"":null,""quantity"":10000.0,""quantity_filled"":10000.0,""status"":""TRANSACTED"",""tick"":29,""ticker"":""TAME"",""trader_id"":""Adderall.exe"",""type"":""MARKET"",""vwap"":25.1026}","{""action"":""SELL"",""order_id"":187,""period"":1,""price"":null,""quantity"":10000.0,""quantity_filled"":10000.0,""status"":""TRANSACTED"",""tick"":29,""ticker"":""TAME"",""trader_id"":""Adderall.exe"",""type"":""MARKET"",""vwap"":25.1026}",
20260922T083139Z-5ce33c46,20260922T083139Z-5ce33c46-H0007,172,20260922T083139Z-5ce33c46-20260922T083139Z-5ce33c46-H0007-T172-95bf1b,2,PIPELINE,2026-09-22T09:06:50.330+00:00,TAME,SELL,10000,25.0744,25.06,True,188,1068.5929999999644,1105.4011000014725,36.75019999966025,0.0,10000,25.0744,,0.0,-0.0,TRANSACTED,"{""action"":""SELL"",""order_id"":188,""period"":1,""price"":null,""quantity"":10000.0,""quantity_filled"":10000.0,""status"":""TRANSACTED"",""tick"":29,""ticker"":""TAME"",""trader_id"":""Adderall.exe"",""type"":""MARKET"",""vwap"":25.0744}","{""action"":""SELL"",""order_id"":188,""period"":1,""price"":null,""quantity"":10000.0,""quantity_filled"":10000.0,""status"":""TRANSACTED"",""tick"":29,""ticker"":""TAME"",""trader_id"":""Adderall.exe"",""type"":""MARKET"",""vwap"":25.0744}",
20260922T083139Z-5ce33c46,20260922T083139Z-5ce33c46-H0007,172,20260922T083139Z-5ce33c46-20260922T083139Z-5ce33c46-H0007-T172-95bf1b,3,PIPELINE,2026-09-22T09:06:50.365+00:00,TAME,SELL,10000,25.0594,25.05,True,190,1105.4991000019072,1141.0804000006465,35.55220000073314,0.0,10000,25.0594,,0.0,-0.0,TRANSACTED,"{""action"":""SELL"",""order_id"":190,""period"":1,""price"":null,""quantity"":10000.0,""quantity_filled"":10000.0,""status"":""TRANSACTED"",""tick"":29,""ticker"":""TAME"",""trader_id"":""Adderall.exe"",""type"":""MARKET"",""vwap"":25.0594}","{""action"":""SELL"",""order_id"":190,""period"":1,""price"":null,""quantity"":10000.0,""quantity_filled"":10000.0,""status"":""TRANSACTED"",""tick"":29,""ticker"":""TAME"",""trader_id"":""Adderall.exe"",""type"":""MARKET"",""vwap"":25.0594}",
20260922T083139Z-5ce33c46,20260922T083139Z-5ce33c46-H0007,172,20260922T083139Z-5ce33c46-20260922T083139Z-5ce33c46-H0007-T172-95bf1b,4,PIPELINE,2026-09-22T09:06:50.399+00:00,TAME,SELL,10000,25.0395,25.03,True,191,1141.1255000020901,1174.1800000017975,33.02819999679923,0.0,10000,25.0395,,0.0,-0.0,TRANSACTED,"{""action"":""SELL"",""order_id"":191,""period"":1,""price"":null,""quantity"":10000.0,""quantity_filled"":10000.0,""status"":""TRANSACTED"",""tick"":29,""ticker"":""TAME"",""trader_id"":""Adderall.exe"",""type"":""MARKET"",""vwap"":25.0395}","{""action"":""SELL"",""order_id"":191,""period"":1,""price"":null,""quantity"":10000.0,""quantity_filled"":10000.0,""status"":""TRANSACTED"",""tick"":29,""ticker"":""TAME"",""trader_id"":""Adderall.exe"",""type"":""MARKET"",""vwap"":25.0395}",
20260922T083139Z-5ce33c46,20260922T083139Z-5ce33c46-H0007,172,20260922T083139Z-5ce33c46-20260922T083139Z-5ce33c46-H0007-T172-95bf1b,5,PIPELINE,2026-09-22T09:06:50.431+00:00,TAME,SELL,10000,25.0281,25.02,True,192,1174.2348000007041,1206.589500001428,32.31719999760389,0.0,10000,25.0281,,0.0,-0.0,TRANSACTED,"{""action"":""SELL"",""order_id"":192,""period"":1,""price"":null,""quantity"":10000.0,""quantity_filled"":10000.0,""status"":""TRANSACTED"",""tick"":29,""ticker"":""TAME"",""trader_id"":""Adderall.exe"",""type"":""MARKET"",""vwap"":25.0281}","{""action"":""SELL"",""order_id"":192,""period"":1,""price"":null,""quantity"":10000.0,""quantity_filled"":10000.0,""status"":""TRANSACTED"",""tick"":29,""ticker"":""TAME"",""trader_id"":""Adderall.exe"",""type"":""MARKET"",""vwap"":25.0281}",
20260922T083139Z-5ce33c46,20260922T083139Z-5ce33c46-H0007,172,20260922T083139Z-5ce33c46-20260922T083139Z-5ce33c46-H0007-T172-95bf1b,6,PIPELINE,2026-09-22T09:06:50.463+00:00,TAME,SELL,10000,25.0132,25.0,True,193,1206.6698000016913,1238.5043000031146,31.788700003176928,0.0,10000,25.0132,,0.0,-0.0,TRANSACTED,"{""action"":""SELL"",""order_id"":193,""period"":1,""price"":null,""quantity"":10000.0,""quantity_filled"":10000.0,""status"":""TRANSACTED"",""tick"":29,""ticker"":""TAME"",""trader_id"":""Adderall.exe"",""type"":""MARKET"",""vwap"":25.0132}","{""action"":""SELL"",""order_id"":193,""period"":1,""price"":null,""quantity"":10000.0,""quantity_filled"":10000.0,""status"":""TRANSACTED"",""tick"":29,""ticker"":""TAME"",""trader_id"":""Adderall.exe"",""type"":""MARKET"",""vwap"":25.0132}",
20260922T083139Z-5ce33c46,20260922T083139Z-5ce33c46-H0007,172,20260922T083139Z-5ce33c46-20260922T083139Z-5ce33c46-H0007-T172-95bf1b,7,PIPELINE,2026-09-22T09:06:50.497+00:00,TAME,SELL,10000,24.9805,24.97,True,194,1238.5979999999108,1273.028499999782,34.38960000127554,0.0,10000,24.9805,,0.0,-0.0,TRANSACTED,"{""action"":""SELL"",""order_id"":194,""period"":1,""price"":null,""quantity"":10000.0,""quantity_filled"":10000.0,""status"":""TRANSACTED"",""tick"":29,""ticker"":""TAME"",""trader_id"":""Adderall.exe"",""type"":""MARKET"",""vwap"":24.9805}","{""action"":""SELL"",""order_id"":194,""period"":1,""price"":null,""quantity"":10000.0,""quantity_filled"":10000.0,""status"":""TRANSACTED"",""tick"":29,""ticker"":""TAME"",""trader_id"":""Adderall.exe"",""type"":""MARKET"",""vwap"":24.9805}",
20260922T083139Z-5ce33c46,20260922T083139Z-5ce33c46-H0007,172,20260922T083139Z-5ce33c46-20260922T083139Z-5ce33c46-H0007-T172-95bf1b,8,PIPELINE,2026-09-22T09:06:50.538+00:00,TAME,SELL,3000,24.97,24.97,True,195,1273.1008000009751,1312.8010000000359,39.66950000077486,0.0,3000,24.97,,0.0,-0.0,TRANSACTED,"{""action"":""SELL"",""order_id"":195,""period"":1,""price"":null,""quantity"":3000.0,""quantity_filled"":3000.0,""status"":""TRANSACTED"",""tick"":29,""ticker"":""TAME"",""trader_id"":""Adderall.exe"",""type"":""MARKET"",""vwap"":24.97}","{""action"":""SELL"",""order_id"":195,""period"":1,""price"":null,""quantity"":3000.0,""quantity_filled"":3000.0,""status"":""TRANSACTED"",""tick"":29,""ticker"":""TAME"",""trader_id"":""Adderall.exe"",""type"":""MARKET"",""vwap"":24.97}",
20260922T083139Z-5ce33c46,20260922T083139Z-5ce33c46-H0007,972,20260922T083139Z-5ce33c46-20260922T083139Z-5ce33c46-H0007-T972-fb6529,1,PIPELINE,2026-09-22T09:07:51.637+00:00,CRZY,BUY,25000,10.04684,10.07,True,628,1000.3070999991905,1037.8839999975753,37.549299996346235,0.0,25000,10.04684,,0.0,-0.0,TRANSACTED,"{""action"":""BUY"",""order_id"":628,""period"":1,""price"":null,""quantity"":25000.0,""quantity_filled"":25000.0,""status"":""TRANSACTED"",""tick"":90,""ticker"":""CRZY"",""trader_id"":""Adderall.exe"",""type"":""MARKET"",""vwap"":10.04684}","{""action"":""BUY"",""order_id"":628,""period"":1,""price"":null,""quantity"":25000.0,""quantity_filled"":25000.0,""status"":""TRANSACTED"",""tick"":90,""ticker"":""CRZY"",""trader_id"":""Adderall.exe"",""type"":""MARKET"",""vwap"":10.04684}",
20260922T083139Z-5ce33c46,20260922T083139Z-5ce33c46-H0007,972,20260922T083139Z-5ce33c46-20260922T083139Z-5ce33c46-H0007-T972-fb6529,2,PIPELINE,2026-09-22T09:07:51.670+00:00,CRZY,BUY,25000,10.10992,10.14,True,629,1037.931999999273,1071.2336999968102,33.268300000578165,0.0,25000,10.10992,,0.0,-0.0,TRANSACTED,"{""action"":""BUY"",""order_id"":629,""period"":1,""price"":null,""quantity"":25000.0,""quantity_filled"":25000.0,""status"":""TRANSACTED"",""tick"":90,""ticker"":""CRZY"",""trader_id"":""Adderall.exe"",""type"":""MARKET"",""vwap"":10.10992}","{""action"":""BUY"",""order_id"":629,""period"":1,""price"":null,""quantity"":25000.0,""quantity_filled"":25000.0,""status"":""TRANSACTED"",""tick"":90,""ticker"":""CRZY"",""trader_id"":""Adderall.exe"",""type"":""MARKET"",""vwap"":10.10992}",
20260922T083139Z-5ce33c46,20260922T083139Z-5ce33c46-H0007,972,20260922T083139Z-5ce33c46-20260922T083139Z-5ce33c46-H0007-T972-fb6529,3,PIPELINE,2026-09-22T09:07:51.703+00:00,CRZY,BUY,16000,10.159375,10.16,True,630,1071.3070999991032,1103.5000999982003,32.163600001484156,0.0,16000,10.159375,,0.0,-0.0,TRANSACTED,"{""action"":""BUY"",""order_id"":630,""period"":1,""price"":null,""quantity"":16000.0,""quantity_filled"":16000.0,""status"":""TRANSACTED"",""tick"":90,""ticker"":""CRZY"",""trader_id"":""Adderall.exe"",""type"":""MARKET"",""vwap"":10.159375}","{""action"":""BUY"",""order_id"":630,""period"":1,""price"":null,""quantity"":16000.0,""quantity_filled"":16000.0,""status"":""TRANSACTED"",""tick"":90,""ticker"":""CRZY"",""trader_id"":""Adderall.exe"",""type"":""MARKET"",""vwap"":10.159375}",
20260922T083139Z-5ce33c46,20260922T083139Z-5ce33c46-H0007,2572,20260922T083139Z-5ce33c46-20260922T083139Z-5ce33c46-H0007-T2572-8ba2cc,1,PIPELINE,2026-09-22T09:09:39.232+00:00,TAME,BUY,10000,25.64,25.64,True,1403,1005.7032000004256,1055.777900000976,50.04769999533892,0.0,10000,25.64,,0.0,-0.0,TRANSACTED,"{""action"":""BUY"",""order_id"":1403,""period"":1,""price"":null,""quantity"":10000.0,""quantity_filled"":10000.0,""status"":""TRANSACTED"",""tick"":197,""ticker"":""TAME"",""trader_id"":""Adderall.exe"",""type"":""MARKET"",""vwap"":25.64}","{""action"":""BUY"",""order_id"":1403,""period"":1,""price"":null,""quantity"":10000.0,""quantity_filled"":10000.0,""status"":""TRANSACTED"",""tick"":197,""ticker"":""TAME"",""trader_id"":""Adderall.exe"",""type"":""MARKET"",""vwap"":25.64}",
20260922T083139Z-5ce33c46,20260922T083139Z-5ce33c46-H0007,2572,20260922T083139Z-5ce33c46-20260922T083139Z-5ce33c46-H0007-T2572-8ba2cc,2,PIPELINE,2026-09-22T09:09:39.267+00:00,TAME,BUY,10000,25.6493,25.66,True,1404,1055.8282000019972,1090.468200000032,34.599899996072054,0.0,10000,25.6493,,0.0,-0.0,TRANSACTED,"{""action"":""BUY"",""order_id"":1404,""period"":1,""price"":null,""quantity"":10000.0,""quantity_filled"":10000.0,""status"":""TRANSACTED"",""tick"":197,""ticker"":""TAME"",""trader_id"":""Adderall.exe"",""type"":""MARKET"",""vwap"":25.6493}","{""action"":""BUY"",""order_id"":1404,""period"":1,""price"":null,""quantity"":10000.0,""quantity_filled"":10000.0,""status"":""TRANSACTED"",""tick"":197,""ticker"":""TAME"",""trader_id"":""Adderall.exe"",""type"":""MARKET"",""vwap"":25.6493}",
20260922T083139Z-5ce33c46,20260922T083139Z-5ce33c46-H0007,2572,20260922T083139Z-5ce33c46-20260922T083139Z-5ce33c46-H0007-T2572-8ba2cc,3,PIPELINE,2026-09-22T09:09:39.297+00:00,TAME,BUY,10000,25.6676,25.67,True,1405,1090.560100001312,1122.515700000804,31.91280000284314,0.0,10000,25.6676,,0.0,-0.0,TRANSACTED,"{""action"":""BUY"",""order_id"":1405,""period"":1,""price"":null,""quantity"":10000.0,""quantity_filled"":10000.0,""status"":""TRANSACTED"",""tick"":197,""ticker"":""TAME"",""trader_id"":""Adderall.exe"",""type"":""MARKET"",""vwap"":25.6676}","{""action"":""BUY"",""order_id"":1405,""period"":1,""price"":null,""quantity"":10000.0,""quantity_filled"":10000.0,""status"":""TRANSACTED"",""tick"":197,""ticker"":""TAME"",""trader_id"":""Adderall.exe"",""type"":""MARKET"",""vwap"":25.6676}",
20260922T083139Z-5ce33c46,20260922T083139Z-5ce33c46-H0007,2572,20260922T083139Z-5ce33c46-20260922T083139Z-5ce33c46-H0007-T2572-8ba2cc,4,PIPELINE,2026-09-22T09:09:39.338+00:00,TAME,BUY,10000,25.6737,25.68,True,1406,1122.6784999998927,1164.5009000021673,41.759799998253584,0.0,10000,25.6737,,0.0,-0.0,TRANSACTED,"{""action"":""BUY"",""order_id"":1406,""period"":1,""price"":null,""quantity"":10000.0,""quantity_filled"":10000.0,""status"":""TRANSACTED"",""tick"":197,""ticker"":""TAME"",""trader_id"":""Adderall.exe"",""type"":""MARKET"",""vwap"":25.6737}","{""action"":""BUY"",""order_id"":1406,""period"":1,""price"":null,""quantity"":10000.0,""quantity_filled"":10000.0,""status"":""TRANSACTED"",""tick"":197,""ticker"":""TAME"",""trader_id"":""Adderall.exe"",""type"":""MARKET"",""vwap"":25.6737}",
20260922T083139Z-5ce33c46,20260922T083139Z-5ce33c46-H0007,2572,20260922T083139Z-5ce33c46-20260922T083139Z-5ce33c46-H0007-T2572-8ba2cc,5,PIPELINE,2026-09-22T09:09:39.375+00:00,TAME,BUY,10000,25.68,25.68,True,1407,1164.5626000026823,1198.4690000026603,33.871899999678135,0.0,10000,25.68,,0.0,-0.0,TRANSACTED,"{""action"":""BUY"",""order_id"":1407,""period"":1,""price"":null,""quantity"":10000.0,""quantity_filled"":10000.0,""status"":""TRANSACTED"",""tick"":197,""ticker"":""TAME"",""trader_id"":""Adderall.exe"",""type"":""MARKET"",""vwap"":25.68}","{""action"":""BUY"",""order_id"":1407,""period"":1,""price"":null,""quantity"":10000.0,""quantity_filled"":10000.0,""status"":""TRANSACTED"",""tick"":197,""ticker"":""TAME"",""trader_id"":""Adderall.exe"",""type"":""MARKET"",""vwap"":25.68}",
20260922T083139Z-5ce33c46,20260922T083139Z-5ce33c46-H0007,2572,20260922T083139Z-5ce33c46-20260922T083139Z-5ce33c46-H0007-T2572-8ba2cc,6,PIPELINE,2026-09-22T09:09:39.407+00:00,TAME,BUY,10000,25.6918,25.7,True,1408,1198.5398000033456,1236.6463000034855,38.070700000971556,0.0,10000,25.6918,,0.0,-0.0,TRANSACTED,"{""action"":""BUY"",""order_id"":1408,""period"":1,""price"":null,""quantity"":10000.0,""quantity_filled"":10000.0,""status"":""TRANSACTED"",""tick"":197,""ticker"":""TAME"",""trader_id"":""Adderall.exe"",""type"":""MARKET"",""vwap"":25.6918}","{""action"":""BUY"",""order_id"":1408,""period"":1,""price"":null,""quantity"":10000.0,""quantity_filled"":10000.0,""status"":""TRANSACTED"",""tick"":197,""ticker"":""TAME"",""trader_id"":""Adderall.exe"",""type"":""MARKET"",""vwap"":25.6918}",
20260922T083139Z-5ce33c46,20260922T083139Z-5ce33c46-H0007,2572,20260922T083139Z-5ce33c46-20260922T083139Z-5ce33c46-H0007-T2572-8ba2cc,7,PIPELINE,2026-09-22T09:09:39.448+00:00,TAME,BUY,7000,25.70657142857143,25.71,True,1409,1236.7067000013776,1273.526100001618,36.786899998784065,0.0,7000,25.70657142857143,,0.0,-0.0,TRANSACTED,"{""action"":""BUY"",""order_id"":1409,""period"":1,""price"":null,""quantity"":7000.0,""quantity_filled"":7000.0,""status"":""TRANSACTED"",""tick"":197,""ticker"":""TAME"",""trader_id"":""Adderall.exe"",""type"":""MARKET"",""vwap"":25.70657142857143}","{""action"":""BUY"",""order_id"":1409,""period"":1,""price"":null,""quantity"":7000.0,""quantity_filled"":7000.0,""status"":""TRANSACTED"",""tick"":197,""ticker"":""TAME"",""trader_id"":""Adderall.exe"",""type"":""MARKET"",""vwap"":25.70657142857143}",
