run_id,heat_id,observed_at_utc,tick,expires,period,tender_id,ticker,action,quantity,tender_price,top_bid,top_ask,midpoint,spread,unwind_side,unwind_vwap,worst_price,visible_qty,fully_covered,raw_edge_per_share,fee_adjusted_edge_per_share,decision_edge_per_share,immediate_profit_after_fees,scored_profit,vwap_25,vwap_50,vwap_75,vwap_100,imbalance_top5,imbalance_top10,imbalance_full,breakeven_visible_qty,buffered_visible_qty,threshold_visible_qty,projected_net,projected_gross,decision,reason,live_mode
20260921T221855Z-a2c94f66,20260921T221855Z-a2c94f66-H0001,2026-09-21T22:18:55.348+00:00,265,286,1,3372,TAME,SELL,71000,25.29,25.16,25.18,25.17,0.019999999999999574,BUY,25.22430985915493,25.32,71000,True,0.06569014084507074,0.04569014084507074,0.01569014084507074,3244.0000000000227,1114.0000000000225,25.18723943661972,25.195830985915492,25.208591549295775,25.22430985915493,-0.195822454308094,-0.09048723897911833,-0.05717367853290183,66900,51800,37900,-71000,71000,DECLINE,"decision edge $0.0157/sh, scored $1,114",False
20260921T221855Z-a2c94f66,20260921T221855Z-a2c94f66-H0002,2026-09-21T22:20:57.532+00:00,27,57,1,172,CRZY,SELL,67000,10.26,9.87,9.91,9.89,0.040000000000000924,BUY,9.971477611940298,10.03,67000,True,0.2885223880597021,0.2685223880597021,0.23852238805970208,17991.00000000004,15981.00000000004,9.916686567164179,9.935253731343284,9.954029850746268,9.971477611940298,0.04719101123595506,0.022604951560818085,-0.08274231678486997,91600,91600,91600,-67000,67000,ACCEPT,passes filters,False
20260921T221855Z-a2c94f66,20260921T221855Z-a2c94f66-H0002,2026-09-21T22:22:00.732+00:00,90,120,1,972,CRZY,SELL,72000,9.85,9.72,9.78,9.75,0.05999999999999872,BUY,9.856194444444444,9.93,72000,True,-0.006194444444444613,-0.026194444444444614,-0.056194444444444616,-1886.0000000000123,-4046.0000000000123,9.794,9.81075,9.833370370370371,9.856194444444444,-0.013392857142857142,0.010526315789473684,-0.3108399138549892,31400,14600,0,-72000,72000,DECLINE,"decision edge $-0.0562/sh, scored $-4,046",False
20260921T221855Z-a2c94f66,20260921T221855Z-a2c94f66-H0002,2026-09-21T22:22:47.039+00:00,136,166,1,1772,TAME,SELL,74000,26.05,25.8,25.83,25.814999999999998,0.029999999999997584,BUY,26.262540716612378,26.69,30700,False,-0.21254071661237717,-0.23254071661237716,-0.26254071661237716,-17208.01302931591,-19428.01302931591,26.086594594594594,,,,-0.045454545454545456,0.011272141706924315,0.42238946378174974,5800,5800,5800,-74000,74000,DECLINE,"visible book covers only 30,700/74,000; decision edge $-0.2625/sh, scored $-19,428",False
20260921T221855Z-a2c94f66,20260921T221855Z-a2c94f66-H0002,2026-09-21T22:23:53.283+00:00,202,232,1,2572,CRZY,SELL,70000,9.0,8.92,8.97,8.945,0.05000000000000071,BUY,8.999185714285714,9.05,70000,True,0.0008142857142861004,-0.0191857142857139,-0.0491857142857139,-1342.999999999973,-3442.999999999973,8.9812,8.986514285714286,8.991009523809524,8.999185714285714,-0.01775147928994083,0.02841429880843263,0.06600361663652803,8900,0,0,-70000,70000,DECLINE,"decision edge $-0.0492/sh, scored $-3,443",False
20260921T221855Z-a2c94f66,20260921T221855Z-a2c94f66-H0002,2026-09-21T22:24:49.543+00:00,258,288,1,3372,TAME,SELL,66000,25.06,24.8,24.81,24.805,0.00999999999999801,BUY,24.878257575757576,24.96,66000,True,0.18174242424242237,0.16174242424242238,0.13174242424242238,10674.999999999878,8694.999999999878,24.83478787878788,24.849636363636364,24.86361616161616,24.878257575757576,0.14218009478672985,0.09920182440136831,-0.0027397260273972603,91500,91500,91500,-66000,66000,ACCEPT,passes filters,False
20260921T221855Z-a2c94f66,20260921T221855Z-a2c94f66-H0003,2026-09-21T22:26:54.573+00:00,22,52,1,172,CRZY,BUY,66000,9.75,9.96,9.99,9.975000000000001,0.02999999999999936,SELL,9.939545454545454,9.89,66000,True,0.18954545454545446,0.16954545454545447,0.13954545454545447,11189.999999999995,9209.999999999995,9.958969696969698,9.954484848484848,9.949676767676769,9.939545454545454,0.03171247357293869,0.0273109243697479,0.021627188465499485,94100,94100,89500,66000,66000,ACCEPT,passes filters,False
20260921T221855Z-a2c94f66,20260921T221855Z-a2c94f66-H0003,2026-09-21T22:27:59.815+00:00,87,117,1,972,TAME,SELL,71000,24.71,24.55,24.6,24.575000000000003,0.05000000000000071,BUY,24.692774647887322,24.8,71000,True,0.017225352112678394,-0.0027746478873216067,-0.03277464788732161,-196.99999999983407,-2326.999999999834,24.6,24.622169014084506,24.66130516431925,24.692774647887322,-0.13658536585365855,-0.20843672456575682,-0.489191353082466,33400,33400,23300,-71000,71000,DECLINE,"decision edge $-0.0328/sh, scored $-2,327",False
20260921T221855Z-a2c94f66,20260921T221855Z-a2c94f66-H0003,2026-09-21T22:28:57.078+00:00,144,174,1,1772,TAME,SELL,75000,25.09,24.85,24.86,24.855,0.00999999999999801,BUY,24.93532,25.0,75000,True,0.15467999999999904,0.13467999999999905,0.10467999999999905,10100.999999999929,7850.999999999929,24.88464,24.896293333333332,24.91687111111111,24.93532,0.08151093439363817,0.0824524312896406,0.04267963263101027,88600,88600,88600,-75000,75000,ACCEPT,passes filters,False
20260921T221855Z-a2c94f66,20260921T221855Z-a2c94f66-H0003,2026-09-21T22:30:02.506+00:00,209,239,1,2572,TAME,SELL,69000,25.51,25.24,25.29,25.265,0.05000000000000071,BUY,25.383391304347825,25.59,69000,True,0.1266086956521768,0.1066086956521768,0.0766086956521768,7356.000000000199,5286.000000000199,25.316144927536232,25.335159420289855,25.354985507246376,25.383391304347825,0.07142857142857142,-0.006622516556291391,0.003246753246753247,63400,63400,59000,-69000,69000,ACCEPT,passes filters,False
20260921T221855Z-a2c94f66,20260921T221855Z-a2c94f66-H0003,2026-09-21T22:30:52.714+00:00,259,289,1,3372,CRZY,SELL,71000,9.88,9.65,9.7,9.675,0.049999999999998934,BUY,9.729014084507043,9.77,71000,True,0.15098591549295826,0.13098591549295827,0.10098591549295827,9300.000000000036,7170.000000000037,9.700366197183099,9.709070422535211,9.715915492957746,9.729014084507043,0.0995850622406639,0.05682951146560319,0.008529854490717512,98800,83300,77600,-71000,71000,ACCEPT,passes filters,False
20260921T221855Z-a2c94f66,20260921T221855Z-a2c94f66-H0004,2026-09-21T22:32:58.631+00:00,24,54,1,172,TAME,SELL,70000,25.31,25.08,25.12,25.1,0.0400000000000027,BUY,25.243985714285714,25.41,70000,True,0.06601428571428514,0.04601428571428513,0.016014285714285134,3220.9999999999595,1120.9999999999593,25.16657142857143,25.1898,25.211085714285716,25.243985714285714,-0.13317191283292978,-0.11136107986501688,0.10464396284829722,54400,49400,29300,-70000,70000,DECLINE,"decision edge $0.0160/sh, scored $1,121",False
20260921T221855Z-a2c94f66,20260921T221855Z-a2c94f66-H0004,2026-09-21T22:33:58.059+00:00,83,113,1,972,CRZY,BUY,72000,9.05,9.38,9.42,9.4,0.03999999999999915,SELL,9.340541666666667,9.19,72000,True,0.29054166666666603,0.270541666666666,0.24054166666666602,19478.999999999953,17318.999999999953,9.377055555555557,9.366222222222222,9.356518518518518,9.340541666666667,-0.0752212389380531,-0.006160164271047228,0.028513238289205704,84400,84400,79200,72000,72000,ACCEPT,passes filters,False
20260921T221855Z-a2c94f66,20260921T221855Z-a2c94f66-H0004,2026-09-21T22:35:05.328+00:00,150,180,1,1772,CRZY,BUY,67000,8.94,9.08,9.1,9.09,0.019999999999999574,SELL,8.85090625,8.29,64000,False,-0.08909374999999997,-0.10909374999999998,-0.13909374999999996,-7309.281249999998,-9319.281249999998,9.060417910447761,8.997641791044776,8.93607960199005,,0.19714964370546317,0.10607621009268794,-0.19089759797724398,20200,20200,20200,67000,67000,DECLINE,"visible book covers only 64,000/67,000; decision edge $-0.1391/sh, scored $-9,319",False
20260921T221855Z-a2c94f66,20260921T221855Z-a2c94f66-H0004,2026-09-21T22:36:04.648+00:00,208,239,1,2572,TAME,SELL,65000,25.75,25.72,25.73,25.725,0.010000000000001563,BUY,25.757184615384617,25.78,65000,True,-0.007184615384616677,-0.027184615384616678,-0.05718461538461668,-1767.0000000000841,-3717.000000000084,25.74446153846154,25.747230769230768,25.751076923076923,25.757184615384617,-0.25980392156862747,-0.111358574610245,-0.06729634002361275,4500,0,0,-65000,65000,DECLINE,"decision edge $-0.0572/sh, scored $-3,717",False
20260921T221855Z-a2c94f66,20260921T221855Z-a2c94f66-H0004,2026-09-21T22:37:05.112+00:00,269,299,1,3372,TAME,SELL,74000,25.43,25.14,25.15,25.145,0.00999999999999801,BUY,25.252581081081082,25.34,74000,True,0.17741891891891726,0.15741891891891727,0.12741891891891727,11648.999999999878,9428.999999999878,25.163027027027027,25.19827027027027,25.228846846846846,25.252581081081082,-0.10284463894967177,-0.1638418079096045,-0.06462585034013606,84600,80500,76700,-74000,74000,ACCEPT,passes filters,False
20260921T221855Z-a2c94f66,20260921T221855Z-a2c94f66-H0005,2026-09-21T22:39:00.985+00:00,24,54,1,172,CRZY,BUY,69000,10.03,10.22,10.29,10.254999999999999,0.06999999999999851,SELL,10.094159420289856,9.98,69000,True,0.06415942028985633,0.044159420289856324,0.014159420289856325,3047.0000000000864,977.0000000000864,10.196115942028985,10.17768115942029,10.131333333333334,10.094159420289856,0.06693711967545639,0.1882202304737516,0.5123076923076924,40900,40800,36300,69000,69000,DECLINE,"decision edge $0.0142/sh, scored $977",False
20260921T221855Z-a2c94f66,20260921T221855Z-a2c94f66-H0005,2026-09-21T22:39:57.364+00:00,80,110,1,972,TAME,SELL,71000,24.7,24.47,24.48,24.475,0.010000000000001563,BUY,24.649718309859153,24.74,71000,True,0.050281690140845825,0.030281690140845825,0.0002816901408458257,2150.0000000000537,20.000000000053625,24.557605633802815,24.596197183098592,24.622215962441313,24.649718309859153,0.10097719869706841,0.05521472392638037,-0.3291731669266771,48100,38500,18300,-71000,71000,DECLINE,"decision edge $0.0003/sh, scored $20",False
20260921T221855Z-a2c94f66,20260921T221855Z-a2c94f66-H0005,2026-09-21T22:41:05.645+00:00,148,178,1,1772,CRZY,BUY,73000,10.96,11.16,11.24,11.2,0.08000000000000007,SELL,11.065342465753425,10.95,73000,True,0.10534246575342365,0.08534246575342365,0.05534246575342365,6229.999999999926,4039.9999999999263,11.139095890410958,11.112767123287671,11.088739726027397,11.065342465753425,0.05128205128205128,0.07635467980295567,0.27287066246056785,70900,61100,51600,73000,73000,ACCEPT,passes filters,False
20260921T221855Z-a2c94f66,20260921T221855Z-a2c94f66-H0005,2026-09-21T22:41:52.891+00:00,195,225,1,2572,TAME,BUY,72000,24.97,24.99,25.01,25.0,0.020000000000003126,SELL,24.955458333333333,24.92,72000,True,-0.01454166666666623,-0.034541666666666235,-0.06454166666666623,-2486.999999999969,-4646.999999999969,24.986055555555556,24.97513888888889,24.965203703703704,24.955458333333333,0.13366336633663367,0.0077348066298342545,-0.015583019881783988,10900,0,0,72000,72000,DECLINE,"decision edge $-0.0645/sh, scored $-4,647",False
20260921T221855Z-a2c94f66,20260921T221855Z-a2c94f66-H0005,2026-09-21T22:42:53.159+00:00,255,285,1,3372,TAME,BUY,73000,24.5,24.77,24.81,24.79,0.03999999999999915,SELL,24.737178082191782,24.71,73000,True,0.23717808219178238,0.2171780821917824,0.1871780821917824,15854.000000000115,13664.000000000115,24.766191780821917,24.755369863013698,24.745333333333335,24.737178082191782,-0.013282732447817837,0.017928286852589643,0.02774922918807811,100000,100000,100000,73000,73000,ACCEPT,passes filters,False
20260921T221855Z-a2c94f66,20260921T221855Z-a2c94f66-H0006,2026-09-21T22:45:06.184+00:00,27,57,1,172,CRZY,SELL,71000,10.33,10.11,10.12,10.114999999999998,0.009999999999999787,BUY,10.264830985915493,10.63,71000,True,0.06516901408450693,0.04516901408450692,0.015169014084506924,3206.9999999999914,1076.9999999999916,10.135070422535211,10.150760563380281,10.187840375586854,10.264830985915493,0.01182033096926714,-0.009988901220865706,0.09571344685848503,54500,45500,45500,-71000,71000,DECLINE,"decision edge $0.0152/sh, scored $1,077",False
20260921T221855Z-a2c94f66,20260921T221855Z-a2c94f66-H0006,2026-09-21T22:45:59.456+00:00,80,110,1,972,TAME,BUY,74000,25.0,25.25,25.26,25.255000000000003,0.010000000000001563,SELL,25.17362162162162,25.12,74000,True,0.17362162162162065,0.15362162162162066,0.12362162162162066,11367.999999999929,9147.999999999929,25.206054054054054,25.19662162162162,25.18745945945946,25.17362162162162,-0.013513513513513514,0.017875920084121977,0.23529411764705882,98700,98700,98700,74000,74000,ACCEPT,passes filters,False
20260921T221855Z-a2c94f66,20260921T221855Z-a2c94f66-H0006,2026-09-21T22:47:02.668+00:00,143,173,1,1772,TAME,BUY,72000,26.06,26.32,26.36,26.34,0.03999999999999915,SELL,26.17176388888889,25.87,72000,True,0.11176388888889122,0.09176388888889121,0.061763888888891214,6607.000000000167,4447.000000000167,26.3105,26.28713888888889,26.2345,26.17176388888889,0.12471655328798185,0.020316027088036117,-0.002785515320334262,59000,49000,45200,72000,72000,ACCEPT,passes filters,False
20260921T221855Z-a2c94f66,20260921T221855Z-a2c94f66-H0006,2026-09-21T22:47:57.081+00:00,197,227,1,2572,TAME,BUY,65000,27.1,27.27,27.28,27.275,0.010000000000001563,SELL,27.194215384615383,27.09,65000,True,0.09421538461538148,0.07421538461538148,0.04421538461538148,4823.999999999796,2873.9999999997963,27.260953846153846,27.245507692307694,27.219723076923078,27.194215384615383,0.1111111111111111,0.2422192151556157,0.5176571920757967,58800,45900,41500,65000,65000,ACCEPT,passes filters,False
20260921T221855Z-a2c94f66,20260921T221855Z-a2c94f66-H0006,2026-09-21T22:48:57.243+00:00,257,287,1,3372,CRZY,BUY,67000,10.31,10.35,10.41,10.379999999999999,0.0600000000000005,SELL,10.288358208955223,10.24,67000,True,-0.021641791044777037,-0.04164179104477704,-0.07164179104477704,-2790.000000000062,-4800.000000000062,10.331104477611941,10.315641791044776,10.301970149253732,10.288358208955223,0.16795865633074936,0.08551881413911061,0.05021834061135371,6200,0,0,67000,67000,DECLINE,"decision edge $-0.0716/sh, scored $-4,800",False
20260921T221855Z-a2c94f66,20260921T221855Z-a2c94f66-H0007,2026-09-21T22:51:04.732+00:00,22,52,1,172,CRZY,BUY,70000,9.74,9.92,9.95,9.934999999999999,0.02999999999999936,SELL,9.878328571428572,9.78,70000,True,0.13832857142857158,0.11832857142857157,0.08832857142857158,8283.000000000011,6183.00000000001,9.92,9.910685714285714,9.901257142857142,9.878328571428572,0.14558472553699284,0.10886644219977554,0.054583995760466346,73800,67800,58800,70000,70000,ACCEPT,passes filters,False
20260921T221855Z-a2c94f66,20260921T221855Z-a2c94f66-H0007,2026-09-21T22:52:05.954+00:00,83,113,1,972,TAME,SELL,70000,25.39,25.2,25.23,25.215,0.030000000000001137,BUY,25.254314285714287,25.29,70000,True,0.13568571428571374,0.11568571428571374,0.08568571428571374,8097.999999999962,5997.999999999962,25.232742857142856,25.24022857142857,25.247009523809524,25.254314285714287,-0.03614457831325301,0.017467248908296942,-0.002127659574468085,84700,79900,79900,-70000,70000,ACCEPT,passes filters,False
20260921T221855Z-a2c94f66,20260921T221855Z-a2c94f66-H0007,2026-09-21T22:52:58.291+00:00,135,165,1,1772,CRZY,SELL,74000,10.34,10.11,10.15,10.129999999999999,0.040000000000000924,BUY,10.234905405405405,10.4,74000,True,0.10509459459459514,0.08509459459459513,0.055094594594595134,6297.00000000004,4077.00000000004,10.181405405405405,10.203567567567568,10.21972972972973,10.234905405405405,0.035555555555555556,0.026399155227032733,-0.014232999472851872,73200,73200,57400,-74000,74000,ACCEPT,passes filters,False
20260921T221855Z-a2c94f66,20260921T221855Z-a2c94f66-H0007,2026-09-21T22:54:13.618+00:00,210,240,1,2572,TAME,SELL,66000,26.89,26.67,26.71,26.69,0.03999999999999915,BUY,26.91277258566978,27.19,32100,False,-0.02277258566978091,-0.04277258566978091,-0.07277258566978091,-2822.99065420554,-4802.9906542055405,26.774727272727272,,,,-0.06930693069306931,0.10084033613445378,0.4484536082474227,17000,13300,13300,-66000,66000,DECLINE,"visible book covers only 32,100/66,000; decision edge $-0.0728/sh, scored $-4,803",False
20260921T221855Z-a2c94f66,20260921T221855Z-a2c94f66-H0007,2026-09-21T22:55:02.885+00:00,259,289,1,3372,CRZY,SELL,74000,10.07,9.91,9.97,9.940000000000001,0.0600000000000005,BUY,10.022959459459459,10.05,74000,True,0.04704054054054119,0.027040540540541187,-0.0029594594594588124,2001.0000000000477,-218.9999999999521,9.991405405405406,10.005702702702703,10.01572972972973,10.022959459459459,-0.08780487804878048,-0.07305389221556886,-0.030236393622869707,93700,33200,11300,-74000,74000,DECLINE,"decision edge $-0.0030/sh, scored $-219",False
20260921T221855Z-a2c94f66,20260921T221855Z-a2c94f66-H0008,2026-09-21T22:57:04.701+00:00,20,50,1,172,TAME,BUY,66000,24.68,24.96,24.97,24.965,0.00999999999999801,SELL,24.913651515151514,24.85,66000,True,0.2336515151515144,0.2136515151515144,0.1836515151515144,14100.99999999995,12120.99999999995,24.94830303030303,24.938757575757577,24.928,24.913651515151514,0.1793478260869565,0.10604332953249715,0.09100998890122086,82500,82500,77200,66000,66000,ACCEPT,passes filters,False
20260921T221855Z-a2c94f66,20260921T221855Z-a2c94f66-H0008,2026-09-21T22:58:01.990+00:00,77,107,1,972,CRZY,SELL,66000,10.39,10.18,10.26,10.219999999999999,0.08000000000000007,BUY,10.473680154142581,11.28,51900,False,-0.08368015414258068,-0.10368015414258068,-0.13368015414258066,-6842.890173410325,-8822.890173410324,10.293757575757576,10.35809090909091,10.434585858585859,,-0.17468354430379746,-0.067853170189099,0.2537742631200575,17600,17600,12400,-66000,66000,DECLINE,"visible book covers only 51,900/66,000; decision edge $-0.1337/sh, scored $-8,823",False
20260921T221855Z-a2c94f66,20260921T221855Z-a2c94f66-H0008,2026-09-21T22:59:02.469+00:00,137,167,1,1772,CRZY,SELL,72000,10.22,10.07,10.11,10.09,0.03999999999999915,BUY,10.177347222222222,10.26,72000,True,0.04265277777777854,0.02265277777777854,-0.0073472222222214605,1631.0000000000548,-528.9999999999452,10.124,10.143138888888888,10.156629629629629,10.177347222222222,-0.05813953488372093,-0.0407911001236094,0.033966609096142776,58300,31700,17700,-72000,72000,DECLINE,"decision edge $-0.0073/sh, scored $-529",False
20260921T221855Z-a2c94f66,20260921T221855Z-a2c94f66-H0008,2026-09-21T23:00:12.725+00:00,207,237,1,2572,CRZY,SELL,72000,10.46,10.22,10.25,10.235,0.02999999999999936,BUY,10.273597222222222,10.33,72000,True,0.18640277777777925,0.16640277777777926,0.13640277777777926,11981.000000000107,9821.000000000107,10.251277777777778,10.255972222222223,10.262018518518518,10.273597222222222,0.05752212389380531,0.02197802197802198,-0.04419889502762431,94500,94500,84800,-72000,72000,ACCEPT,passes filters,False
20260921T221855Z-a2c94f66,20260921T221855Z-a2c94f66-H0008,2026-09-21T23:01:08.108+00:00,262,292,1,3372,TAME,BUY,75000,22.58,22.81,22.82,22.814999999999998,0.010000000000001563,SELL,22.683893333333334,22.63,75000,True,0.10389333333333539,0.08389333333333539,0.05389333333333539,6292.000000000154,4042.000000000154,22.7648,22.722373333333334,22.699644444444445,22.683893333333334,-0.06199460916442048,-0.05263157894736842,-0.01954732510288066,95300,95300,46900,75000,75000,ACCEPT,passes filters,False
20260921T221855Z-a2c94f66,20260921T221855Z-a2c94f66-H0009,2026-09-21T23:03:10.044+00:00,23,53,1,172,TAME,SELL,71000,25.19,24.91,24.92,24.915,0.010000000000001563,BUY,24.99849295774648,25.03,71000,True,0.191507042253523,0.171507042253523,0.141507042253523,12177.000000000133,10047.000000000133,24.954169014084506,24.9783661971831,24.98923943661972,24.99849295774648,0.23006833712984054,0.12376779846659365,-0.0510688836104513,88500,88500,88500,-71000,71000,ACCEPT,passes filters,False
20260921T221855Z-a2c94f66,20260921T221855Z-a2c94f66-H0009,2026-09-21T23:04:11.216+00:00,83,114,1,972,CRZY,BUY,66000,10.22,10.43,10.47,10.45,0.040000000000000924,SELL,10.328636363636363,10.17,66000,True,0.10863636363636253,0.08863636363636253,0.05863636363636253,5849.999999999927,3869.999999999927,10.402484848484848,10.38839393939394,10.36139393939394,10.328636363636363,-0.20393120393120392,0.010282776349614395,0.334485738980121,58300,58300,43600,66000,66000,ACCEPT,passes filters,False
20260921T221855Z-a2c94f66,20260921T221855Z-a2c94f66-H0009,2026-09-21T23:05:02.566+00:00,134,165,1,1772,TAME,SELL,66000,24.59,24.4,24.44,24.42,0.0400000000000027,BUY,24.474833333333333,24.52,66000,True,0.11516666666666708,0.09516666666666708,0.06516666666666708,6281.000000000027,4301.000000000027,24.443878787878788,24.451545454545453,24.461171717171716,24.474833333333333,-0.04365904365904366,-0.033846153846153845,-0.07261410788381743,93100,77600,56400,-66000,66000,ACCEPT,passes filters,False
20260921T221855Z-a2c94f66,20260921T221855Z-a2c94f66-H0009,2026-09-21T23:06:04.944+00:00,197,227,1,2572,TAME,SELL,69000,24.98,24.73,24.75,24.740000000000002,0.019999999999999574,BUY,24.820260869565217,24.91,69000,True,0.15973913043478305,0.13973913043478306,0.10973913043478306,9642.000000000031,7572.000000000031,24.758144927536232,24.774405797101448,24.79646376811594,24.820260869565217,-0.025423728813559324,0.02925243770314193,0.04249596557288865,89000,89000,63200,-69000,69000,ACCEPT,passes filters,False
20260921T221855Z-a2c94f66,20260921T221855Z-a2c94f66-H0009,2026-09-21T23:07:17.413+00:00,269,299,1,3372,TAME,SELL,69000,24.94,24.81,24.83,24.82,0.019999999999999574,BUY,24.913884057971014,24.95,69000,True,0.02611594202898715,0.006115942028987149,-0.02388405797101285,422.00000000011323,-1647.9999999998868,24.874,24.892260869565217,24.904946859903383,24.913884057971014,-0.05112474437627812,-0.00646551724137931,0.012752391073326248,30500,20700,4600,-69000,69000,DECLINE,"decision edge $-0.0239/sh, scored $-1,648",False
20260921T221855Z-a2c94f66,20260921T221855Z-a2c94f66-H0010,2026-09-21T23:09:18.348+00:00,29,59,1,172,CRZY,SELL,73000,10.04,9.83,9.86,9.844999999999999,0.02999999999999936,BUY,9.914821917808219,9.97,73000,True,0.1251780821917805,0.1051780821917805,0.0751780821917805,7677.999999999976,5487.999999999976,9.873095890410958,9.891424657534246,9.903223744292237,9.914821917808219,0.014314928425357873,-0.10723192019950124,-0.42164781906300486,82900,75700,70100,-73000,73000,ACCEPT,passes filters,False
20260921T221855Z-a2c94f66,20260921T221855Z-a2c94f66-H0010,2026-09-21T23:10:12.504+00:00,82,113,1,972,TAME,BUY,66000,24.56,24.79,24.8,24.795,0.010000000000001563,SELL,24.717084690553747,24.54,61400,False,0.15708469055374863,0.13708469055374864,0.10708469055374864,9047.58957654741,7067.589576547411,24.79,24.780363636363635,24.74890909090909,,0.022222222222222223,0.024679170779861797,-0.16914749661705006,57100,57100,46400,66000,66000,DECLINE,"visible book covers only 61,400/66,000",False
20260921T221855Z-a2c94f66,20260921T221855Z-a2c94f66-H0010,2026-09-21T23:11:10.892+00:00,141,171,1,1772,CRZY,BUY,75000,10.03,10.24,10.28,10.26,0.03999999999999915,SELL,10.135973333333334,10.07,75000,True,0.10597333333333481,0.0859733333333348,0.055973333333334804,6448.00000000011,4198.00000000011,10.21456,10.177066666666667,10.154906666666667,10.135973333333334,0.0945945945945946,-0.021372328458942633,0.21693811074918568,93400,67200,53800,75000,75000,ACCEPT,passes filters,False
20260921T221855Z-a2c94f66,20260921T221855Z-a2c94f66-H0010,2026-09-21T23:12:08.263+00:00,198,228,1,2572,TAME,BUY,73000,24.89,25.02,25.07,25.045,0.05000000000000071,SELL,24.95578082191781,24.87,73000,True,0.06578082191780865,0.04578082191780865,0.01578082191780865,3342.0000000000314,1152.0000000000314,24.999561643835616,24.988849315068492,24.975534246575343,24.95578082191781,-0.03966597077244259,0.02809573361082206,-0.012779552715654952,62000,53600,38700,73000,73000,DECLINE,"decision edge $0.0158/sh, scored $1,152",False
20260921T221855Z-a2c94f66,20260921T221855Z-a2c94f66-H0010,2026-09-21T23:13:16.684+00:00,266,296,1,3372,CRZY,BUY,71000,10.68,10.78,10.84,10.809999999999999,0.0600000000000005,SELL,10.682042253521127,10.57,71000,True,0.00204225352112708,-0.01795774647887292,-0.04795774647887292,-1274.9999999999773,-3404.9999999999777,10.764028169014084,10.73994366197183,10.713286384976525,10.682042253521127,0.03017241379310345,0.06437768240343347,0.03146067415730337,33900,18400,8300,71000,71000,DECLINE,"decision edge $-0.0480/sh, scored $-3,405",False
20260921T221855Z-a2c94f66,20260921T221855Z-a2c94f66-H0011,2026-09-21T23:15:20.583+00:00,29,59,1,172,CRZY,SELL,67000,10.22,9.99,10.01,10.0,0.019999999999999574,BUY,10.196925373134329,10.42,67000,True,0.023074626865671632,0.003074626865671632,-0.026925373134328367,205.99999999999935,-1804.0000000000007,10.072955223880596,10.11934328358209,10.155701492537313,10.196925373134329,-0.002770083102493075,-0.02708803611738149,0.014084507042253521,40100,29500,18100,-67000,67000,DECLINE,"decision edge $-0.0269/sh, scored $-1,804",False
20260921T221855Z-a2c94f66,20260921T221855Z-a2c94f66-H0011,2026-09-21T23:16:09.772+00:00,78,108,1,972,TAME,BUY,66000,24.95,25.21,25.24,25.225,0.029999999999997584,SELL,25.143409090909092,25.11,66000,True,0.19340909090909264,0.17340909090909265,0.14340909090909265,11445.000000000115,9465.000000000115,25.177212121212122,25.15951515151515,25.150141414141416,25.143409090909092,-0.002770083102493075,0.03502824858757062,-0.011738401341531582,88400,88400,88400,66000,66000,ACCEPT,passes filters,False
20260921T221855Z-a2c94f66,20260921T221855Z-a2c94f66-H0011,2026-09-21T23:17:15.030+00:00,143,173,1,1772,CRZY,BUY,68000,9.87,10.05,10.07,10.06,0.019999999999999574,SELL,10.026941176470588,10.0,68000,True,0.15694117647058903,0.13694117647058904,0.10694117647058904,9312.000000000055,7272.000000000055,10.046411764705882,10.037117647058823,10.031411764705883,10.026941176470588,-0.05239179954441914,0.12206572769953052,0.08333333333333333,97500,97500,97500,68000,68000,ACCEPT,passes filters,False
20260921T221855Z-a2c94f66,20260921T221855Z-a2c94f66-H0011,2026-09-21T23:18:20.482+00:00,208,238,1,2572,TAME,SELL,69000,25.63,25.49,25.52,25.505,0.030000000000001137,BUY,25.621144927536232,25.85,69000,True,0.008855072463767044,-0.011144927536232956,-0.04114492753623296,-769.000000000074,-2839.000000000074,25.522579710144928,25.53591304347826,25.569004830917873,25.621144927536232,-0.04964539007092199,0.014150943396226415,0.04935370152761457,40200,40200,27900,-69000,69000,DECLINE,"decision edge $-0.0411/sh, scored $-2,839",False
20260921T221855Z-a2c94f66,20260921T221855Z-a2c94f66-H0011,2026-09-21T23:19:12.740+00:00,260,290,1,3372,CRZY,BUY,75000,10.21,10.35,10.4,10.375,0.05000000000000071,SELL,10.267933333333334,10.22,75000,True,0.057933333333332726,0.03793333333333272,0.007933333333332723,2844.999999999954,594.9999999999543,10.312613333333333,10.29352,10.282675555555555,10.267933333333334,-0.042735042735042736,-0.02569593147751606,0.002875215641173088,63200,54200,19300,75000,75000,DECLINE,"decision edge $0.0079/sh, scored $595",False
20260921T221855Z-a2c94f66,20260921T221855Z-a2c94f66-H0012,2026-09-21T23:21:15.755+00:00,22,52,1,172,TAME,BUY,69000,24.77,25.01,25.03,25.020000000000003,0.019999999999999574,SELL,24.951826086956522,24.78,69000,True,0.18182608695652291,0.16182608695652292,0.13182608695652293,11166.000000000082,9096.000000000082,25.00136231884058,24.991304347826087,24.978106280193238,24.951826086956522,0.24257425742574257,0.10344827586206896,0.05268817204301075,68100,63200,63200,69000,69000,ACCEPT,passes filters,False
20260921T221855Z-a2c94f66,20260921T221855Z-a2c94f66-H0012,2026-09-21T23:22:10.984+00:00,77,107,1,972,CRZY,BUY,75000,10.4,10.44,10.48,10.46,0.040000000000000924,SELL,10.27976,10.11,75000,True,-0.12024000000000079,-0.14024000000000078,-0.17024000000000078,-10518.000000000058,-12768.000000000058,10.42176,10.38632,10.324862222222222,10.27976,0.04739336492890995,0.04245283018867924,0.02244668911335578,13400,0,0,75000,75000,DECLINE,"decision edge $-0.1702/sh, scored $-12,768",False
20260921T221855Z-a2c94f66,20260921T221855Z-a2c94f66-H0012,2026-09-21T23:23:10.391+00:00,136,166,1,1772,TAME,BUY,74000,24.58,24.76,24.77,24.765,0.00999999999999801,SELL,24.51827027027027,23.76,74000,True,-0.06172972972972701,-0.08172972972972702,-0.11172972972972701,-6047.999999999799,-8267.9999999998,24.74556756756757,24.727945945945947,24.67500900900901,24.51827027027027,0.08943089430894309,0.03741152679474216,-0.080545229244114,41900,41900,36800,74000,74000,DECLINE,"decision edge $-0.1117/sh, scored $-8,268",False
20260921T221855Z-a2c94f66,20260921T221855Z-a2c94f66-H0012,2026-09-21T23:24:17.717+00:00,203,233,1,2572,CRZY,BUY,67000,10.37,10.57,10.58,10.575,0.009999999999999787,SELL,10.493880597014925,10.41,67000,True,0.12388059701492615,0.10388059701492615,0.07388059701492615,6960.000000000052,4950.000000000052,10.538119402985075,10.529014925373135,10.513532338308458,10.493880597014925,0.13705583756345177,0.03634232121922626,-0.00228310502283105,81600,66100,55300,67000,67000,ACCEPT,passes filters,False
20260921T221855Z-a2c94f66,20260921T221855Z-a2c94f66-H0012,2026-09-21T23:25:09.986+00:00,254,285,1,3372,CRZY,BUY,73000,10.32,10.53,10.57,10.55,0.040000000000000924,SELL,10.48154794520548,10.41,73000,True,0.16154794520547888,0.1415479452054789,0.1115479452054789,10332.99999999996,8142.999999999959,10.528986301369862,10.517972602739727,10.502511415525115,10.48154794520548,0.04285714285714286,0.0471584038694075,0.05103280680437424,86500,86500,75100,73000,73000,ACCEPT,passes filters,False
20260921T221855Z-a2c94f66,20260921T221855Z-a2c94f66-H0013,2026-09-21T23:27:25.995+00:00,30,60,1,172,TAME,SELL,69000,25.05,24.91,24.94,24.925,0.030000000000001137,BUY,25.00991304347826,25.12,69000,True,0.04008695652174055,0.020086956521740546,-0.009913043478259453,1386.0000000000978,-683.9999999999022,24.954927536231885,24.97544927536232,24.98887922705314,25.00991304347826,-0.2912912912912913,-0.1050767414403778,-0.05697232772653283,57200,32300,16700,-69000,69000,DECLINE,"decision edge $-0.0099/sh, scored $-684",False
20260921T221855Z-a2c94f66,20260921T221855Z-a2c94f66-H0013,2026-09-21T23:28:18.436+00:00,82,112,1,972,CRZY,SELL,73000,9.76,9.59,9.62,9.605,0.02999999999999936,BUY,9.770534246575343,9.91,73000,True,-0.010534246575343076,-0.030534246575343076,-0.06053424657534308,-2229.0000000000446,-4419.000000000045,9.660164383561645,9.69441095890411,9.731077625570776,9.770534246575343,0.03363914373088685,0.10225763612217796,0.08457142857142858,31500,25800,15800,-73000,73000,DECLINE,"decision edge $-0.0605/sh, scored $-4,419",False
20260921T221855Z-a2c94f66,20260921T221855Z-a2c94f66-H0013,2026-09-21T23:29:15.808+00:00,139,169,1,1772,TAME,BUY,72000,25.72,26.0,26.03,26.015,0.030000000000001137,SELL,25.845458333333333,25.61,72000,True,0.12545833333333434,0.10545833333333433,0.07545833333333433,7593.000000000072,5433.000000000072,25.97277777777778,25.947222222222223,25.90901851851852,25.845458333333333,-0.22043010752688172,-0.09579439252336448,-0.11608222490931076,52900,52800,48700,72000,72000,ACCEPT,passes filters,False
20260921T221855Z-a2c94f66,20260921T221855Z-a2c94f66-H0013,2026-09-21T23:30:20.973+00:00,204,234,1,2572,CRZY,SELL,70000,9.47,9.24,9.28,9.26,0.03999999999999915,BUY,9.4123,9.46,70000,True,0.05770000000000053,0.037700000000000525,0.007700000000000526,2639.000000000037,539.0000000000368,9.306742857142858,9.368114285714286,9.3964,9.4123,-0.08547008547008547,-0.025590551181102362,-0.3153526970954357,46200,19800,19800,-70000,70000,DECLINE,"decision edge $0.0077/sh, scored $539",False
20260921T221855Z-a2c94f66,20260921T221855Z-a2c94f66-H0013,2026-09-21T23:31:12.249+00:00,255,285,1,3372,CRZY,SELL,66000,9.4,9.1,9.16,9.129999999999999,0.0600000000000005,BUY,9.232742424242424,9.32,66000,True,0.16725757575757605,0.14725757575757606,0.11725757575757606,9719.00000000002,7739.00000000002,9.17939393939394,9.188212121212121,9.20860606060606,9.232742424242424,0.11801242236024845,0.018140589569160998,-0.04950495049504951,90100,86500,66900,-66000,66000,ACCEPT,passes filters,False
20260921T221855Z-a2c94f66,20260921T221855Z-a2c94f66-H0014,2026-09-21T23:33:19.276+00:00,21,51,1,172,TAME,SELL,66000,25.32,25.21,25.24,25.225,0.029999999999997584,BUY,25.33480943738657,25.47,55100,False,-0.014809437386571034,-0.03480943738657104,-0.06480943738657104,-2297.4228675136883,-4277.422867513688,25.24951515151515,25.27430303030303,25.320323232323233,,-0.07865168539325842,-0.03285420944558522,0.24931880108991825,29100,24000,7600,-66000,66000,DECLINE,"visible book covers only 55,100/66,000; decision edge $-0.0648/sh, scored $-4,277",False
20260921T221855Z-a2c94f66,20260921T221855Z-a2c94f66-H0014,2026-09-21T23:34:26.614+00:00,88,118,1,972,CRZY,SELL,72000,9.82,9.68,9.77,9.725,0.08999999999999986,BUY,9.836944444444445,9.89,72000,True,-0.01694444444444443,-0.03694444444444443,-0.06694444444444443,-2659.999999999999,-4819.999999999999,9.778722222222223,9.804805555555555,9.823722222222223,9.836944444444445,-0.029345372460496615,-0.23,-0.5111111111111111,22800,9900,0,-72000,72000,DECLINE,"decision edge $-0.0669/sh, scored $-4,820",False
20260921T221855Z-a2c94f66,20260921T221855Z-a2c94f66-H0014,2026-09-21T23:35:15.002+00:00,136,166,1,1772,TAME,BUY,70000,27.73,27.97,28.0,27.985,0.030000000000001137,SELL,27.804214285714284,27.54,70000,True,0.07421428571428379,0.054214285714283786,0.024214285714283787,3794.999999999865,1694.9999999998652,27.945257142857145,27.917857142857144,27.862057142857143,27.804214285714284,-0.11330049261083744,-0.006418485237483954,0.31046613896218117,47500,38700,34100,70000,70000,DECLINE,"decision edge $0.0242/sh, scored $1,695",False
20260921T221855Z-a2c94f66,20260921T221855Z-a2c94f66-H0014,2026-09-21T23:36:15.188+00:00,196,226,1,2572,CRZY,SELL,68000,9.64,9.41,9.45,9.43,0.03999999999999915,BUY,9.505632352941177,9.56,68000,True,0.13436764705882354,0.11436764705882353,0.08436764705882353,7777.0,5737.0,9.460941176470588,9.479470588235294,9.49186274509804,9.505632352941177,0.0730593607305936,0.037894736842105266,-0.06900452488687783,94500,86200,68800,-68000,68000,ACCEPT,passes filters,False
20260921T221855Z-a2c94f66,20260921T221855Z-a2c94f66-H0014,2026-09-21T23:37:17.618+00:00,258,288,1,3372,CRZY,SELL,71000,9.64,9.4,9.42,9.41,0.019999999999999574,BUY,9.500943661971831,9.54,71000,True,0.13905633802816908,0.11905633802816908,0.08905633802816908,8453.000000000004,6323.000000000005,9.450197183098592,9.478929577464788,9.492488262910799,9.500943661971831,-0.06310679611650485,0.02107728337236534,0.022933333333333333,91600,91600,91600,-71000,71000,ACCEPT,passes filters,False
20260921T221855Z-a2c94f66,20260921T221855Z-a2c94f66-H0015,2026-09-21T23:39:25.676+00:00,25,55,1,172,TAME,BUY,65000,24.55,24.79,24.83,24.81,0.03999999999999915,SELL,24.713605870020963,24.55,47700,False,0.16360587002096239,0.1436058700209624,0.1136058700209624,9334.381551362556,7384.381551362556,24.771907692307693,24.751846153846152,,,0.013282732447817837,-0.019527235354573486,-0.3554054054054054,42000,42000,42000,65000,65000,DECLINE,"visible book covers only 47,700/65,000",False
20260921T221855Z-a2c94f66,20260921T221855Z-a2c94f66-H0015,2026-09-21T23:40:29.928+00:00,89,119,1,972,CRZY,SELL,66000,9.86,9.6,9.61,9.605,0.009999999999999787,BUY,9.761136363636364,9.84,66000,True,0.09886363636363527,0.07886363636363526,0.04886363636363526,5204.999999999927,3224.9999999999272,9.666727272727274,9.705121212121211,9.737777777777778,9.761136363636364,0.06190476190476191,-0.1731266149870801,-0.46353730092204526,70300,50700,34400,-66000,66000,ACCEPT,passes filters,False
20260921T221855Z-a2c94f66,20260921T221855Z-a2c94f66-H0015,2026-09-21T23:41:18.153+00:00,137,167,1,1772,CRZY,SELL,70000,9.28,9.22,9.25,9.235,0.02999999999999936,BUY,9.280214285714285,9.31,70000,True,-0.0002142857142857224,-0.020214285714285723,-0.050214285714285725,-1415.0000000000007,-3515.000000000001,9.253371428571429,9.261857142857142,9.271295238095238,9.280214285714285,0.08653846153846154,0.025302530253025302,0.012853470437017995,19000,0,0,-70000,70000,DECLINE,"decision edge $-0.0502/sh, scored $-3,515",False
20260921T221855Z-a2c94f66,20260921T221855Z-a2c94f66-H0015,2026-09-21T23:42:21.479+00:00,200,230,1,2572,TAME,SELL,69000,23.18,22.9,22.91,22.905,0.010000000000001563,BUY,23.11269565217391,23.4,69000,True,0.06730434782608796,0.04730434782608796,0.01730434782608796,3264.000000000069,1194.0000000000691,22.934434782608697,22.98336231884058,23.031014492753624,23.11269565217391,-0.06537530266343826,0.019823788546255508,-0.01990049751243781,45100,44500,44500,-69000,69000,DECLINE,"decision edge $0.0173/sh, scored $1,194",False
20260921T221855Z-a2c94f66,20260921T221855Z-a2c94f66-H0015,2026-09-21T23:43:23.891+00:00,262,292,1,3372,CRZY,SELL,70000,9.93,9.71,9.74,9.725000000000001,0.02999999999999936,BUY,9.810242857142857,9.87,70000,True,0.1197571428571429,0.09975714285714289,0.06975714285714289,6983.000000000003,4883.000000000003,9.767085714285715,9.781285714285714,9.796666666666667,9.810242857142857,-0.0228310502283105,-0.08652792990142388,0.010893246187363835,90800,85200,63600,-70000,70000,ACCEPT,passes filters,False
20260921T221855Z-a2c94f66,20260921T221855Z-a2c94f66-H0016,2026-09-21T23:45:23.855+00:00,21,51,1,172,TAME,BUY,72000,24.79,24.98,25.0,24.990000000000002,0.019999999999999574,SELL,24.921305555555556,24.85,72000,True,0.13130555555555645,0.11130555555555645,0.08130555555555645,8014.000000000065,5854.000000000065,24.969944444444444,24.95175,24.93627777777778,24.921305555555556,-0.012711864406779662,0.04293193717277487,0.009287925696594427,97800,87000,69200,72000,72000,ACCEPT,passes filters,False
20260921T221855Z-a2c94f66,20260921T221855Z-a2c94f66-H0016,2026-09-21T23:46:33.290+00:00,90,120,1,972,CRZY,SELL,68000,9.41,9.29,9.32,9.305,0.030000000000001137,BUY,9.452323529411764,9.61,68000,True,-0.04232352941176387,-0.062323529411763876,-0.09232352941176387,-4237.999999999944,-6277.999999999944,9.346,9.383676470588235,9.417313725490196,9.452323529411764,-0.006012024048096192,0.10860655737704918,-0.203240058910162,20300,15700,5600,-68000,68000,DECLINE,"decision edge $-0.0923/sh, scored $-6,278",False
20260921T221855Z-a2c94f66,20260921T221855Z-a2c94f66-H0016,2026-09-21T23:47:21.553+00:00,138,168,1,1772,CRZY,SELL,73000,9.53,9.3,9.34,9.32,0.03999999999999915,BUY,9.40272602739726,9.47,73000,True,0.12727397260273854,0.10727397260273853,0.07727397260273854,7830.999999999913,5640.999999999913,9.356191780821918,9.36917808219178,9.386812785388129,9.40272602739726,0.03434343434343434,0.014056224899598393,0.06364513018322084,97100,76000,69100,-73000,73000,ACCEPT,passes filters,False
20260921T221855Z-a2c94f66,20260921T221855Z-a2c94f66-H0016,2026-09-21T23:48:33.793+00:00,210,240,1,2572,TAME,SELL,67000,24.8,24.47,24.51,24.490000000000002,0.0400000000000027,BUY,24.636835820895524,24.79,67000,True,0.16316417910447711,0.14316417910447712,0.11316417910447713,9591.999999999967,7581.999999999967,24.53623880597015,24.562686567164178,24.593910447761193,24.636835820895524,-0.15,-0.08156424581005586,-0.08187772925764192,62900,57300,45800,-67000,67000,ACCEPT,passes filters,False
20260921T221855Z-a2c94f66,20260921T221855Z-a2c94f66-H0016,2026-09-21T23:49:24.008+00:00,260,290,1,3372,CRZY,SELL,74000,10.19,9.97,10.01,9.99,0.03999999999999915,BUY,10.057351351351352,10.13,74000,True,0.13264864864864734,0.11264864864864733,0.08264864864864734,8335.999999999904,6115.999999999903,10.020054054054054,10.027891891891892,10.04091891891892,10.057351351351352,0.08661417322834646,-0.004878048780487805,0.007315700619020821,79000,74000,68500,-74000,74000,ACCEPT,passes filters,False
20260922T001407Z-7916bae6,20260922T001407Z-7916bae6-H0002,2026-09-22T00:15:31.335+00:00,18,48,1,172,CRZY,SELL,CRZY_SELL,72000,10.24,9.97,10.03,10.0,0.05999999999999872,BUY,10.15413888888889,10.32,72000,True,1.3333333333333333,0.08586111111111094,0.06586111111111094,0.03586111111111094,4741.999999999987,2581.9999999999877,10.05638888888889,10.085916666666666,10.120277777777778,10.15413888888889,-0.034324942791762014,-0.05286343612334802,-0.05785123966942149,0.034324942791762014,0.05286343612334802,0.05785123966942149,58100,43500,37600,-72000,72000,ACCEPT,passes filters,True
20260922T001407Z-7916bae6,20260922T001407Z-7916bae6-H0002,2026-09-22T00:16:42.593+00:00,89,119,1,972,TAME,BUY,TAME_BUY,74000,24.72,24.95,24.98,24.965,0.030000000000001137,SELL,24.891554054054055,24.82,74000,True,1.2648648648648648,0.17155405405405588,0.1515540540540559,0.1215540540540559,11215.000000000136,8995.000000000136,24.934,24.922702702702704,24.91082882882883,24.891554054054055,0.04419889502762431,0.015494636471990465,0.03482587064676617,0.04419889502762431,0.015494636471990465,0.03482587064676617,93600,93600,83300,74000,74000,ACCEPT,passes filters,True
20260922T001407Z-7916bae6,20260922T001407Z-7916bae6-H0002,2026-09-22T00:17:36.046+00:00,142,172,1,1772,CRZY,BUY,CRZY_BUY,72000,10.04,10.28,10.29,10.285,0.009999999999999787,SELL,10.191333333333333,10.12,72000,True,1.2069444444444444,0.15133333333333354,0.13133333333333355,0.10133333333333355,9456.000000000016,7296.0000000000155,10.254444444444445,10.231111111111112,10.210277777777778,10.191333333333333,0.046413502109704644,-0.012514220705346985,-0.04083885209713024,0.046413502109704644,-0.012514220705346985,-0.04083885209713024,82000,76800,73000,72000,72000,ACCEPT,passes filters,True
20260922T001407Z-7916bae6,20260922T001407Z-7916bae6-H0002,2026-09-22T00:18:31.220+00:00,197,227,1,2572,CRZY,BUY,CRZY_BUY,67000,9.85,10.03,10.05,10.04,0.02000000000000135,SELL,10.004179104477611,9.98,67000,True,1.3388059701492536,0.15417910447761152,0.13417910447761153,0.10417910447761153,8989.999999999973,6979.999999999973,10.025671641791044,10.020268656716418,10.011611940298508,10.004179104477611,0.04,0.008130081300813009,0.005605381165919282,0.04,0.008130081300813009,0.005605381165919282,89700,89700,89700,67000,67000,ACCEPT,passes filters,True
20260922T001407Z-7916bae6,20260922T001407Z-7916bae6-H0002,2026-09-22T00:19:39.636+00:00,265,295,1,3372,CRZY,BUY,CRZY_BUY,69000,10.3,10.4,10.42,10.41,0.019999999999999574,SELL,10.3071884057971,10.23,69000,True,1.3782608695652174,0.007188405797100117,-0.012811594202899883,-0.042811594202899886,-884.000000000092,-2954.0000000000923,10.349710144927537,10.335536231884058,10.32295652173913,10.3071884057971,-0.04103671706263499,-0.037578288100208766,0.020933977455716585,-0.04103671706263499,-0.037578288100208766,0.020933977455716585,31900,12000,2000,69000,69000,DECLINE,"decision edge $-0.0428/sh, scored $-2,954",True
20260922T001407Z-7916bae6,20260922T001407Z-7916bae6-H0003,2026-09-22T00:21:32.484+00:00,17,47,1,172,TAME,SELL,TAME_SELL,66000,25.44,25.08,25.12,25.1,0.0400000000000027,BUY,25.301028037383176,25.47,42800,False,0.6484848484848484,0.1389719626168251,0.11897196261682509,0.08897196261682509,7852.149532710456,5872.149532710456,25.196242424242424,25.263848484848484,,,-0.0170316301703163,0.009259259259259259,0.371973587674248,0.0170316301703163,-0.009259259259259259,-0.371973587674248,36900,36900,36900,-66000,66000,DECLINE,"visible book covers only 42,800/66,000",True
20260922T001407Z-7916bae6,20260922T001407Z-7916bae6-H0003,2026-09-22T00:22:32.785+00:00,77,107,1,972,TAME,SELL,TAME_SELL,71000,25.11,24.98,25.0,24.990000000000002,0.019999999999999574,BUY,25.092352112676057,25.27,71000,True,1.2112676056338028,0.017647887323942513,-0.0023521126760574877,-0.03235211267605749,-167.00000000008163,-2297.000000000082,25.02380281690141,25.046225352112675,25.063211267605634,25.092352112676057,-0.002004008016032064,0.04935622317596566,0.05650027427317608,0.002004008016032064,-0.04935622317596566,-0.05650027427317608,49000,25000,9100,-71000,71000,DECLINE,"decision edge $-0.0324/sh, scored $-2,297",True
20260922T001407Z-7916bae6,20260922T001407Z-7916bae6-H0003,2026-09-22T00:23:39.108+00:00,143,173,1,1772,TAME,SELL,TAME_SELL,73000,25.13,24.82,24.84,24.83,0.019999999999999574,BUY,24.909013698630137,24.96,73000,True,1.2068493150684931,0.2209863013698623,0.2009863013698623,0.17098630136986231,14671.999999999949,12481.999999999949,24.862301369863015,24.87958904109589,24.893461187214612,24.909013698630137,-0.1111111111111111,-0.053738317757009345,-0.018497109826589597,0.1111111111111111,0.053738317757009345,0.018497109826589597,88100,88100,88100,-73000,73000,ACCEPT,passes filters,True
20260922T001407Z-7916bae6,20260922T001407Z-7916bae6-H0003,2026-09-22T00:24:45.489+00:00,209,239,1,2572,CRZY,BUY,CRZY_BUY,73000,9.62,9.82,9.84,9.83,0.019999999999999574,SELL,9.728041095890411,9.63,73000,True,1.3684931506849316,0.10804109589041211,0.0880410958904121,0.058041095890412106,6427.000000000084,4237.000000000084,9.80868493150685,9.77958904109589,9.7517899543379,9.728041095890411,0.041584158415841586,-0.0010515247108307045,0.05268703898840885,0.041584158415841586,-0.0010515247108307045,0.05268703898840885,68100,63600,43700,73000,73000,ACCEPT,passes filters,True
20260922T001407Z-7916bae6,20260922T001407Z-7916bae6-H0003,2026-09-22T00:25:36.538+00:00,260,290,1,3372,CRZY,BUY,CRZY_BUY,73000,9.53,9.65,9.68,9.665,0.02999999999999936,SELL,9.540739726027397,9.43,73000,True,1.4082191780821918,0.010739726027397367,-0.009260273972602633,-0.039260273972602636,-675.9999999999923,-2865.9999999999923,9.623260273972603,9.602684931506849,9.574776255707762,9.540739726027397,0.03305785123966942,-0.014141414141414142,0.03161063723030607,0.03305785123966942,-0.014141414141414142,0.03161063723030607,35100,30400,18900,73000,73000,DECLINE,"decision edge $-0.0393/sh, scored $-2,866",True
20260922T001407Z-7916bae6,20260922T001407Z-7916bae6-H0004,2026-09-22T00:27:41.514+00:00,24,54,1,172,TAME,BUY,TAME_BUY,67000,24.57,24.81,24.84,24.825,0.030000000000001137,SELL,24.546648936170214,24.18,56400,False,0.8417910447761194,-0.0233510638297858,-0.043351063829785805,-0.0733510638297858,-2904.521276595649,-4914.5212765956485,24.76379104477612,24.682029850746268,24.590537313432836,,-0.018329938900203666,0.03363914373088685,-0.25544554455445545,-0.018329938900203666,0.03363914373088685,-0.25544554455445545,29700,24100,18400,67000,67000,DECLINE,"visible book covers only 56,400/67,000; decision edge $-0.0734/sh, scored $-4,915",True
20260922T001407Z-7916bae6,20260922T001407Z-7916bae6-H0004,2026-09-22T00:28:47.078+00:00,89,119,1,972,CRZY,SELL,CRZY_SELL,66000,10.93,10.65,10.69,10.67,0.03999999999999915,BUY,10.733984848484848,10.83,66000,True,1.4090909090909092,0.1960151515151516,0.1760151515151516,0.1460151515151516,11617.000000000005,9637.000000000005,10.692181818181819,10.710272727272727,10.721454545454545,10.733984848484848,-0.11467889908256881,-0.016835016835016835,0.0005373455131649651,0.11467889908256881,0.016835016835016835,-0.0005373455131649651,79800,74300,74300,-66000,66000,ACCEPT,passes filters,True
20260922T001407Z-7916bae6,20260922T001407Z-7916bae6-H0004,2026-09-22T00:29:37.320+00:00,139,169,1,1772,TAME,SELL,TAME_SELL,72000,25.05,24.98,25.02,25.0,0.03999999999999915,BUY,25.110583333333334,25.19,72000,True,1.3180555555555555,-0.060583333333333655,-0.08058333333333366,-0.11058333333333366,-5802.000000000024,-7962.000000000024,25.055888888888887,25.07488888888889,25.089944444444445,25.110583333333334,0.052109181141439205,-0.0011350737797956867,-0.04228445908841296,-0.052109181141439205,0.0011350737797956867,0.04228445908841296,600,0,0,-72000,72000,DECLINE,"decision edge $-0.1106/sh, scored $-7,962",True
20260922T001407Z-7916bae6,20260922T001407Z-7916bae6-H0004,2026-09-22T00:30:44.586+00:00,206,236,1,2572,TAME,SELL,TAME_SELL,74000,25.79,25.53,25.55,25.54,0.019999999999999574,BUY,25.68602605863192,25.98,30700,False,0.41486486486486485,0.10397394136807847,0.08397394136807847,0.05397394136807847,6214.071661237806,3994.0716612378064,25.61281081081081,,,,-0.02528735632183908,0.228643216080402,0.48790658882402,0.02528735632183908,-0.228643216080402,-0.48790658882402,26500,26500,22300,-74000,74000,DECLINE,"visible book covers only 30,700/74,000",True
20260922T001407Z-7916bae6,20260922T001407Z-7916bae6-H0004,2026-09-22T00:31:47.957+00:00,269,299,1,3372,CRZY,SELL,CRZY_SELL,66000,9.56,9.45,9.53,9.489999999999998,0.08000000000000007,BUY,9.625287878787878,9.66,66000,True,1.5636363636363637,-0.06528787878787767,-0.08528787878787768,-0.11528787878787768,-5628.999999999926,-7608.999999999926,9.587575757575758,9.603787878787879,9.613717171717171,9.625287878787878,0.05222437137330754,-0.13355048859934854,-0.44234800838574423,-0.05222437137330754,0.13355048859934854,0.44234800838574423,4100,0,0,-66000,66000,DECLINE,"decision edge $-0.1153/sh, scored $-7,609",True
20260922T001407Z-7916bae6,20260922T001407Z-7916bae6-H0005,2026-09-22T00:33:46.194+00:00,26,56,1,172,TAME,SELL,TAME_SELL,69000,25.05,24.75,24.79,24.77,0.03999999999999915,BUY,24.95423188405797,25.05,69000,True,1.2739130434782608,0.09576811594202894,0.07576811594202894,0.04576811594202894,5227.999999999996,3157.999999999997,24.84426086956522,24.88785507246377,24.923478260869565,24.95423188405797,0.08314606741573034,-0.002304147465437788,-0.3399390243902439,-0.08314606741573034,0.002304147465437788,0.3399390243902439,48800,43500,38900,-69000,69000,ACCEPT,passes filters,True
20260922T001407Z-7916bae6,20260922T001407Z-7916bae6-H0005,2026-09-22T00:34:41.470+00:00,81,111,1,972,CRZY,BUY,CRZY_BUY,69000,9.32,9.44,9.5,9.469999999999999,0.0600000000000005,SELL,8.951846846846847,8.09,44400,False,0.6434782608695652,-0.36815315315315367,-0.3881531531531537,-0.4181531531531537,-26782.567567567603,-28852.567567567607,9.296579710144927,9.136086956521739,,,-0.007633587786259542,0.014857142857142857,-0.371994342291372,-0.007633587786259542,0.014857142857142857,-0.371994342291372,8800,2900,2900,69000,69000,DECLINE,"visible book covers only 44,400/69,000; decision edge $-0.4182/sh, scored $-28,853",True
20260922T001407Z-7916bae6,20260922T001407Z-7916bae6-H0005,2026-09-22T00:35:49.818+00:00,149,179,1,1772,TAME,BUY,TAME_BUY,72000,24.29,24.37,24.4,24.384999999999998,0.029999999999997584,SELL,24.292902777777776,24.26,72000,True,1.3125,0.0029027777777770325,-0.017097222222222968,-0.04709722222222297,-1231.0000000000537,-3391.0000000000537,24.344833333333334,24.320027777777778,24.30335185185185,24.292902777777776,-0.029023746701846966,-0.049528301886792456,0.07386363636363637,-0.029023746701846966,-0.049528301886792456,0.07386363636363637,22900,12400,3700,72000,72000,DECLINE,"decision edge $-0.0471/sh, scored $-3,391",True
20260922T001407Z-7916bae6,20260922T001407Z-7916bae6-H0005,2026-09-22T00:36:49.188+00:00,208,238,1,2572,CRZY,BUY,CRZY_BUY,65000,8.82,8.93,8.97,8.95,0.040000000000000924,SELL,8.83356923076923,8.58,65000,True,1.4123076923076923,0.01356923076922989,-0.006430769230770111,-0.03643076923077011,-418.0000000000572,-2368.0000000000573,8.924,8.895138461538462,8.869764102564103,8.83356923076923,-0.038314176245210725,0.012048192771084338,-0.04919730709476955,-0.038314176245210725,0.012048192771084338,-0.04919730709476955,32600,25100,19300,65000,65000,DECLINE,"decision edge $-0.0364/sh, scored $-2,368",True
20260922T001407Z-7916bae6,20260922T001407Z-7916bae6-H0005,2026-09-22T00:37:45.479+00:00,264,294,1,3372,TAME,SELL,TAME_SELL,75000,25.04,24.85,24.95,24.9,0.09999999999999787,BUY,25.005626666666668,25.06,75000,True,1.1906666666666668,0.034373333333331146,0.014373333333331146,-0.015626666666668853,1077.9999999998358,-1172.000000000164,24.968213333333335,24.9764,24.99062222222222,25.005626666666668,0.12135922330097088,0.03965702036441586,0.0444087747458534,-0.12135922330097088,-0.03965702036441586,-0.0444087747458534,49900,39000,5200,-75000,75000,DECLINE,"decision edge $-0.0156/sh, scored $-1,172",True
20260922T001407Z-7916bae6,20260922T001407Z-7916bae6-H0006,2026-09-22T00:39:50.736+00:00,28,58,1,172,TAME,SELL,TAME_SELL,72000,24.96,24.69,24.72,24.705,0.029999999999997584,BUY,24.927541666666666,25.04,72000,True,1.1611111111111112,0.032458333333334366,0.012458333333334366,-0.017541666666665633,897.0000000000744,-1262.9999999999256,24.80988888888889,24.847083333333334,24.89164814814815,24.927541666666666,0.04716981132075472,-0.040522875816993466,-0.38985868661679135,-0.04716981132075472,0.040522875816993466,0.38985868661679135,39800,35300,26400,-72000,72000,DECLINE,"decision edge $-0.0175/sh, scored $-1,263",True
20260922T001407Z-7916bae6,20260922T001407Z-7916bae6-H0006,2026-09-22T00:40:40.975+00:00,78,108,1,972,CRZY,BUY,CRZY_BUY,74000,9.73,9.91,9.95,9.93,0.03999999999999915,SELL,9.843283783783784,9.8,74000,True,1.3783783783783783,0.11328378378378368,0.09328378378378367,0.06328378378378367,6902.999999999992,4682.999999999992,9.893621621621621,9.867162162162161,9.853873873873875,9.843283783783784,0.07029478458049887,0.09071274298056156,0.06974305191400104,0.07029478458049887,0.09071274298056156,0.06974305191400104,102000,86900,71200,74000,74000,ACCEPT,passes filters,True
20260922T001407Z-7916bae6,20260922T001407Z-7916bae6-H0006,2026-09-22T00:41:39.381+00:00,136,166,1,1772,TAME,SELL,TAME_SELL,75000,25.16,24.95,24.97,24.96,0.019999999999999574,BUY,25.034253333333332,25.06,75000,True,1.1773333333333333,0.125746666666668,0.105746666666668,0.075746666666668,7931.0000000001,5681.0000000001,25.0004,25.016426666666668,25.02719111111111,25.034253333333332,0.06345733041575492,0.12017640573318633,0.05155746509129968,-0.06345733041575492,-0.12017640573318633,-0.05155746509129968,88300,88300,88300,-75000,75000,ACCEPT,passes filters,True
20260922T001407Z-7916bae6,20260922T001407Z-7916bae6-H0006,2026-09-22T00:42:45.739+00:00,202,232,1,2572,CRZY,SELL,CRZY_SELL,68000,10.14,9.91,9.92,9.915,0.009999999999999787,BUY,9.95110294117647,9.98,68000,True,1.3852941176470588,0.18889705882352992,0.16889705882352993,0.13889705882352993,11485.000000000035,9445.000000000035,9.927352941176471,9.936,9.943352941176471,9.95110294117647,-0.09205020920502092,0.002150537634408602,0.0026469031233456856,0.09205020920502092,-0.002150537634408602,-0.0026469031233456856,94200,94200,94200,-68000,68000,ACCEPT,passes filters,True
20260922T001407Z-7916bae6,20260922T001407Z-7916bae6-H0006,2026-09-22T00:43:46.041+00:00,262,292,1,3372,CRZY,SELL,CRZY_SELL,68000,9.7,9.6,9.64,9.620000000000001,0.040000000000000924,BUY,9.714779411764706,9.77,68000,True,1.311764705882353,-0.014779411764706651,-0.034779411764706655,-0.06477941176470665,-2365.0000000000528,-4405.000000000053,9.670882352941176,9.681382352941176,9.698803921568627,9.714779411764706,0.017369727047146403,0.10161662817551963,-0.05812574139976275,-0.017369727047146403,-0.10161662817551963,0.05812574139976275,25700,100,0,-68000,68000,DECLINE,"decision edge $-0.0648/sh, scored $-4,405",True
20260922T001407Z-7916bae6,20260922T001407Z-7916bae6-H0007,2026-09-22T00:45:53.375+00:00,28,58,1,172,CRZY,SELL,CRZY_SELL,69000,10.27,9.99,10.03,10.01,0.03999999999999915,BUY,10.172565217391304,10.41,69000,True,1.3492753623188405,0.09743478260869587,0.07743478260869587,0.047434782608695866,5343.000000000015,3273.0000000000146,10.062666666666667,10.100434782608696,10.135314009661835,10.172565217391304,0.14285714285714285,0.06296691568836713,0.03071317022384175,-0.14285714285714285,-0.06296691568836713,-0.03071317022384175,57800,48900,39400,-69000,69000,ACCEPT,passes filters,True
20260922T001407Z-7916bae6,20260922T001407Z-7916bae6-H0007,2026-09-22T00:46:49.665+00:00,84,114,1,972,TAME,SELL,TAME_SELL,69000,24.41,24.22,24.28,24.25,0.060000000000002274,BUY,24.67359420289855,24.89,69000,True,1.0811594202898551,-0.26359420289854896,-0.283594202898549,-0.313594202898549,-19567.99999999988,-21637.99999999988,24.36831884057971,24.504579710144927,24.609816425120773,24.67359420289855,0.1050228310502283,0.0764872521246459,-0.325044404973357,-0.1050228310502283,-0.0764872521246459,0.325044404973357,10700,10700,6100,-69000,69000,DECLINE,"decision edge $-0.3136/sh, scored $-21,638",True
20260922T001407Z-7916bae6,20260922T001407Z-7916bae6-H0007,2026-09-22T00:47:44.967+00:00,139,169,1,1772,CRZY,SELL,CRZY_SELL,68000,9.53,9.28,9.3,9.29,0.02000000000000135,BUY,9.512661764705882,9.71,68000,True,1.2661764705882352,0.017338235294117155,-0.0026617647058828457,-0.03266176470588285,-181.0000000000335,-2221.0000000000337,9.36070588235294,9.396382352941176,9.459352941176471,9.512661764705882,-0.03944315545243619,0.041666666666666664,-0.17063222297756628,0.03944315545243619,-0.041666666666666664,0.17063222297756628,38800,34400,28100,-68000,68000,DECLINE,"decision edge $-0.0327/sh, scored $-2,221",True
20260922T001407Z-7916bae6,20260922T001407Z-7916bae6-H0007,2026-09-22T00:48:53.423+00:00,207,237,1,2572,TAME,BUY,TAME_BUY,74000,22.85,23.06,23.07,23.064999999999998,0.010000000000001563,SELL,22.82026755852843,22.34,59800,False,0.8081081081081081,-0.029732441471573168,-0.04973244147157317,-0.07973244147157317,-3680.2006688964148,-5900.200668896415,23.044216216216217,22.95483783783784,22.857477477477477,,-0.0022172949002217295,-0.014028056112224449,-0.27427184466019416,-0.0022172949002217295,-0.014028056112224449,-0.27427184466019416,22500,22500,22500,74000,74000,DECLINE,"visible book covers only 59,800/74,000; decision edge $-0.0797/sh, scored $-5,900",True
20260922T001407Z-7916bae6,20260922T001407Z-7916bae6-H0007,2026-09-22T00:49:50.781+00:00,264,294,1,3372,CRZY,BUY,CRZY_BUY,65000,8.97,9.11,9.12,9.114999999999998,0.009999999999999787,SELL,9.00123076923077,8.89,65000,True,1.4646153846153847,0.03123076923076873,0.011230769230768729,-0.01876923076923127,729.9999999999674,-1220.0000000000325,9.095384615384615,9.071815384615384,9.03156923076923,9.00123076923077,-0.07306889352818371,0.02053388090349076,-0.01090909090909091,-0.07306889352818371,0.02053388090349076,-0.01090909090909091,38000,27600,27600,65000,65000,DECLINE,"decision edge $-0.0188/sh, scored $-1,220",True
