run_id,heat_id,observed_at_utc,tick,expires,period,tender_id,ticker,action,ticker_action,api_orders_per_second,quantity,tender_price,top_bid,top_ask,midpoint,spread,unwind_side,unwind_vwap,worst_price,visible_qty,fully_covered,unwind_depth_ratio,raw_edge_per_share,fee_adjusted_edge_per_share,decision_edge_per_share,immediate_profit_after_fees,scored_profit,vwap_25,vwap_50,vwap_75,vwap_100,imbalance_top5,imbalance_top10,imbalance_full,favorable_imbalance_top5,favorable_imbalance_top10,favorable_imbalance_full,breakeven_visible_qty,buffered_visible_qty,threshold_visible_qty,projected_net,projected_gross,decision,reason,live_mode
20260922T040040Z-67940e22,20260922T040040Z-67940e22-H0001,2026-09-22T04:00:45.623+00:00,136,166,1,1772,TAME,SELL,TAME_SELL,200.0,69000,25.51,25.21,25.26,25.235,0.05000000000000071,BUY,25.328246376811595,25.43,69000,True,1.3202898550724638,0.18175362318840627,0.16175362318840628,0.13175362318840628,11161.000000000033,9091.000000000033,25.27168115942029,25.28327536231884,25.29888888888889,25.328246376811595,0.09205020920502092,0.03941908713692946,0.027229044313934865,-0.09205020920502092,-0.03941908713692946,-0.027229044313934865,86900,86900,77700,-69000,69000,ACCEPT,passes filters,True
20260922T040040Z-67940e22,20260922T040040Z-67940e22-H0001,2026-09-22T04:01:55.974+00:00,206,236,1,2572,CRZY,SELL,CRZY_SELL,200.0,75000,9.5,9.41,9.48,9.445,0.07000000000000028,BUY,9.626947082767979,9.79,73700,False,0.9826666666666667,-0.12694708276797861,-0.1469470827679786,-0.1769470827679786,-11021.031207598395,-13271.031207598395,9.510586666666667,9.545066666666667,9.584124444444445,,0.09307875894988067,0.07257072570725707,0.12677725118483413,-0.09307875894988067,-0.07257072570725707,-0.12677725118483413,6100,0,0,-75000,75000,DECLINE,"visible book covers only 73,700/75,000; decision edge $-0.1769/sh, scored $-13,271",True
20260922T040040Z-67940e22,20260922T040040Z-67940e22-H0001,2026-09-22T04:02:46.170+00:00,256,286,1,3372,CRZY,SELL,CRZY_SELL,200.0,72000,9.25,8.96,8.99,8.975000000000001,0.02999999999999936,BUY,9.091513888888889,9.14,72000,True,1.3333333333333333,0.15848611111111133,0.13848611111111134,0.10848611111111134,9971.000000000016,7811.000000000016,9.040944444444444,9.060888888888888,9.078555555555555,9.091513888888889,0.06367041198501873,-0.01511879049676026,-0.3559322033898305,-0.06367041198501873,0.01511879049676026,0.3559322033898305,96000,96000,96000,-72000,72000,ACCEPT,passes filters,True
20260922T040040Z-67940e22,20260922T040040Z-67940e22-H0002,2026-09-22T04:04:49.150+00:00,18,48,1,172,TAME,BUY,TAME_BUY,200.0,74000,24.58,24.83,24.84,24.835,0.010000000000001563,SELL,24.658455056179776,24.48,35600,False,0.4810810810810811,0.07845505617977722,0.05845505617977721,0.028455056179777213,4325.674157303513,2105.6741573035138,24.74491891891892,,,,0.18706697459584296,-0.016574585635359115,-0.4262691377921031,0.18706697459584296,-0.016574585635359115,-0.4262691377921031,30000,14900,14900,74000,74000,DECLINE,"visible book covers only 35,600/74,000; decision edge $0.0285/sh, scored $2,106",True
20260922T040040Z-67940e22,20260922T040040Z-67940e22-H0002,2026-09-22T04:05:58.495+00:00,87,117,1,972,TAME,BUY,TAME_BUY,200.0,71000,23.58,23.66,23.71,23.685000000000002,0.05000000000000071,SELL,23.63,23.55,71000,True,1.4605633802816902,0.05000000000000071,0.03000000000000071,7.112366251504909e-16,2130.0000000000505,5.0497800385684855e-11,23.65185915492958,23.64650704225352,23.639474178403756,23.63,0.40273972602739727,0.15948777648428406,0.20023148148148148,0.40273972602739727,0.15948777648428406,0.20023148148148148,65300,40300,3300,71000,71000,DECLINE,"decision edge $0.0000/sh, scored $0",True
20260922T040040Z-67940e22,20260922T040040Z-67940e22-H0002,2026-09-22T04:06:53.799+00:00,142,172,1,1772,TAME,BUY,TAME_BUY,200.0,72000,22.64,22.82,22.83,22.825,0.00999999999999801,SELL,22.676464646464648,22.45,39600,False,0.55,0.03646464646464764,0.016464646464647643,-0.013535353535352356,1185.4545454546303,-974.5454545453697,22.772111111111112,22.69911111111111,,,0.2577777777777778,-0.05601907032181168,-0.40939597315436244,0.2577777777777778,-0.05601907032181168,-0.40939597315436244,23900,23900,17300,72000,72000,DECLINE,"visible book covers only 39,600/72,000; decision edge $-0.0135/sh, scored $-975",True
20260922T040040Z-67940e22,20260922T040040Z-67940e22-H0002,2026-09-22T04:07:54.100+00:00,202,232,1,2572,TAME,BUY,TAME_BUY,200.0,66000,22.7,22.9,22.91,22.905,0.010000000000001563,SELL,22.80690909090909,22.74,66000,True,1.5333333333333334,0.10690909090909173,0.08690909090909173,0.05690909090909173,5736.000000000054,3756.000000000054,22.886969696969697,22.855878787878787,22.828707070707072,22.80690909090909,-0.008130081300813009,0.006507592190889371,0.002973240832507433,-0.008130081300813009,0.006507592190889371,0.002973240832507433,74600,52000,45800,66000,66000,ACCEPT,passes filters,True
20260922T040040Z-67940e22,20260922T040040Z-67940e22-H0002,2026-09-22T04:08:52.352+00:00,260,290,1,3372,CRZY,BUY,CRZY_BUY,200.0,73000,10.34,10.49,10.55,10.52,0.0600000000000005,SELL,10.450657534246576,10.37,73000,True,1.2246575342465753,0.11065753424657565,0.09065753424657565,0.06065753424657565,6618.000000000022,4428.000000000023,10.489534246575342,10.481013698630138,10.46737899543379,10.450657534246576,0.053117782909930716,0.008695652173913044,0.28263988522238165,0.053117782909930716,0.008695652173913044,0.28263988522238165,76400,65900,60600,73000,73000,ACCEPT,passes filters,True
20260922T040040Z-67940e22,20260922T040040Z-67940e22-H0003,2026-09-22T04:10:58.318+00:00,25,55,1,172,TAME,BUY,TAME_BUY,200.0,71000,25.05,25.26,25.29,25.275,0.029999999999997584,SELL,25.13594366197183,25.0,71000,True,1.304225352112676,0.08594366197182879,0.06594366197182878,0.035943661971828786,4681.999999999844,2551.999999999844,25.237464788732396,25.2067323943662,25.175755868544602,25.13594366197183,0.0163265306122449,-0.021538461538461538,0.17736808645899554,0.0163265306122449,-0.021538461538461538,0.17736808645899554,51500,47700,43500,71000,71000,ACCEPT,passes filters,True
20260922T040040Z-67940e22,20260922T040040Z-67940e22-H0003,2026-09-22T04:11:55.632+00:00,82,112,1,972,CRZY,SELL,CRZY_SELL,200.0,66000,10.05,9.76,9.79,9.774999999999999,0.02999999999999936,BUY,9.860242424242424,9.89,66000,True,1.353030303030303,0.1897575757575769,0.1697575757575769,0.1397575757575769,11204.000000000076,9224.000000000076,9.82830303030303,9.841575757575757,9.851858585858587,9.860242424242424,0.22727272727272727,0.12808460634547592,0.042359249329758715,-0.22727272727272727,-0.12808460634547592,-0.042359249329758715,89300,89300,89300,-66000,66000,ACCEPT,passes filters,True
20260922T040040Z-67940e22,20260922T040040Z-67940e22-H0003,2026-09-22T04:12:54.951+00:00,141,171,1,1772,CRZY,SELL,CRZY_SELL,200.0,65000,9.68,9.63,9.65,9.64,0.019999999999999574,BUY,9.714507692307693,9.78,65000,True,1.3523076923076922,-0.03450769230769346,-0.054507692307693464,-0.08450769230769346,-3543.000000000075,-5493.0000000000755,9.657538461538461,9.665015384615385,9.695107692307692,9.714507692307693,-0.043478260869565216,-0.0062266500622665,0.029801324503311258,0.043478260869565216,0.0062266500622665,-0.029801324503311258,20400,0,0,-65000,65000,DECLINE,"decision edge $-0.0845/sh, scored $-5,493",True
20260922T040040Z-67940e22,20260922T040040Z-67940e22-H0003,2026-09-22T04:14:03.263+00:00,209,239,1,2572,CRZY,SELL,CRZY_SELL,200.0,69000,10.12,9.81,9.84,9.825,0.02999999999999936,BUY,9.900492753623189,9.93,69000,True,1.3855072463768117,0.21950724637681063,0.19950724637681064,0.16950724637681064,13765.999999999935,11695.999999999935,9.865507246376811,9.884115942028986,9.893236714975846,9.900492753623189,0.050761421319796954,-0.005599104143337066,0.006753246753246753,-0.050761421319796954,0.005599104143337066,-0.006753246753246753,95600,95600,95600,-69000,69000,ACCEPT,passes filters,True
20260922T040040Z-67940e22,20260922T040040Z-67940e22-H0003,2026-09-22T04:15:04.610+00:00,270,300,1,3372,CRZY,SELL,CRZY_SELL,200.0,67000,10.6,10.39,10.41,10.4,0.019999999999999574,BUY,10.824267100977199,11.38,30700,False,0.4582089552238806,-0.22426710097719926,-0.24426710097719925,-0.27426710097719925,-16365.89576547235,-18375.89576547235,10.580835820895523,,,,0.06465517241379311,0.22767295597484277,0.5032362459546925,-0.06465517241379311,-0.22767295597484277,-0.5032362459546925,7100,3100,3100,-67000,67000,DECLINE,"visible book covers only 30,700/67,000; decision edge $-0.2743/sh, scored $-18,376",True
