execution_id,run_id,heat_id,tender_id,ticker,tender_action,quantity,tender_price,execution_mode,fee_model,advertised_order_rate,effective_order_rate,min_submit_interval_ms,predicted_arrival_unwind_vwap,predicted_arrival_after_fee_edge,predicted_arrival_profit_after_fee,favorable_imbalance_full,accept_success,accept_latency_ms,decision_to_accept_start_ms,tender_position_expected,accept_to_tender_position_ms,prehedge_unwind_vwap,prehedge_after_fee_edge,arrival_to_prehedge_edge_change,accept_to_first_order_ms,accept_to_last_order_ms,burst_submission_span_ms,accept_to_target_position_ms,total_execution_ms,accounting_settle_ms,hedge_action,hedge_slice_count,hedge_submitted_qty,hedge_reported_filled_qty,realized_hedge_vwap,execution_error_per_share,execution_error_dollars,gross_block_profit,profit_less_unwind_fee,security_realized_before,security_realized_after,security_realized_delta,fee_model_error,target_position,final_position,fully_flat,all_orders_filled,repair_qty,repair_order_count,rate_limit_hits_during_execution,trader_nlv_before,trader_nlv_after,trader_fines_before,trader_fines_after,trader_fine_delta,pre_fine_pnl_before,pre_fine_pnl_after,pre_fine_pnl_delta,failure_reason
20260922T043702Z-2c8c3de9-20260922T043702Z-2c8c3de9-H0002-T2572-075728,20260922T043702Z-2c8c3de9,20260922T043702Z-2c8c3de9-H0002,2572,CRZY,BUY,72000,10.05,TENDER_GATED_PIPELINED_MARKET_V4_1,MARKET_HEDGE_ONLY_2C,200.0,180.0,5.555555555555555,10.187541666666666,0.11754166666666556,8462.99999999992,0.01454775458570525,True,33.217999999877065,9.999985195463523e-05,72000,973.0994999999893,10.187541666666666,0.11754166666666556,0.0,975.2435000000332,1088.640100000248,113.39660000021468,1171.6867000000093,1648.0095999995683,428.46700000018245,SELL,3,72000,72000,10.187541666666666,0.0,0.0,9902.99999999992,8462.99999999992,0.0,8463.0,8463.0,7377.00000000008,0,0,True,True,0,0,0,0.0,15840.0,0.0,0.0,0.0,0.0,15840.0,15840.0,
20260922T043702Z-2c8c3de9-20260922T043702Z-2c8c3de9-H0003-T172-4962f8,20260922T043702Z-2c8c3de9,20260922T043702Z-2c8c3de9-H0003,172,TAME,SELL,68000,25.28,TENDER_GATED_PIPELINED_MARKET_V4_1,MARKET_HEDGE_ONLY_2C,200.0,180.0,5.555555555555555,25.19545588235294,0.06454411764705938,4389.000000000037,0.06954177897574124,True,35.31950000021607,9.999985195463523e-05,-68000,976.6405999998824,25.218117647058822,0.04188235294117916,-0.022661764705880216,978.8500999998178,1244.8388999996496,265.9887999998318,1429.5368999996754,1905.3274000002602,429.20330000015383,BUY,7,68000,68000,25.218117647058822,0.022661764705880216,1540.9999999998547,4208.000000000183,2848.000000000183,0.0,2848.0,2848.0,10071.999999999818,0,0,True,True,0,0,0,0.0,12920.0,0.0,0.0,0.0,0.0,12920.0,12920.0,
20260922T043702Z-2c8c3de9-20260922T043702Z-2c8c3de9-H0003-T3372-5543f2,20260922T043702Z-2c8c3de9,20260922T043702Z-2c8c3de9-H0003,3372,CRZY,SELL,66000,9.29,TENDER_GATED_PIPELINED_MARKET_V4_1,MARKET_HEDGE_ONLY_2C,200.0,180.0,5.555555555555555,9.06730303030303,0.20269696969696896,13377.99999999995,0.008213552361396304,True,35.950300000142306,0.00010000030670198612,-66000,922.4696000001131,9.05928787878788,0.21071212121211993,0.008015151515150976,924.6657000003324,1053.1473999999434,128.481699999611,1137.0973000002778,1613.0000000002838,427.15780000025916,BUY,3,66000,66000,9.05928787878788,-0.008015151515150976,-528.9999999999644,15226.999999999915,13906.999999999915,0.0,13907.0,13907.0,4573.0000000000855,0,0,True,True,0,0,0,2848.0,21328.0,0.0,0.0,0.0,2848.0,21328.0,18480.0,
20260922T043702Z-2c8c3de9-20260922T043702Z-2c8c3de9-H0004-T172-3782b5,20260922T043702Z-2c8c3de9,20260922T043702Z-2c8c3de9-H0004,172,CRZY,SELL,72000,10.19,TENDER_GATED_PIPELINED_MARKET_V4_1,MARKET_HEDGE_ONLY_2C,200.0,180.0,5.555555555555555,10.10773611111111,0.06226388888888891,4483.000000000002,0.10451306413301663,True,40.11659999983385,0.00019999970390927047,-72000,954.1686000002301,10.113111111111111,0.056888888888888114,-0.005375000000000796,956.5486999999848,1065.5242000002545,108.97550000026968,1197.8979000000436,1684.7380999997768,424.99279999992723,BUY,3,72000,72000,10.113111111111111,0.005375000000000796,387.0000000000573,5535.9999999999445,4095.9999999999445,0.0,4096.0,4096.0,9584.000000000055,0,0,True,True,0,0,0,0.0,13680.0,0.0,0.0,0.0,0.0,13680.0,13680.0,
20260922T043702Z-2c8c3de9-20260922T043702Z-2c8c3de9-H0004-T2572-15a3b6,20260922T043702Z-2c8c3de9,20260922T043702Z-2c8c3de9-H0004,2572,CRZY,SELL,72000,10.44,TENDER_GATED_PIPELINED_MARKET_V4_1,MARKET_HEDGE_ONLY_2C,200.0,180.0,5.555555555555555,10.358263888888889,0.061736111111110784,4444.999999999976,0.06738868832731648,True,36.56779999984428,0.00010000030670198612,-72000,954.2780000001585,10.350972222222222,0.06902777777777792,0.00729166666666714,956.4055000000735,1060.6941999999435,104.28869999987,1304.0210999997726,1792.6087000000734,428.36969999962093,BUY,3,72000,72000,10.350972222222222,-0.00729166666666714,-525.0000000000341,6410.000000000011,4970.000000000011,4096.0,9066.0,4970.0,5109.999999999989,0,0,True,True,0,0,0,4096.0,14176.0,0.0,0.0,0.0,4096.0,14176.0,10080.0,
20260922T043702Z-2c8c3de9-20260922T043702Z-2c8c3de9-H0004-T3372-f7b4bd,20260922T043702Z-2c8c3de9,20260922T043702Z-2c8c3de9-H0004,3372,TAME,BUY,68000,24.82,TENDER_GATED_PIPELINED_MARKET_V4_1,MARKET_HEDGE_ONLY_2C,200.0,180.0,5.555555555555555,24.942794117647058,0.10279411764705727,6989.9999999998945,0.010079575596816976,True,33.54579999996349,9.999985195463523e-05,68000,935.3375000000597,24.936117647058822,0.09611764705882166,-0.006676470588235617,937.8821999998763,1200.5168000000594,262.6346000001831,1298.9857000002303,1776.3731999998527,422.92090000000826,SELL,7,68000,68000,24.936117647058822,0.006676470588235617,454.00000000002194,7895.999999999873,6535.999999999873,0.0,6536.0,6536.0,3664.0000000001273,0,0,True,True,0,0,0,9066.0,19266.0,0.0,0.0,0.0,9066.0,19266.0,10200.0,
20260922T043702Z-2c8c3de9-20260922T043702Z-2c8c3de9-H0005-T172-923af6,20260922T043702Z-2c8c3de9,20260922T043702Z-2c8c3de9-H0005,172,CRZY,SELL,66000,10.09,TENDER_GATED_PIPELINED_MARKET_V4_1,MARKET_HEDGE_ONLY_2C,200.0,180.0,5.555555555555555,9.97039393939394,0.09960606060605982,6573.999999999948,0.256299938537185,True,32.455800000112504,9.999985195463523e-05,-66000,936.7856999997457,9.979181818181818,0.09081818181818192,-0.0087878787878779,938.9090999998189,1045.3731999996307,106.46409999981188,1211.519099999805,1676.4732999999978,422.7877999996963,BUY,3,66000,66000,9.979181818181818,0.0087878787878779,579.9999999999415,7314.000000000007,5994.000000000007,0.0,5994.0,5994.0,4565.999999999993,0,0,True,True,0,0,0,0.0,10560.0,0.0,0.0,0.0,0.0,10560.0,10560.0,
20260922T043702Z-2c8c3de9-20260922T043702Z-2c8c3de9-H0005-T972-581cd2,20260922T043702Z-2c8c3de9,20260922T043702Z-2c8c3de9-H0005,972,TAME,BUY,71000,25.16,TENDER_GATED_PIPELINED_MARKET_V4_1,MARKET_HEDGE_ONLY_2C,200.0,180.0,5.555555555555555,25.351070422535212,0.171070422535212,12146.000000000053,0.5161557580778791,True,34.020400000270456,9.999985195463523e-05,71000,967.6062999997157,25.359591549295775,0.17959154929577495,0.008521126760562936,990.630599999804,1263.6686999999256,273.03810000012163,1312.923800000135,1791.1238000001504,432.5693000000683,SELL,8,71000,71000,25.359591549295775,-0.008521126760562936,-604.9999999999684,14171.00000000002,12751.00000000002,0.0,12751.0,12751.0,8548.99999999998,0,0,True,True,0,0,0,5994.0,27294.0,0.0,0.0,0.0,5994.0,27294.0,21300.0,
20260922T043702Z-2c8c3de9-20260922T043702Z-2c8c3de9-H0005-T3372-3ec751,20260922T043702Z-2c8c3de9,20260922T043702Z-2c8c3de9-H0005,3372,CRZY,SELL,74000,10.32,TENDER_GATED_PIPELINED_MARKET_V4_1,MARKET_HEDGE_ONLY_2C,200.0,180.0,5.555555555555555,10.120405405405405,0.17959459459459517,13290.000000000044,0.012552301255230125,True,33.7859000004828,9.999985195463523e-05,-74000,962.7084999992803,10.120405405405405,0.17959459459459517,0.0,986.8839999999182,1098.03649999958,111.15249999966181,1132.1783999992476,1604.4937999995454,423.87520000011136,BUY,3,74000,74000,10.120405405405405,0.0,0.0,14770.000000000042,13290.000000000042,5994.0,19284.0,13290.0,8169.999999999958,0,0,True,True,0,0,0,18745.0,40205.0,0.0,0.0,0.0,18745.0,40205.0,21460.0,
20260922T043702Z-2c8c3de9-20260922T043702Z-2c8c3de9-H0006-T972-25e9d5,20260922T043702Z-2c8c3de9,20260922T043702Z-2c8c3de9-H0006,972,CRZY,SELL,67000,10.29,TENDER_GATED_PIPELINED_MARKET_V4_1,MARKET_HEDGE_ONLY_2C,200.0,180.0,5.555555555555555,10.101895522388059,0.16810447761194028,11262.999999999998,0.0005167958656330749,True,36.6988999992609,0.00020000061340397224,-67000,933.8123999996242,10.096671641791044,0.17332835820895512,0.0052238805970148405,936.2625000003391,1062.5364999996236,126.27399999928457,1099.941200000103,1579.0599000001748,429.51890000040294,BUY,3,67000,67000,10.096671641791044,-0.0052238805970148405,-349.9999999999943,12952.999999999993,11612.999999999993,0.0,11613.0,11613.0,4467.000000000007,0,0,True,True,0,0,0,0.0,16080.0,0.0,0.0,0.0,0.0,16080.0,16080.0,
20260922T043702Z-2c8c3de9-20260922T043702Z-2c8c3de9-H0006-T2572-7b7dcb,20260922T043702Z-2c8c3de9,20260922T043702Z-2c8c3de9-H0006,2572,CRZY,SELL,73000,10.24,TENDER_GATED_PIPELINED_MARKET_V4_1,MARKET_HEDGE_ONLY_2C,200.0,180.0,5.555555555555555,10.118191780821919,0.1018082191780816,7431.999999999956,0.015194147439504783,True,42.6891999989748,9.999985195463523e-05,-73000,929.4232000002012,10.122123287671233,0.09787671232876739,-0.003931506849314204,931.8526999995811,1059.232300000076,127.37960000049497,1115.8986999998888,1596.1581999999908,427.9423999996652,BUY,3,73000,73000,10.122123287671233,0.003931506849314204,286.99999999993685,8605.00000000002,7145.00000000002,11613.0,18758.0,7145.0,4534.99999999998,0,0,True,True,0,0,0,11613.0,23293.0,0.0,0.0,0.0,11613.0,23293.0,11680.0,
20260922T043702Z-2c8c3de9-20260922T043702Z-2c8c3de9-H0006-T3372-fd9f05,20260922T043702Z-2c8c3de9,20260922T043702Z-2c8c3de9-H0006,3372,TAME,BUY,72000,24.74,TENDER_GATED_PIPELINED_MARKET_V4_1,MARKET_HEDGE_ONLY_2C,200.0,180.0,5.555555555555555,24.843,0.08300000000000153,5976.00000000011,0.016286644951140065,True,33.39159999974072,0.00019999970390927047,72000,963.11919999971,24.84086111111111,0.08086111111111151,-0.0021388888888900226,966.031899999507,1255.595299999186,289.56339999967895,1330.5080999998609,1802.2758999995858,426.08259999997244,SELL,8,72000,72000,24.84086111111111,0.0021388888888900226,154.00000000008163,7262.000000000029,5822.000000000029,0.0,5822.0,5822.0,5697.999999999971,0,0,True,True,0,0,0,18758.0,30278.0,0.0,0.0,0.0,18758.0,30278.0,11520.0,
20260922T043702Z-2c8c3de9-20260922T043702Z-2c8c3de9-H0007-T3372-5fe317,20260922T043702Z-2c8c3de9,20260922T043702Z-2c8c3de9-H0007,3372,CRZY,SELL,67000,9.35,TENDER_GATED_PIPELINED_MARKET_V4_1,MARKET_HEDGE_ONLY_2C,200.0,180.0,5.555555555555555,9.217507462686568,0.11249253731343202,7536.999999999945,-0.02583732057416268,True,34.30839999951422,9.999985195463523e-05,-67000,958.1813000004331,9.233985074626865,0.0960149253731344,-0.01647761194029762,960.9608000000662,1081.46300000044,120.5022000003737,1178.214100000332,1657.3072999999567,435.7060000002093,BUY,3,67000,67000,9.233985074626865,0.01647761194029762,1103.9999999999407,7773.0000000000055,6433.0000000000055,0.0,6433.0,6433.0,4956.9999999999945,0,0,True,True,0,0,0,0.0,11390.0,0.0,0.0,0.0,0.0,11390.0,11390.0,
20260922T043702Z-2c8c3de9-20260922T043702Z-2c8c3de9-H0008-T172-f958cf,20260922T043702Z-2c8c3de9,20260922T043702Z-2c8c3de9-H0008,172,TAME,SELL,67000,25.19,TENDER_GATED_PIPELINED_MARKET_V4_1,MARKET_HEDGE_ONLY_2C,200.0,180.0,5.555555555555555,25.01286567164179,0.15713432835821053,10528.000000000106,0.1611804767309875,True,33.52489999961108,9.999985195463523e-05,-67000,965.8622999995714,25.01286567164179,0.15713432835821053,0.0,967.8416999995534,1235.3253000001132,267.4836000005598,1503.874299999552,1977.6589000002787,426.40060000030644,BUY,7,67000,67000,25.01286567164179,0.0,0.0,11868.000000000106,10528.000000000106,0.0,10528.0,10528.0,4881.9999999998945,0,0,True,True,0,0,0,0.0,15410.0,0.0,0.0,0.0,0.0,15410.0,15410.0,
20260922T043702Z-2c8c3de9-20260922T043702Z-2c8c3de9-H0008-T2572-e8379e,20260922T043702Z-2c8c3de9,20260922T043702Z-2c8c3de9-H0008,2572,TAME,SELL,69000,24.06,TENDER_GATED_PIPELINED_MARKET_V4_1,MARKET_HEDGE_ONLY_2C,200.0,180.0,5.555555555555555,23.970391304347825,0.06960869565217422,4803.000000000021,0.026737967914438502,True,37.31370000075549,9.999985195463523e-05,-69000,923.6743000001297,23.962971014492755,0.0770289855072437,0.007420289855069484,925.1472000005379,1194.0013000003091,268.8540999997713,1264.2581000000064,1754.1312000003018,434.36300000030315,BUY,7,69000,69000,23.95531884057971,-0.015072463768113664,-1039.9999999998429,7222.999999999864,5842.999999999864,10528.0,16371.0,5843.0,3817.0000000001364,0,0,True,True,0,0,0,10528.0,20188.0,0.0,0.0,0.0,10528.0,20188.0,9660.0,
20260922T043702Z-2c8c3de9-20260922T043702Z-2c8c3de9-H0009-T972-513687,20260922T043702Z-2c8c3de9,20260922T043702Z-2c8c3de9-H0009,972,CRZY,SELL,69000,10.0,TENDER_GATED_PIPELINED_MARKET_V4_1,MARKET_HEDGE_ONLY_2C,200.0,180.0,5.555555555555555,9.870826086956521,0.1091739130434788,7533.000000000037,0.02305159165751921,True,33.77229999937117,0.0,-69000,940.8262000006289,9.867536231884058,0.11246376811594196,0.003289855072463155,942.9290000007313,1077.0335000006526,134.10449999992125,1251.6419000003225,1751.626600000236,424.44479999994655,BUY,3,69000,69000,9.867536231884058,-0.003289855072463155,-226.99999999995768,9139.999999999995,7759.9999999999945,0.0,7760.0,7760.0,7420.0000000000055,0,0,True,True,0,0,0,0.0,15180.0,0.0,0.0,0.0,0.0,15180.0,15180.0,
20260922T043702Z-2c8c3de9-20260922T043702Z-2c8c3de9-H0009-T1772-eb7ab5,20260922T043702Z-2c8c3de9,20260922T043702Z-2c8c3de9-H0009,1772,TAME,SELL,75000,25.13,TENDER_GATED_PIPELINED_MARKET_V4_1,MARKET_HEDGE_ONLY_2C,200.0,180.0,5.555555555555555,24.94144,0.16855999999999896,12641.999999999922,0.07903780068728522,True,32.94550000037998,0.000100000761449337,-75000,944.7512999995524,24.95072,0.15927999999999856,-0.009280000000000399,946.8944999998712,1256.4352999997936,309.54079999992246,1324.0633999994316,1801.7397000003257,426.39860000053886,BUY,8,75000,75000,24.951453333333333,0.010013333333333208,750.9999999999906,13390.99999999993,11890.99999999993,0.0,11891.0,11891.0,3859.000000000069,0,0,True,True,0,0,0,7760.0,23510.0,0.0,0.0,0.0,7760.0,23510.0,15750.0,
20260922T043702Z-2c8c3de9-20260922T043702Z-2c8c3de9-H0009-T2572-22adc2,20260922T043702Z-2c8c3de9,20260922T043702Z-2c8c3de9-H0009,2572,CRZY,BUY,67000,8.77,TENDER_GATED_PIPELINED_MARKET_V4_1,MARKET_HEDGE_ONLY_2C,200.0,180.0,5.555555555555555,8.911671641791045,0.12167164179104574,8152.000000000065,0.050213675213675216,True,56.066899999044836,9.999985195463523e-05,67000,938.6893000000782,8.872492537313432,0.08249253731343266,-0.03917910447761308,941.2436000002344,1062.3143000002528,121.0707000000184,1190.7009000005928,1696.5764999995372,440.34169999940787,SELL,3,67000,67000,8.872492537313432,0.03917910447761308,2625.0000000000764,6866.999999999988,5526.999999999988,7760.0,13287.0,5527.0,11893.000000000011,0,0,True,True,0,0,0,19651.0,37071.0,0.0,0.0,0.0,19651.0,37071.0,17420.0,
20260922T043702Z-2c8c3de9-20260922T043702Z-2c8c3de9-H0010-T972-63006d,20260922T043702Z-2c8c3de9,20260922T043702Z-2c8c3de9-H0010,972,CRZY,BUY,75000,9.59,TENDER_GATED_PIPELINED_MARKET_V4_1,MARKET_HEDGE_ONLY_2C,200.0,180.0,5.555555555555555,9.796586666666666,0.18658666666666648,13993.999999999985,-0.042801556420233464,True,33.88370000012219,9.999985195463523e-05,75000,928.9327999995294,9.796586666666666,0.18658666666666648,0.0,931.1829999996917,1052.5660999992397,121.383099999548,1274.496399999407,1755.1046999997197,427.0587000000887,SELL,3,75000,75000,9.796586666666666,0.0,0.0,15493.999999999985,13993.999999999985,0.0,13994.0,13994.0,9256.000000000015,0,0,True,True,0,0,0,0.0,23250.0,0.0,0.0,0.0,0.0,23250.0,23250.0,
20260922T043702Z-2c8c3de9-20260922T043702Z-2c8c3de9-H0010-T3372-ec86be,20260922T043702Z-2c8c3de9,20260922T043702Z-2c8c3de9-H0010,3372,TAME,SELL,74000,25.82,TENDER_GATED_PIPELINED_MARKET_V4_1,MARKET_HEDGE_ONLY_2C,200.0,180.0,5.555555555555555,25.67195945945946,0.12804054054054206,9475.000000000113,0.045707915273132664,True,43.008799999952316,9.999985195463523e-05,-74000,956.8449999997028,25.654554054054053,0.14544594594594742,0.01740540540540536,959.0474999995422,1258.8072999997166,299.75980000017444,1327.6050999993458,1813.9531999995597,425.0397999994675,BUY,8,74000,74000,25.654554054054053,-0.01740540540540536,-1287.9999999999968,12243.00000000011,10763.00000000011,0.0,10763.0,10763.0,11436.99999999989,0,0,True,True,0,0,0,13994.0,36194.0,0.0,0.0,0.0,13994.0,36194.0,22200.0,
20260922T043702Z-2c8c3de9-20260922T043702Z-2c8c3de9-H0011-T172-71860a,20260922T043702Z-2c8c3de9,20260922T043702Z-2c8c3de9-H0011,172,TAME,SELL,67000,25.24,TENDER_GATED_PIPELINED_MARKET_V4_1,MARKET_HEDGE_ONLY_2C,200.0,180.0,5.555555555555555,25.059119402985075,0.160880597014923,10778.99999999984,0.013109596224436287,True,34.12459999974817,9.999985195463523e-05,-67000,962.9812000002858,25.04582089552239,0.1741791044776089,0.013298507462685905,965.1749000004202,1236.7904000002454,271.61549999982526,1413.519499999893,1889.6029999996244,425.9375000001455,BUY,7,67000,67000,25.03468656716418,-0.02443283582089606,-1637.000000000036,13755.999999999876,12415.999999999876,0.0,12416.0,12416.0,5004.000000000124,0,0,True,True,0,0,0,0.0,17420.0,0.0,0.0,0.0,0.0,17420.0,17420.0,
20260922T043702Z-2c8c3de9-20260922T043702Z-2c8c3de9-H0011-T972-18002c,20260922T043702Z-2c8c3de9,20260922T043702Z-2c8c3de9-H0011,972,TAME,SELL,66000,25.32,TENDER_GATED_PIPELINED_MARKET_V4_1,MARKET_HEDGE_ONLY_2C,200.0,180.0,5.555555555555555,25.23168181818182,0.06831818181818107,4508.999999999951,-0.02417088251826869,True,35.31709999963641,9.999985195463523e-05,-66000,957.5292999998055,25.23168181818182,0.06831818181818107,0.0,959.7502000005989,1211.3909999998214,251.6407999992225,1250.4822999999305,1737.321300000076,430.9942999998384,BUY,7,66000,66000,25.23168181818182,0.0,0.0,5828.999999999951,4508.999999999951,12416.0,16925.0,4509.0,4071.000000000049,0,0,True,True,0,0,0,12416.0,20996.0,0.0,0.0,0.0,12416.0,20996.0,8580.0,
20260922T043702Z-2c8c3de9-20260922T043702Z-2c8c3de9-H0011-T1772-3c3063,20260922T043702Z-2c8c3de9,20260922T043702Z-2c8c3de9-H0011,1772,CRZY,SELL,68000,10.19,TENDER_GATED_PIPELINED_MARKET_V4_1,MARKET_HEDGE_ONLY_2C,200.0,180.0,5.555555555555555,9.976338235294117,0.19366176470588273,13169.000000000025,0.010752688172043012,True,34.753900000825524,0.000100000761449337,-68000,940.3806000000259,9.972014705882353,0.19798529411764634,0.004323529411763616,942.243899999994,1068.3629000004657,126.11900000047171,1130.2885000004608,1606.4431000004333,426.2714999995296,BUY,3,68000,68000,9.969044117647059,-0.007294117647058229,-495.9999999999596,15024.999999999984,13664.999999999984,0.0,13665.0,13665.0,3335.0000000000164,0,0,True,True,0,0,0,16925.0,33925.0,0.0,0.0,0.0,16925.0,33925.0,17000.0,
20260922T043702Z-2c8c3de9-20260922T043702Z-2c8c3de9-H0011-T2572-733bd0,20260922T043702Z-2c8c3de9,20260922T043702Z-2c8c3de9-H0011,2572,TAME,BUY,74000,25.0,TENDER_GATED_PIPELINED_MARKET_V4_1,MARKET_HEDGE_ONLY_2C,200.0,180.0,5.555555555555555,25.1555,0.13549999999999998,10026.999999999998,-0.04178272980501393,True,33.55049999896437,0.0,74000,966.2420000004204,25.14877027027027,0.12877027027026913,-0.006729729729730849,968.6314999999013,1259.9802000004274,291.34870000052615,1302.3018000003503,1786.2513999998555,431.2178000000131,SELL,8,74000,74000,25.147364864864866,0.00813513513513442,601.999999999947,10905.000000000051,9425.000000000051,16925.0,26350.0,9425.0,6114.999999999949,0,0,True,True,0,0,0,30590.0,46130.0,0.0,0.0,0.0,30590.0,46130.0,15540.0,
20260922T043702Z-2c8c3de9-20260922T043702Z-2c8c3de9-H0012-T172-e16456,20260922T043702Z-2c8c3de9,20260922T043702Z-2c8c3de9-H0012,172,CRZY,SELL,66000,10.39,TENDER_GATED_PIPELINED_MARKET_V4_1,MARKET_HEDGE_ONLY_2C,200.0,180.0,5.555555555555555,10.126727272727273,0.243272727272728,16056.000000000047,-0.0070690592713431215,True,32.9051000000909,9.999985195463523e-05,-66000,935.3104000001622,10.126727272727273,0.243272727272728,0.0,937.6218000006702,1041.4222000008522,103.80040000018198,1265.3070000005755,1735.421100000167,427.49060000005557,BUY,3,66000,66000,10.126727272727273,0.0,0.0,17376.000000000047,16056.000000000047,0.0,16056.0,16056.0,4403.999999999953,0,0,True,True,0,0,0,0.0,20460.0,0.0,0.0,0.0,0.0,20460.0,20460.0,
20260922T043702Z-2c8c3de9-20260922T043702Z-2c8c3de9-H0012-T1772-a58714,20260922T043702Z-2c8c3de9,20260922T043702Z-2c8c3de9-H0012,1772,TAME,SELL,73000,24.75,TENDER_GATED_PIPELINED_MARKET_V4_1,MARKET_HEDGE_ONLY_2C,200.0,180.0,5.555555555555555,24.59332876712329,0.13667123287671104,9976.999999999905,0.40032679738562094,True,50.81339999940246,9.999985195463523e-05,-73000,946.251299999858,24.574972602739727,0.15502739726027273,0.01835616438356169,948.8642999995136,1253.6608999998862,304.79660000037256,1414.992500000153,1910.2274999995643,424.3282999996154,BUY,8,73000,73000,24.561383561643837,-0.031945205479452454,-2332.000000000029,13768.999999999935,12308.999999999935,0.0,12309.0,12309.0,9591.000000000065,0,0,True,True,0,0,0,16056.0,37956.0,0.0,0.0,0.0,16056.0,37956.0,21900.0,
20260922T043702Z-2c8c3de9-20260922T043702Z-2c8c3de9-H0013-T1772-9fb91b,20260922T043702Z-2c8c3de9,20260922T043702Z-2c8c3de9-H0013,1772,TAME,SELL,67000,22.47,TENDER_GATED_PIPELINED_MARKET_V4_1,MARKET_HEDGE_ONLY_2C,200.0,180.0,5.555555555555555,22.377238805970148,0.07276119402985116,4875.000000000028,0.44842721287490855,True,37.315099999308586,9.999985195463523e-05,-67000,974.6804000005795,22.35655223880597,0.09344776119402766,0.020686567164176495,977.2655000006125,1237.190400000145,259.9248999995325,1506.9621000002371,1998.3412000001408,427.48179999944114,BUY,7,67000,67000,22.35655223880597,-0.020686567164176495,-1385.9999999998251,7600.999999999854,6260.999999999854,0.0,6261.0,6261.0,9149.000000000146,0,0,True,True,0,0,0,0.0,15410.0,0.0,0.0,0.0,0.0,15410.0,15410.0,
20260922T043702Z-2c8c3de9-20260922T043702Z-2c8c3de9-H0013-T2572-e91255,20260922T043702Z-2c8c3de9,20260922T043702Z-2c8c3de9-H0013,2572,TAME,SELL,68000,22.7,TENDER_GATED_PIPELINED_MARKET_V4_1,MARKET_HEDGE_ONLY_2C,200.0,180.0,5.555555555555555,22.50925,0.17074999999999776,11610.999999999847,-0.028372324539571926,True,34.57740000076592,9.999985195463523e-05,-68000,972.4453999997422,22.516720588235295,0.16327941176470476,-0.0074705882352930075,974.4714999997086,1239.0183999996225,264.5468999999139,1424.862399999256,1904.2294999999285,432.8364999992118,BUY,7,68000,68000,22.516720588235295,0.0074705882352930075,507.9999999999245,12462.999999999924,11102.999999999924,6261.0,17364.0,11103.0,5217.000000000076,0,0,True,True,0,0,0,6261.0,22581.0,0.0,0.0,0.0,6261.0,22581.0,16320.0,
20260922T043702Z-2c8c3de9-20260922T043702Z-2c8c3de9-H0013-T3372-36e575,20260922T043702Z-2c8c3de9,20260922T043702Z-2c8c3de9-H0013,3372,CRZY,BUY,75000,10.93,TENDER_GATED_PIPELINED_MARKET_V4_1,MARKET_HEDGE_ONLY_2C,200.0,180.0,5.555555555555555,11.033826666666666,0.08382666666666651,6286.999999999988,0.02631578947368421,True,36.438699999824166,9.999985195463523e-05,75000,947.8912000004129,11.015546666666667,0.06554666666666754,-0.018279999999998964,949.7886000008293,1077.214100000674,127.42549999984476,1243.1007000004684,1725.0644000005195,428.842799999984,SELL,3,75000,75000,11.015546666666667,0.018279999999998964,1370.9999999999222,6416.000000000066,4916.000000000066,0.0,4916.0,4916.0,7083.999999999934,0,0,True,True,0,0,0,17364.0,29364.0,0.0,0.0,0.0,17364.0,29364.0,12000.0,
20260922T043702Z-2c8c3de9-20260922T043702Z-2c8c3de9-H0014-T172-563e12,20260922T043702Z-2c8c3de9,20260922T043702Z-2c8c3de9-H0014,172,CRZY,BUY,71000,9.86,TENDER_GATED_PIPELINED_MARKET_V4_1,MARKET_HEDGE_ONLY_2C,200.0,180.0,5.555555555555555,9.978535211267605,0.09853521126760569,6996.000000000004,0.10332950631458095,True,34.07780000008643,9.999985195463523e-05,71000,962.2846000002028,9.942281690140845,0.06228169014084585,-0.036253521126759836,964.4750000006752,1091.6551000000254,127.1800999993502,1279.6474000006128,1750.9121000002779,425.9256000004825,SELL,3,71000,71000,9.942281690140845,0.036253521126759836,2573.999999999948,5842.0000000000555,4422.0000000000555,0.0,4422.0,4422.0,11197.999999999945,0,0,True,True,0,0,0,0.0,15620.0,0.0,0.0,0.0,0.0,15620.0,15620.0,
20260922T043702Z-2c8c3de9-20260922T043702Z-2c8c3de9-H0014-T972-043757,20260922T043702Z-2c8c3de9,20260922T043702Z-2c8c3de9-H0014,972,TAME,SELL,75000,24.96,TENDER_GATED_PIPELINED_MARKET_V4_1,MARKET_HEDGE_ONLY_2C,200.0,180.0,5.555555555555555,24.838853333333333,0.10114666666666806,7586.000000000105,0.22761449077238552,True,35.85890000034124,0.000100000761449337,-75000,940.7043999999587,24.82952,0.11048000000000215,0.009333333333334082,963.1522999998197,1239.2926000002262,276.14030000040657,1454.7962999995434,1955.095700000129,426.69719999958033,BUY,8,75000,75000,24.82952,-0.009333333333334082,-700.0000000000562,9786.000000000162,8286.000000000162,0.0,8286.0,8286.0,8213.999999999838,0,0,True,True,0,0,0,4422.0,20922.0,0.0,0.0,0.0,4422.0,20922.0,16500.0,
20260922T043702Z-2c8c3de9-20260922T043702Z-2c8c3de9-H0014-T1772-429d16,20260922T043702Z-2c8c3de9,20260922T043702Z-2c8c3de9-H0014,1772,CRZY,BUY,67000,10.37,TENDER_GATED_PIPELINED_MARKET_V4_1,MARKET_HEDGE_ONLY_2C,200.0,180.0,5.555555555555555,10.462820895522388,0.07282089552238837,4879.000000000021,0.0880503144654088,True,33.64230000041425,9.999985195463523e-05,67000,935.4812999999922,10.478134328358209,0.08813432835820968,0.015313432835821317,937.4396000002889,1063.4054000001925,125.96579999990354,1263.6436000002504,1745.0285000004442,427.3537999997643,SELL,3,67000,67000,10.478134328358209,-0.015313432835821317,-1026.0000000000282,7245.000000000049,5905.000000000049,4422.0,10327.0,5905.0,6824.999999999951,0,0,True,True,0,0,0,12708.0,25438.0,0.0,0.0,0.0,12708.0,25438.0,12730.0,
20260922T043702Z-2c8c3de9-20260922T043702Z-2c8c3de9-H0014-T3372-885c33,20260922T043702Z-2c8c3de9,20260922T043702Z-2c8c3de9-H0014,3372,CRZY,BUY,71000,10.45,TENDER_GATED_PIPELINED_MARKET_V4_1,MARKET_HEDGE_ONLY_2C,200.0,180.0,5.555555555555555,10.675408450704225,0.20540845070422578,14584.000000000031,0.003006614552014432,True,51.85730000026524,9.999985195463523e-05,71000,963.3165000004738,10.679464788732394,0.20946478873239507,0.004056338028169293,965.4824000008375,1096.2557000002562,130.77329999941867,1154.5990000004167,1643.3492000005572,428.7787000002936,SELL,3,71000,71000,10.679464788732394,-0.004056338028169293,-288.0000000000198,16292.00000000005,14872.00000000005,10327.0,25199.0,14872.0,5717.999999999951,0,0,True,True,0,0,0,18613.0,39203.0,0.0,0.0,0.0,18613.0,39203.0,20590.0,
20260922T043702Z-2c8c3de9-20260922T043702Z-2c8c3de9-H0015-T172-cc7493,20260922T043702Z-2c8c3de9,20260922T043702Z-2c8c3de9-H0015,172,CRZY,SELL,72000,10.21,TENDER_GATED_PIPELINED_MARKET_V4_1,MARKET_HEDGE_ONLY_2C,200.0,180.0,5.555555555555555,10.090555555555556,0.09944444444444535,7160.0000000000655,0.10360884749708964,True,33.47469999920577,9.999985195463523e-05,-72000,938.8895000001867,10.056291666666667,0.13370833333333423,0.034263888888888885,941.4598000003025,1063.4817999998631,122.02199999956065,1239.9622000002637,1709.958800000095,428.6136999999144,BUY,3,72000,72000,10.056291666666667,-0.03426388888888887,-2466.9999999999986,11067.000000000064,9627.000000000064,0.0,9627.0,9627.0,9812.999999999936,0,0,True,True,0,0,0,0.0,19440.0,0.0,0.0,0.0,0.0,19440.0,19440.0,
20260922T043702Z-2c8c3de9-20260922T043702Z-2c8c3de9-H0015-T3372-f7cc29,20260922T043702Z-2c8c3de9,20260922T043702Z-2c8c3de9-H0015,3372,CRZY,SELL,70000,10.16,TENDER_GATED_PIPELINED_MARKET_V4_1,MARKET_HEDGE_ONLY_2C,200.0,180.0,5.555555555555555,9.934685714285715,0.20531428571428514,14371.99999999996,0.03023758099352052,True,35.140400000847876,9.999985195463523e-05,-70000,972.808299999997,9.934685714285715,0.20531428571428514,0.0,974.972500000149,1077.631900000597,102.65940000044793,1267.6602000001367,1738.7564000000566,426.5536000002612,BUY,3,70000,70000,9.934685714285715,0.0,0.0,15771.99999999996,14371.99999999996,9627.0,23999.0,14372.0,3128.00000000004,0,0,True,True,0,0,0,9627.0,27127.0,0.0,0.0,0.0,9627.0,27127.0,17500.0,
20260922T043702Z-2c8c3de9-20260922T043702Z-2c8c3de9-H0016-T2572-ef56ab,20260922T043702Z-2c8c3de9,20260922T043702Z-2c8c3de9-H0016,2572,CRZY,BUY,65000,9.51,TENDER_GATED_PIPELINED_MARKET_V4_1,MARKET_HEDGE_ONLY_2C,200.0,180.0,5.555555555555555,9.640015384615385,0.11001538461538508,7151.00000000003,0.0010351966873706005,True,34.841199999675155,9.999985195463523e-05,65000,941.3205999999263,9.652430769230769,0.12243076923076891,0.012415384615383829,943.5109000005468,1064.223100000163,120.71219999961613,1210.7058000001416,1705.1447000003463,425.4612000004272,SELL,3,65000,65000,9.652430769230769,-0.012415384615383829,-806.9999999999488,9257.99999999998,7957.99999999998,0.0,7958.0,7958.0,4392.00000000002,0,0,True,True,0,0,0,0.0,12350.0,0.0,0.0,0.0,0.0,12350.0,12350.0,
20260922T043702Z-2c8c3de9-20260922T043702Z-2c8c3de9-H0016-T3372-3ff498,20260922T043702Z-2c8c3de9,20260922T043702Z-2c8c3de9-H0016,3372,TAME,BUY,66000,23.03,TENDER_GATED_PIPELINED_MARKET_V4_1,MARKET_HEDGE_ONLY_2C,200.0,180.0,5.555555555555555,23.155954545454545,0.10595454545454387,6992.999999999895,-0.01964735516372796,True,39.4031999995932,0.0,66000,986.5128000001278,23.155954545454545,0.10595454545454387,0.0,988.6657999995805,1242.7473000007012,254.08150000112073,1363.4584000010364,1840.0118999998085,424.98210000121617,SELL,7,66000,66000,23.172954545454544,-0.01699999999999946,-1121.9999999999643,9434.99999999986,8114.99999999986,0.0,8115.0,8115.0,8385.00000000014,0,0,True,True,0,0,0,7958.0,24458.0,0.0,0.0,0.0,7958.0,24458.0,16500.0,
20260922T043702Z-2c8c3de9-20260922T043702Z-2c8c3de9-H0017-T172-21f2fd,20260922T043702Z-2c8c3de9,20260922T043702Z-2c8c3de9-H0017,172,CRZY,BUY,67000,9.77,TENDER_GATED_PIPELINED_MARKET_V4_1,MARKET_HEDGE_ONLY_2C,200.0,180.0,5.555555555555555,9.949567164179104,0.15956716417910458,10691.000000000007,0.0035443037974683543,True,52.15359999984503,0.000100000761449337,67000,941.7795999997907,9.949134328358209,0.15913432835820943,-0.00043283582089514994,944.3367000003491,1074.6158000001742,130.27909999982512,1134.4872999998188,1634.9857000004704,427.5871999998344,SELL,3,67000,67000,9.949134328358209,0.00043283582089514994,28.999999999975046,12002.000000000031,10662.000000000031,0.0,10662.0,10662.0,6087.999999999969,0,0,True,True,0,0,0,0.0,16750.0,0.0,0.0,0.0,0.0,16750.0,16750.0,
20260922T043702Z-2c8c3de9-20260922T043702Z-2c8c3de9-H0017-T972-0901f9,20260922T043702Z-2c8c3de9,20260922T043702Z-2c8c3de9-H0017,972,TAME,SELL,72000,25.08,TENDER_GATED_PIPELINED_MARKET_V4_1,MARKET_HEDGE_ONLY_2C,200.0,180.0,5.555555555555555,24.986583333333332,0.07341666666666626,5285.99999999997,0.03476245654692932,True,33.50929999910295,9.999894245993346e-05,-72000,932.5715999984823,24.982347222222224,0.0776527777777747,0.004236111111108443,935.3701000000001,1235.0873999985197,299.7172999985196,1425.6743999994796,1902.690299999449,430.46010000034585,BUY,8,72000,72000,24.97222222222222,-0.014361111111110603,-1033.9999999999634,7759.9999999999345,6319.9999999999345,0.0,6320.0,6320.0,11680.000000000065,0,0,True,True,0,0,0,10662.0,28662.0,0.0,0.0,0.0,10662.0,28662.0,18000.0,
20260922T043702Z-2c8c3de9-20260922T043702Z-2c8c3de9-H0017-T1772-313813,20260922T043702Z-2c8c3de9,20260922T043702Z-2c8c3de9-H0017,1772,CRZY,BUY,70000,9.83,TENDER_GATED_PIPELINED_MARKET_V4_1,MARKET_HEDGE_ONLY_2C,200.0,180.0,5.555555555555555,9.982657142857143,0.1326571428571426,9285.999999999984,0.03739316239316239,True,36.32460000179708,0.0,70000,943.8602999998693,9.973771428571428,0.12377142857142821,-0.0088857142857144,946.2810999993962,1070.0677999993786,123.78669999998237,1209.6206999995047,1718.4491000007256,430.3784000003361,SELL,3,70000,70000,9.979257142857143,0.0033999999999991815,237.9999999999427,10448.00000000004,9048.00000000004,10662.0,19710.0,9048.0,3551.99999999996,0,0,True,True,0,0,0,16982.0,29582.0,0.0,0.0,0.0,16982.0,29582.0,12600.0,
20260922T043702Z-2c8c3de9-20260922T043702Z-2c8c3de9-H0017-T3372-366438,20260922T043702Z-2c8c3de9,20260922T043702Z-2c8c3de9-H0017,3372,CRZY,BUY,69000,9.91,TENDER_GATED_PIPELINED_MARKET_V4_1,MARKET_HEDGE_ONLY_2C,200.0,180.0,5.555555555555555,10.099608695652174,0.16960869565217387,11702.999999999998,-0.030803080308030802,True,33.05750000104308,0.000100000761449337,69000,965.7145000001037,10.108101449275363,0.178101449275363,0.008492753623189131,967.545199999222,1070.8763000002364,103.33110000101442,1114.0470000009373,1577.9449000001478,423.98080000020855,SELL,3,69000,69000,10.108101449275363,-0.008492753623189131,-586.00000000005,13669.000000000047,12289.000000000047,19710.0,31999.0,12289.0,3580.9999999999527,0,0,True,True,0,0,0,26030.0,41900.0,0.0,0.0,0.0,26030.0,41900.0,15870.0,
20260922T043702Z-2c8c3de9-20260922T043702Z-2c8c3de9-H0018-T172-8e46e9,20260922T043702Z-2c8c3de9,20260922T043702Z-2c8c3de9-H0018,172,CRZY,SELL,72000,10.16,TENDER_GATED_PIPELINED_MARKET_V4_1,MARKET_HEDGE_ONLY_2C,200.0,180.0,5.555555555555555,9.975291666666667,0.16470833333333304,11858.999999999978,0.19084967320261437,True,34.24100000038743,0.0,-72000,938.7504999995144,9.96425,0.17575000000000032,0.011041666666667282,941.1067000000912,1074.4807000010042,133.37400000091293,1201.9842000008794,1674.01990000144,429.16950000108045,BUY,3,72000,72000,9.96425,-0.011041666666667282,-795.0000000000443,14094.000000000022,12654.000000000022,0.0,12654.0,12654.0,7505.999999999978,0,0,True,True,0,0,0,0.0,20160.0,0.0,0.0,0.0,0.0,20160.0,20160.0,
20260922T043702Z-2c8c3de9-20260922T043702Z-2c8c3de9-H0018-T2572-ada8a8,20260922T043702Z-2c8c3de9,20260922T043702Z-2c8c3de9-H0018,2572,CRZY,BUY,74000,9.69,TENDER_GATED_PIPELINED_MARKET_V4_1,MARKET_HEDGE_ONLY_2C,200.0,180.0,5.555555555555555,9.772445945945947,0.062445945945947226,4621.000000000095,-0.04,True,33.13719999976456,0.000100000761449337,74000,944.1430000006221,9.772445945945947,0.062445945945947226,0.0,946.1443000000145,1071.9609999996464,125.81669999963196,1265.3398999991623,1750.3608999995777,429.6988000005513,SELL,3,74000,74000,9.772445945945947,0.0,0.0,6101.000000000095,4621.000000000095,12654.0,17275.0,4621.0,6478.999999999905,0,0,True,True,0,0,0,12654.0,23754.0,0.0,0.0,0.0,12654.0,23754.0,11100.0,
20260922T043702Z-2c8c3de9-20260922T043702Z-2c8c3de9-H0019-T972-8e8121,20260922T043702Z-2c8c3de9,20260922T043702Z-2c8c3de9-H0019,972,CRZY,BUY,69000,9.53,TENDER_GATED_PIPELINED_MARKET_V4_1,MARKET_HEDGE_ONLY_2C,200.0,180.0,5.555555555555555,9.625115942028986,0.07511594202898621,5183.000000000048,0.0,True,33.7687999997288,0.000100000761449337,69000,955.4023000000598,9.60463768115942,0.05463768115942137,-0.020478260869564835,958.3235999998578,1076.2639000004128,117.940300000555,1141.1038000005647,1637.0644999988144,434.0959000001021,SELL,3,69000,69000,9.60463768115942,0.020478260869564835,1412.9999999999736,5150.000000000075,3770.0000000000746,0.0,3770.0,3770.0,10719.999999999925,0,0,True,True,0,0,0,0.0,14490.0,0.0,0.0,0.0,0.0,14490.0,14490.0,
20260922T043702Z-2c8c3de9-20260922T043702Z-2c8c3de9-H0019-T2572-44d9c3,20260922T043702Z-2c8c3de9,20260922T043702Z-2c8c3de9-H0019,2572,TAME,SELL,68000,26.37,TENDER_GATED_PIPELINED_MARKET_V4_1,MARKET_HEDGE_ONLY_2C,200.0,180.0,5.555555555555555,26.20320588235294,0.14679411764706132,9982.00000000017,0.04251968503937008,True,34.36139999888837,0.000100000761449337,-68000,939.2977999996219,26.190926470588234,0.1590735294117667,0.012279411764705372,941.8212000000494,1199.9446000008902,258.1234000008408,1466.3340999995853,1968.233899999177,425.5463999998028,BUY,7,68000,68000,26.190926470588234,-0.012279411764705372,-834.9999999999653,12177.000000000135,10817.000000000135,0.0,10817.0,10817.0,5502.999999999865,0,0,True,True,0,0,0,3770.0,20090.0,0.0,0.0,0.0,3770.0,20090.0,16320.0,
20260922T043702Z-2c8c3de9-20260922T043702Z-2c8c3de9-H0020-T972-d00a00,20260922T043702Z-2c8c3de9,20260922T043702Z-2c8c3de9-H0020,972,CRZY,SELL,71000,10.17,TENDER_GATED_PIPELINED_MARKET_V4_1,MARKET_HEDGE_ONLY_2C,200.0,180.0,5.555555555555555,10.076408450704225,0.07359154929577506,5225.000000000029,-0.030727762803234502,True,34.907700000330806,0.000100000761449337,-71000,970.7870999991428,10.082197183098591,0.06780281690140867,-0.0057887323943663915,973.101300000053,1098.7129999994067,125.61169999935373,1280.1160999988497,1751.7367000000377,429.3163000002096,BUY,3,71000,71000,10.082197183098591,0.0057887323943663915,411.0000000000138,6234.000000000016,4814.000000000016,0.0,4814.0,4814.0,4415.999999999984,0,0,True,True,0,0,0,0.0,9230.0,0.0,0.0,0.0,0.0,9230.0,9230.0,
20260922T043702Z-2c8c3de9-20260922T043702Z-2c8c3de9-H0020-T1772-201e0b,20260922T043702Z-2c8c3de9,20260922T043702Z-2c8c3de9-H0020,1772,CRZY,SELL,69000,10.06,TENDER_GATED_PIPELINED_MARKET_V4_1,MARKET_HEDGE_ONLY_2C,200.0,180.0,5.555555555555555,9.95304347826087,0.08695652173913039,5999.999999999997,-0.07739620707329574,True,37.355299999937415,0.0,-69000,954.589599999963,9.947623188405798,0.09237681159420276,0.005420289855072369,956.7606000000524,1061.8663000004744,105.10570000042208,1123.469699999987,1605.9530999991694,427.95529999966675,BUY,3,69000,69000,9.947623188405798,-0.005420289855072369,-373.99999999999346,7753.999999999991,6373.999999999991,4814.0,11188.0,6374.0,5356.000000000009,0,0,True,True,0,0,0,4814.0,16544.0,0.0,0.0,0.0,4814.0,16544.0,11730.0,
20260922T043702Z-2c8c3de9-20260922T043702Z-2c8c3de9-H0022-T2572-938deb,20260922T043702Z-2c8c3de9,20260922T043702Z-2c8c3de9-H0022,2572,CRZY,BUY,75000,9.3,TENDER_GATED_PIPELINED_MARKET_V4_1,MARKET_HEDGE_ONLY_2C,200.0,180.0,5.555555555555555,9.492506666666667,0.1725066666666666,12937.999999999996,0.039492930277913216,True,52.94840000011027,0.000100000761449337,75000,946.2307000012515,9.492506666666667,0.1725066666666666,0.0,948.6747999999352,1069.0684000001056,120.39360000017041,1266.3448000002973,1772.7837000002182,433.33290000009583,SELL,3,75000,75000,9.492506666666667,0.0,0.0,14437.999999999995,12937.999999999995,0.0,12938.0,12938.0,5812.0000000000055,0,0,True,True,0,0,0,0.0,18750.0,0.0,0.0,0.0,0.0,18750.0,18750.0,
20260922T043702Z-2c8c3de9-20260922T043702Z-2c8c3de9-H0023-T1772-245716,20260922T043702Z-2c8c3de9,20260922T043702Z-2c8c3de9-H0023,1772,CRZY,BUY,68000,9.64,TENDER_GATED_PIPELINED_MARKET_V4_1,MARKET_HEDGE_ONLY_2C,200.0,180.0,5.555555555555555,9.865058823529411,0.20505882352941066,13943.999999999925,-0.003852504127682994,True,33.10649999976158,9.999894245993346e-05,68000,954.1129999997793,9.886911764705882,0.22691176470588162,0.021852941176470964,956.5893999988475,1080.1678999996511,123.57850000080361,1220.6655999998475,1702.1172999993723,432.6649000013276,SELL,3,68000,68000,9.886911764705882,-0.021852941176470964,-1486.0000000000255,16789.99999999995,15429.999999999949,0.0,15430.0,15430.0,8370.000000000051,0,0,True,True,0,0,0,0.0,23800.0,0.0,0.0,0.0,0.0,23800.0,23800.0,
20260922T043702Z-2c8c3de9-20260922T043702Z-2c8c3de9-H0023-T3372-e513b5,20260922T043702Z-2c8c3de9,20260922T043702Z-2c8c3de9-H0023,3372,CRZY,SELL,73000,9.98,TENDER_GATED_PIPELINED_MARKET_V4_1,MARKET_HEDGE_ONLY_2C,200.0,180.0,5.555555555555555,9.828465753424657,0.1315342465753431,9602.000000000045,0.01799775028121485,True,33.87350000068545,0.0,-73000,963.8721999999689,9.824493150684932,0.13550684931506887,0.003972602739725772,965.2948000002652,1092.9727999991883,127.67799999892304,1297.1856999993179,1770.6297999993694,431.4690999999584,BUY,3,73000,73000,9.824493150684932,-0.003972602739725772,-289.99999999998136,11352.000000000027,9892.000000000027,15430.0,25322.0,9892.0,4707.999999999973,0,0,True,True,0,0,0,15430.0,30030.0,0.0,0.0,0.0,15430.0,30030.0,14600.0,
20260922T043702Z-2c8c3de9-20260922T043702Z-2c8c3de9-H0024-T1772-306e4f,20260922T043702Z-2c8c3de9,20260922T043702Z-2c8c3de9-H0024,1772,TAME,SELL,70000,26.85,TENDER_GATED_PIPELINED_MARKET_V4_1,MARKET_HEDGE_ONLY_2C,200.0,180.0,5.555555555555555,26.696242857142856,0.13375714285714538,9363.000000000176,-0.09645909645909646,True,35.75129999965429,0.000100000761449337,-70000,944.7668000011618,26.696242857142856,0.13375714285714538,0.0,947.4443000017345,1212.2865000001184,264.8421999983839,1449.5854000015242,1953.4260000000359,427.72689999947033,BUY,7,70000,70000,26.696242857142856,0.0,0.0,10763.000000000176,9363.000000000176,0.0,9363.0,9363.0,15836.999999999824,0,0,True,True,0,0,0,0.0,25200.0,0.0,0.0,0.0,0.0,25200.0,25200.0,
20260922T043702Z-2c8c3de9-20260922T043702Z-2c8c3de9-H0024-T2572-12e041,20260922T043702Z-2c8c3de9,20260922T043702Z-2c8c3de9-H0024,2572,CRZY,BUY,74000,9.97,TENDER_GATED_PIPELINED_MARKET_V4_1,MARKET_HEDGE_ONLY_2C,200.0,180.0,5.555555555555555,10.088716216216216,0.09871621621621564,7304.999999999957,0.02423603793466807,True,33.65269999951124,0.0,74000,945.9833999990224,10.096702702702702,0.10670270270270123,0.007986486486485589,948.7687000000733,1079.464899999948,130.6961999998748,1335.141300000032,1806.9775000003574,425.60210000010557,SELL,3,74000,74000,10.096702702702702,-0.007986486486485589,-590.9999999999336,9375.99999999989,7895.999999999891,0.0,7896.0,7896.0,6904.000000000109,0,0,True,True,0,0,0,9363.0,24163.0,0.0,0.0,0.0,9363.0,24163.0,14800.0,
20260922T043702Z-2c8c3de9-20260922T043702Z-2c8c3de9-H0025-T172-3c6d93,20260922T043702Z-2c8c3de9,20260922T043702Z-2c8c3de9-H0025,172,TAME,SELL,73000,25.15,TENDER_GATED_PIPELINED_MARKET_V4_1,MARKET_HEDGE_ONLY_2C,200.0,180.0,5.555555555555555,25.048328767123287,0.08167123287671131,5961.999999999925,0.04522613065326633,True,37.87080000154674,9.999894245993346e-05,-73000,928.7028000017017,25.048328767123287,0.08167123287671131,0.0,930.8153000001766,1228.2502000016393,297.43490000146267,1327.8644000001805,1819.909199999529,427.0706000006612,BUY,8,73000,73000,25.048328767123287,0.0,0.0,7421.999999999926,5961.999999999926,0.0,5962.0,5962.0,2798.0000000000737,0,0,True,True,0,0,0,0.0,8760.0,0.0,0.0,0.0,0.0,8760.0,8760.0,
20260922T043702Z-2c8c3de9-20260922T043702Z-2c8c3de9-H0025-T2572-5251e2,20260922T043702Z-2c8c3de9,20260922T043702Z-2c8c3de9-H0025,2572,CRZY,SELL,70000,8.77,TENDER_GATED_PIPELINED_MARKET_V4_1,MARKET_HEDGE_ONLY_2C,200.0,180.0,5.555555555555555,8.621828571428571,0.12817142857142863,8972.000000000004,0.36696696696696696,True,32.945599999278784,0.0,-70000,961.7806999995082,8.621828571428571,0.12817142857142863,0.0,964.2015000008541,1149.0302000001975,184.82869999934337,1179.1733000009117,1652.2502999996505,425.89980000047944,BUY,3,70000,70000,8.63257142857143,0.010742857142858497,752.0000000000948,9619.999999999909,8219.999999999909,0.0,8220.0,8220.0,8580.000000000091,0,0,True,True,0,0,0,5962.0,22762.0,0.0,0.0,0.0,5962.0,22762.0,16800.0,
20260922T043702Z-2c8c3de9-20260922T043702Z-2c8c3de9-H0025-T3372-6ab328,20260922T043702Z-2c8c3de9,20260922T043702Z-2c8c3de9-H0025,3372,TAME,BUY,70000,26.67,TENDER_GATED_PIPELINED_MARKET_V4_1,MARKET_HEDGE_ONLY_2C,200.0,180.0,5.555555555555555,26.802857142857142,0.11285714285714078,7899.9999999998545,0.42327150084317033,True,34.7115999981761,0.000100000761449337,70000,950.6072999993194,26.810057142857143,0.12005714285714177,0.007200000000000983,952.5011999994604,1208.6395999995148,256.1384000000544,1444.9495999997453,1942.9801000005682,428.4386999988783,SELL,7,70000,70000,26.821185714285715,-0.01832857142857236,-1283.0000000000653,10582.99999999992,9182.99999999992,5962.0,15145.0,9183.0,19517.00000000008,0,0,True,True,0,0,0,14182.0,42882.0,0.0,0.0,0.0,14182.0,42882.0,28700.0,
20260922T043702Z-2c8c3de9-20260922T043702Z-2c8c3de9-H0026-T172-20cf20,20260922T043702Z-2c8c3de9,20260922T043702Z-2c8c3de9-H0026,172,TAME,BUY,73000,24.82,TENDER_GATED_PIPELINED_MARKET_V4_1,MARKET_HEDGE_ONLY_2C,200.0,180.0,5.555555555555555,24.987356164383563,0.1473561643835626,10757.000000000071,0.13191990577149587,True,96.65000000037253,9.999894245993346e-05,73000,858.9929999998276,24.987356164383563,0.1473561643835626,0.0,861.0682999988057,1276.797099999385,415.7288000005792,1464.3980999990163,2010.025499999756,427.80969999876106,SELL,8,73000,73000,24.993726027397262,-0.0063698630136990175,-465.0000000000283,12682.000000000098,11222.000000000098,0.0,11222.0,11222.0,-9.822542779147625e-11,0,0,True,True,0,0,0,0.0,11222.0,0.0,0.0,0.0,0.0,11222.0,11222.0,
20260922T043702Z-2c8c3de9-20260922T043702Z-2c8c3de9-H0026-T3372-75f499,20260922T043702Z-2c8c3de9,20260922T043702Z-2c8c3de9-H0026,3372,TAME,BUY,71000,24.34,TENDER_GATED_PIPELINED_MARKET_V4_1,MARKET_HEDGE_ONLY_2C,200.0,180.0,5.555555555555555,24.509492957746478,0.14949295774647767,10613.999999999915,-0.052318668252080855,True,33.66520000062883,0.0,71000,947.2045000002254,24.49112676056338,0.13112676056337905,-0.01836619718309862,966.3458000013634,1249.0852999999333,282.73949999856995,1486.4004000010027,1960.8115999999427,427.1533000010095,SELL,8,71000,71000,24.49112676056338,0.01836619718309862,1304.000000000002,10729.99999999991,9309.99999999991,11222.0,20532.0,9310.0,7730.000000000089,0,0,True,True,0,0,0,11222.0,28262.0,0.0,0.0,0.0,11222.0,28262.0,17040.0,
20260922T043702Z-2c8c3de9-20260922T043702Z-2c8c3de9-H0027-T972-c452eb,20260922T043702Z-2c8c3de9,20260922T043702Z-2c8c3de9-H0027,972,CRZY,SELL,68000,9.84,TENDER_GATED_PIPELINED_MARKET_V4_1,MARKET_HEDGE_ONLY_2C,200.0,180.0,5.555555555555555,9.729558823529413,0.09044117647058726,6149.999999999934,0.3394919168591224,True,33.60989999957383,0.000100000761449337,-68000,958.5898000004818,9.695823529411765,0.1241764705882349,0.03373529411764764,982.002900000225,1086.9332000002032,104.93029999997816,1153.8985000006505,1645.176599999104,428.3944999988307,BUY,3,68000,68000,9.695823529411765,-0.03373529411764764,-2294.0000000000396,9803.999999999975,8443.999999999975,0.0,8444.0,8444.0,5156.0000000000255,0,0,True,True,0,0,0,0.0,13600.0,0.0,0.0,0.0,0.0,13600.0,13600.0,
20260922T043702Z-2c8c3de9-20260922T043702Z-2c8c3de9-H0027-T2572-eeb4f0,20260922T043702Z-2c8c3de9,20260922T043702Z-2c8c3de9-H0027,2572,CRZY,SELL,67000,9.5,TENDER_GATED_PIPELINED_MARKET_V4_1,MARKET_HEDGE_ONLY_2C,200.0,180.0,5.555555555555555,9.370716417910447,0.10928358208955259,7322.000000000024,-0.055499495459132187,True,38.52030000090599,0.000100000761449337,-67000,931.3025999999809,9.370716417910447,0.10928358208955259,0.0,933.5444000007556,1054.0137000007235,120.46929999996792,1242.9752000007284,1726.5303000003769,429.4511000007333,BUY,3,67000,67000,9.365910447761195,-0.0048059701492526585,-321.99999999992815,8983.999999999953,7643.999999999953,8444.0,16088.0,7644.0,5086.000000000047,0,0,True,True,0,0,0,8444.0,21174.0,0.0,0.0,0.0,8444.0,21174.0,12730.0,
20260922T043702Z-2c8c3de9-20260922T043702Z-2c8c3de9-H0028-T972-8947e0,20260922T043702Z-2c8c3de9,20260922T043702Z-2c8c3de9-H0028,972,TAME,BUY,73000,24.43,TENDER_GATED_PIPELINED_MARKET_V4_1,MARKET_HEDGE_ONLY_2C,200.0,180.0,5.555555555555555,24.558849315068493,0.10884931506849284,7945.999999999977,0.03826955074875208,True,34.25760000012815,9.999894245993346e-05,73000,960.1189999993949,24.53532876712329,0.08532876712328942,-0.02352054794520342,962.6542999994854,1265.0985000000219,302.4442000005365,1363.0099000001792,1837.5894000000699,424.62890000024345,SELL,8,73000,73000,24.53532876712329,0.02352054794520342,1716.9999999998495,7689.000000000128,6229.000000000128,0.0,6229.0,6229.0,6910.999999999872,0,0,True,True,0,0,0,0.0,13140.0,0.0,0.0,0.0,0.0,13140.0,13140.0,
20260922T043702Z-2c8c3de9-20260922T043702Z-2c8c3de9-H0028-T1772-6fbea3,20260922T043702Z-2c8c3de9,20260922T043702Z-2c8c3de9-H0028,1772,CRZY,BUY,67000,9.77,TENDER_GATED_PIPELINED_MARKET_V4_1,MARKET_HEDGE_ONLY_2C,200.0,180.0,5.555555555555555,10.096238805970149,0.3062388059701493,20518.000000000004,0.03537338573834924,True,34.34770000167191,9.999894245993346e-05,67000,956.3220000000001,10.096238805970149,0.3062388059701493,0.0,958.5258000006434,1083.7240000000747,125.19819999943138,1276.8926999997348,1773.4975000003033,423.2307000002038,SELL,3,67000,67000,10.096238805970149,0.0,0.0,21858.000000000004,20518.000000000004,0.0,20518.0,20518.0,4271.999999999996,0,0,True,True,0,0,0,6229.0,31019.0,0.0,0.0,0.0,6229.0,31019.0,24790.0,
20260922T043702Z-2c8c3de9-20260922T043702Z-2c8c3de9-H0028-T2572-773950,20260922T043702Z-2c8c3de9,20260922T043702Z-2c8c3de9-H0028,2572,CRZY,BUY,72000,9.84,TENDER_GATED_PIPELINED_MARKET_V4_1,MARKET_HEDGE_ONLY_2C,200.0,180.0,5.555555555555555,9.979166666666666,0.11916666666666621,8579.999999999967,0.04777777777777778,True,37.37259999848902,0.0,72000,959.4898999985162,9.977986111111111,0.11798611111111114,-0.001180555555555074,961.8400999988808,1081.508399998711,119.6682999998302,1171.325599998454,1642.16739999938,423.93489999994927,SELL,3,72000,72000,9.977986111111111,0.001180555555555074,84.99999999996533,9935.000000000002,8495.000000000002,20518.0,29013.0,8495.0,3744.999999999998,0,0,True,True,0,0,0,26747.0,38987.0,0.0,0.0,0.0,26747.0,38987.0,12240.0,
20260922T043702Z-2c8c3de9-20260922T043702Z-2c8c3de9-H0028-T3372-f99c89,20260922T043702Z-2c8c3de9,20260922T043702Z-2c8c3de9-H0028,3372,TAME,SELL,71000,24.06,TENDER_GATED_PIPELINED_MARKET_V4_1,MARKET_HEDGE_ONLY_2C,200.0,180.0,5.555555555555555,23.943323943661973,0.0966760563380258,6863.999999999832,0.19078104993597952,True,33.098500000312924,0.000100000761449337,-71000,948.4087000000727,23.94156338028169,0.09843661971830954,0.0017605633802837417,971.5859000007185,1261.8357000010292,290.24980000031064,1354.752000001099,1834.3611000000237,424.61550000007264,BUY,8,71000,71000,23.94156338028169,-0.0017605633802837417,-125.00000000014566,8408.999999999978,6988.999999999978,6229.0,13218.0,6989.0,7921.000000000022,0,0,True,True,0,0,0,35242.0,50152.0,0.0,0.0,0.0,35242.0,50152.0,14910.0,
20260922T043702Z-2c8c3de9-20260922T043702Z-2c8c3de9-H0029-T172-5991e3,20260922T043702Z-2c8c3de9,20260922T043702Z-2c8c3de9-H0029,172,TAME,SELL,70000,25.46,TENDER_GATED_PIPELINED_MARKET_V4_1,MARKET_HEDGE_ONLY_2C,200.0,180.0,5.555555555555555,25.307642857142856,0.1323571428571451,9265.000000000156,-0.016356457980823462,True,33.49159999936819,0.0,-70000,967.9740999999922,25.307642857142856,0.1323571428571451,0.0,971.1222999994789,1241.3087000004452,270.1864000009664,1343.062199999622,1831.5241000000242,436.99170000036247,BUY,7,70000,70000,25.307642857142856,0.0,0.0,10665.000000000155,9265.000000000155,0.0,9265.0,9265.0,8234.999999999845,0,0,True,True,0,0,0,0.0,17500.0,0.0,0.0,0.0,0.0,17500.0,17500.0,
20260922T043702Z-2c8c3de9-20260922T043702Z-2c8c3de9-H0029-T972-32cda0,20260922T043702Z-2c8c3de9,20260922T043702Z-2c8c3de9-H0029,972,CRZY,SELL,74000,10.13,TENDER_GATED_PIPELINED_MARKET_V4_1,MARKET_HEDGE_ONLY_2C,200.0,180.0,5.555555555555555,9.981554054054055,0.1284459459459462,9505.000000000018,-0.047471620227038186,True,34.679100001230836,0.000100000761449337,-74000,949.004000000059,9.988418918918919,0.1215810810810818,-0.006864864864864387,950.9526000001642,1073.4482999996544,122.49569999949017,1200.6230000006326,1674.5637000003626,425.48340000030294,BUY,3,74000,74000,9.988418918918919,0.006864864864864373,507.9999999999636,10477.000000000053,8997.000000000053,0.0,8997.0,8997.0,4322.999999999947,0,0,True,True,0,0,0,9265.0,22585.0,0.0,0.0,0.0,9265.0,22585.0,13320.0,
20260922T043702Z-2c8c3de9-20260922T043702Z-2c8c3de9-H0029-T1772-cbbdf6,20260922T043702Z-2c8c3de9,20260922T043702Z-2c8c3de9-H0029,1772,TAME,SELL,69000,25.8,TENDER_GATED_PIPELINED_MARKET_V4_1,MARKET_HEDGE_ONLY_2C,200.0,180.0,5.555555555555555,25.645840579710146,0.13415942028985442,9256.999999999955,0.07146753955264594,True,34.73230000026524,0.0,-69000,937.2136999991199,25.65249275362319,0.12750724637681146,-0.006652173913042958,939.861099999689,1203.928700000688,264.06760000099894,1367.4467999990156,1854.299999999057,434.18149999888556,BUY,7,69000,69000,25.65249275362319,0.006652173913042958,458.9999999999641,10177.99999999999,8797.99999999999,9265.0,18063.0,8798.0,2932.000000000009,0,0,True,True,0,0,0,18262.0,29992.0,0.0,0.0,0.0,18262.0,29992.0,11730.0,
20260922T043702Z-2c8c3de9-20260922T043702Z-2c8c3de9-H0030-T172-e43783,20260922T043702Z-2c8c3de9,20260922T043702Z-2c8c3de9-H0030,172,CRZY,BUY,66000,9.82,TENDER_GATED_PIPELINED_MARKET_V4_1,MARKET_HEDGE_ONLY_2C,200.0,180.0,5.555555555555555,9.982924242424243,0.14292424242424276,9433.000000000022,-0.010917030567685589,True,33.66139999963343,0.0,66000,938.1063000000722,9.986833333333333,0.14683333333333295,0.003909090909090196,940.5954000012571,1071.04900000013,130.45359999887296,1266.7426000007254,1744.0206999999646,428.25949999860313,SELL,3,66000,66000,9.986833333333333,-0.003909090909090196,-257.99999999995293,11010.999999999975,9690.999999999975,0.0,9691.0,9691.0,3509.0000000000255,0,0,True,True,0,0,0,0.0,13200.0,0.0,0.0,0.0,0.0,13200.0,13200.0,
20260922T043702Z-2c8c3de9-20260922T043702Z-2c8c3de9-H0030-T972-7d9b22,20260922T043702Z-2c8c3de9,20260922T043702Z-2c8c3de9-H0030,972,TAME,SELL,65000,25.0,TENDER_GATED_PIPELINED_MARKET_V4_1,MARKET_HEDGE_ONLY_2C,200.0,180.0,5.555555555555555,24.842015384615383,0.13798461538461695,8969.000000000102,-0.024657534246575342,True,35.80599999986589,9.999894245993346e-05,-65000,977.5152000001981,24.855076923076922,0.12492307692307804,-0.013061538461538916,979.4545000004291,1247.3568000004889,267.90230000005977,1471.6410000000906,1952.8592999995453,425.9077000006073,BUY,7,65000,65000,24.85050769230769,0.008492307692307577,551.9999999999925,9717.00000000011,8417.00000000011,0.0,8417.0,8417.0,8482.99999999989,0,0,True,True,0,0,0,9691.0,26591.0,0.0,0.0,0.0,9691.0,26591.0,16900.0,
20260922T043702Z-2c8c3de9-20260922T043702Z-2c8c3de9-H0030-T2572-053adf,20260922T043702Z-2c8c3de9,20260922T043702Z-2c8c3de9-H0030,2572,CRZY,SELL,73000,9.75,TENDER_GATED_PIPELINED_MARKET_V4_1,MARKET_HEDGE_ONLY_2C,200.0,180.0,5.555555555555555,9.496150684931507,0.23384931506849285,17070.999999999978,0.02028397565922921,True,34.49180000089109,0.000100000761449337,-73000,983.2788999992772,9.496150684931507,0.23384931506849285,0.0,989.0001999992819,1215.4735000003711,226.47330000108923,1224.516099999164,1717.9187000001548,423.4197000005224,BUY,3,73000,73000,9.496150684931507,0.0,0.0,18530.999999999978,17070.999999999978,9691.0,26762.0,17071.0,2639.000000000022,0,0,True,True,0,0,0,18108.0,37818.0,0.0,0.0,0.0,18108.0,37818.0,19710.0,
20260922T043702Z-2c8c3de9-20260922T043702Z-2c8c3de9-H0030-T3372-c68490,20260922T043702Z-2c8c3de9,20260922T043702Z-2c8c3de9-H0030,3372,TAME,SELL,74000,25.62,TENDER_GATED_PIPELINED_MARKET_V4_1,MARKET_HEDGE_ONLY_2C,200.0,180.0,5.555555555555555,25.49904054054054,0.10095945945945985,7471.000000000028,0.09488272921108742,True,34.678199999034405,0.000100000761449337,-74000,982.8746000002866,25.49904054054054,0.10095945945945985,0.0,985.5111000015313,1282.6484000015625,297.13730000003125,1467.9310000010446,1949.4212999998126,426.33070000010775,BUY,8,74000,74000,25.49904054054054,0.0,0.0,8951.00000000003,7471.000000000029,8417.0,15888.0,7471.0,3628.999999999971,0,0,True,True,0,0,0,35179.0,46279.0,0.0,0.0,0.0,35179.0,46279.0,11100.0,
20260922T043702Z-2c8c3de9-20260922T043702Z-2c8c3de9-H0031-T172-2958ae,20260922T043702Z-2c8c3de9,20260922T043702Z-2c8c3de9-H0031,172,TAME,SELL,66000,25.37,TENDER_GATED_PIPELINED_MARKET_V4_1,MARKET_HEDGE_ONLY_2C,200.0,180.0,5.555555555555555,25.143515151515153,0.20648484848484785,13627.999999999958,0.05324813631522897,True,37.56519999913871,0.000100000761449337,-66000,915.9331000009843,25.12709090909091,0.22290909090909097,0.01642424242424312,918.2749999999942,1186.0319000006712,267.756900000677,1429.3904999994993,1939.4668999993883,433.9562000004662,BUY,7,66000,66000,25.12709090909091,-0.01642424242424312,-1084.000000000046,16032.000000000004,14712.000000000004,0.0,14712.0,14712.0,7067.999999999996,0,0,True,True,0,0,0,0.0,21780.0,0.0,0.0,0.0,0.0,21780.0,21780.0,
20260922T043702Z-2c8c3de9-20260922T043702Z-2c8c3de9-H0031-T2572-27d169,20260922T043702Z-2c8c3de9,20260922T043702Z-2c8c3de9-H0031,2572,CRZY,BUY,68000,9.29,TENDER_GATED_PIPELINED_MARKET_V4_1,MARKET_HEDGE_ONLY_2C,200.0,180.0,5.555555555555555,9.405808823529412,0.09580882352941301,6515.000000000085,0.04918032786885246,True,33.60040000081062,0.000100000761449337,68000,947.2963000007439,9.393705882352942,0.08370588235294242,-0.012102941176470594,949.4661000007909,1064.134500000364,114.66839999957301,1251.6809000007925,1732.6398000004701,423.66319999928237,SELL,3,68000,68000,9.393705882352942,0.012102941176470594,823.0000000000005,7052.000000000085,5692.000000000085,0.0,5692.0,5692.0,3147.9999999999154,0,0,True,True,0,0,0,14712.0,23552.0,0.0,0.0,0.0,14712.0,23552.0,8840.0,
20260922T043702Z-2c8c3de9-20260922T043702Z-2c8c3de9-H0032-T1772-508430,20260922T043702Z-2c8c3de9,20260922T043702Z-2c8c3de9-H0032,1772,CRZY,BUY,68000,9.78,TENDER_GATED_PIPELINED_MARKET_V4_1,MARKET_HEDGE_ONLY_2C,200.0,180.0,5.555555555555555,10.106161764705883,0.3061617647058834,20819.000000000073,0.08609271523178808,True,57.32950000278652,0.0,68000,943.091999999524,10.106161764705883,0.3061617647058834,0.0,945.3510999992432,1048.193299999184,102.84219999994093,1134.6039000000019,1648.9492999990034,434.7017000000051,SELL,3,68000,68000,10.106161764705883,0.0,0.0,22179.000000000073,20819.000000000073,0.0,20819.0,20819.0,3660.9999999999272,0,0,True,True,0,0,0,0.0,24480.0,0.0,0.0,0.0,0.0,24480.0,24480.0,
20260922T043702Z-2c8c3de9-20260922T043702Z-2c8c3de9-H0032-T2572-8fc3ee,20260922T043702Z-2c8c3de9,20260922T043702Z-2c8c3de9-H0032,2572,TAME,BUY,71000,25.25,TENDER_GATED_PIPELINED_MARKET_V4_1,MARKET_HEDGE_ONLY_2C,200.0,180.0,5.555555555555555,25.349,0.0790000000000002,5609.000000000014,0.11732456140350878,True,33.755000000819564,9.999894245993346e-05,71000,934.8818999987998,25.35561971830986,0.08561971830986038,0.00661971830986019,936.775399999533,1243.1605999991007,306.3851999995677,1374.5416999990994,1861.0980000012205,428.25230000016745,SELL,8,71000,71000,25.35561971830986,-0.00661971830986019,-470.00000000007344,7499.000000000087,6079.000000000087,0.0,6079.0,6079.0,6700.999999999913,0,0,True,True,0,0,0,20819.0,33599.0,0.0,0.0,0.0,20819.0,33599.0,12780.0,
20260922T043702Z-2c8c3de9-20260922T043702Z-2c8c3de9-H0032-T3372-3fb327,20260922T043702Z-2c8c3de9,20260922T043702Z-2c8c3de9-H0032,3372,CRZY,SELL,71000,10.39,TENDER_GATED_PIPELINED_MARKET_V4_1,MARKET_HEDGE_ONLY_2C,200.0,180.0,5.555555555555555,10.236366197183099,0.133633802816902,9488.000000000042,0.014308426073131956,True,33.91760000027716,9.999894245993346e-05,-71000,966.0763000010775,10.236366197183099,0.133633802816902,0.0,968.8710000009451,1073.6445000002277,104.77349999928265,1129.56000000122,1605.4865999994945,429.57579999892914,BUY,3,71000,71000,10.236366197183099,0.0,0.0,10908.00000000004,9488.00000000004,20819.0,30307.0,9488.0,4001.99999999996,0,0,True,True,0,0,0,26898.0,40388.0,0.0,0.0,0.0,26898.0,40388.0,13490.0,
20260922T043702Z-2c8c3de9-20260922T043702Z-2c8c3de9-H0033-T1772-1363ca,20260922T043702Z-2c8c3de9,20260922T043702Z-2c8c3de9-H0033,1772,TAME,SELL,71000,23.96,TENDER_GATED_PIPELINED_MARKET_V4_1,MARKET_HEDGE_ONLY_2C,200.0,180.0,5.555555555555555,23.837901408450705,0.10209859154929603,7249.000000000018,0.5053929121725732,True,35.42239999957383,0.000100000761449337,-71000,949.7357999989617,23.82187323943662,0.11812676056338091,0.01602816901408488,952.2579000004043,1246.022899998934,293.7649999985297,1280.9020999993663,1771.311099999366,428.6805000010645,BUY,8,71000,71000,23.80149295774648,-0.036408450704225714,-2585.000000000026,11254.000000000044,9834.000000000044,0.0,9834.0,9834.0,5785.999999999956,0,0,True,True,0,0,0,0.0,15620.0,0.0,0.0,0.0,0.0,15620.0,15620.0,
