execution_id,run_id,heat_id,tender_id,ticker,tender_action,quantity,tender_price,predicted_arrival_unwind_vwap,predicted_arrival_after_fee_edge,predicted_arrival_profit_after_fee,favorable_imbalance_full,accept_latency_ms,tender_position_latency_ms,hedge_action,hedge_requested_qty,hedge_observed_filled_qty,hedge_slice_count,realized_hedge_vwap,execution_error_per_share,execution_error_dollars,gross_block_profit,profit_less_unwind_fee,profit_less_two_2c_fees,pnl_before,pnl_after_accept,pnl_after_flat,rit_pnl_delta,inferred_fee_error_one_side,inferred_fee_error_two_sides,final_position,fully_flat,failure_reason
20260922T001407Z-7916bae6-20260922T001407Z-7916bae6-H0002-T172-e99152,20260922T001407Z-7916bae6,20260922T001407Z-7916bae6-H0002,172,CRZY,SELL,72000,10.24,10.15413888888889,0.06586111111111094,4741.999999999987,0.05785123966942149,30.80070000886917,838.5241000056267,BUY,72000,72000,3,10.177875,0.023736111111110958,1708.999999999989,4472.999999999999,3032.999999999999,1592.999999999999,0.0,13680.0,13680.0,13680.0,10647.0,12087.0,0,True,
20260922T001407Z-7916bae6-20260922T001407Z-7916bae6-H0002-T972-25eb0d,20260922T001407Z-7916bae6,20260922T001407Z-7916bae6-H0002,972,TAME,BUY,74000,24.72,24.891554054054055,0.1515540540540559,11215.000000000136,0.03482587064676617,36.03549998998642,933.4134000241756,SELL,74000,74000,8,24.882837837837837,0.008716216216217987,645.000000000131,12050.000000000004,10570.000000000004,9090.000000000004,3033.0,19313.0,15651.0,12618.0,2047.9999999999964,3527.9999999999964,0,True,
20260922T001407Z-7916bae6-20260922T001407Z-7916bae6-H0002-T1772-3a2a45,20260922T001407Z-7916bae6,20260922T001407Z-7916bae6-H0002,1772,CRZY,BUY,72000,10.04,10.191333333333333,0.13133333333333355,9456.000000000016,-0.04083885209713024,42.93460002541542,774.6134999990463,SELL,72000,72000,3,10.212083333333334,-0.02075000000000138,-1494.0000000000991,12390.000000000115,10950.000000000115,9510.000000000115,13603.0,30883.0,30883.0,17280.0,6329.999999999885,7769.999999999885,0,True,
20260922T001407Z-7916bae6-20260922T001407Z-7916bae6-H0002-T2572-853110,20260922T001407Z-7916bae6,20260922T001407Z-7916bae6-H0002,2572,CRZY,BUY,67000,9.85,10.004179104477611,0.13417910447761153,8989.999999999973,0.005605381165919282,32.00749999284744,847.9096999764442,SELL,67000,67000,3,10.000671641791044,0.0035074626865672087,235.00000000000298,10094.999999999969,8754.999999999969,7414.999999999969,24553.0,36613.0,36613.0,12060.0,3305.000000000031,4645.000000000031,0,True,
20260922T001407Z-7916bae6-20260922T001407Z-7916bae6-H0003-T1772-b699dc,20260922T001407Z-7916bae6,20260922T001407Z-7916bae6-H0003,1772,TAME,SELL,73000,25.13,24.909013698630137,0.2009863013698623,14671.999999999949,0.018497109826589597,32.45480000972748,835.2246000170708,BUY,73000,73000,8,24.893602739726028,-0.015410958904109151,-1124.999999999968,17256.999999999916,15796.999999999916,14336.999999999916,0.0,21170.0,16765.0,16765.0,968.0000000000837,2428.0000000000837,0,True,
20260922T001407Z-7916bae6-20260922T001407Z-7916bae6-H0003-T2572-e03bff,20260922T001407Z-7916bae6,20260922T001407Z-7916bae6-H0003,2572,CRZY,BUY,73000,9.62,9.728041095890411,0.0880410958904121,6427.000000000084,0.05268703898840885,44.121800005435944,783.233000010252,SELL,73000,73000,3,9.747739726027397,-0.01969863013698614,-1437.9999999999882,9325.000000000073,7865.000000000073,6405.000000000073,15797.0,30397.0,30397.0,14600.0,6734.999999999927,8194.999999999927,0,True,
20260922T001407Z-7916bae6-20260922T001407Z-7916bae6-H0004-T972-798b9d,20260922T001407Z-7916bae6,20260922T001407Z-7916bae6-H0004,972,CRZY,SELL,66000,10.93,10.733984848484848,0.1760151515151516,11617.000000000005,-0.0005373455131649651,34.600300043821335,867.4617999792099,BUY,66000,66000,3,10.72559090909091,-0.00839393939393851,-553.9999999999417,13490.999999999947,12170.999999999947,10850.999999999947,0.0,15840.0,15840.0,15840.0,3669.0000000000528,4989.000000000053,0,True,
20260922T001407Z-7916bae6-20260922T001407Z-7916bae6-H0005-T172-94ce8b,20260922T001407Z-7916bae6,20260922T001407Z-7916bae6-H0005,172,TAME,SELL,69000,25.05,24.95423188405797,0.07576811594202894,5227.999999999996,0.3399390243902439,30.53990000486374,862.7849999666214,BUY,69000,69000,7,24.899971014492753,-0.05426086956521914,-3744.0000000001205,10352.000000000118,8972.000000000118,7592.000000000118,0.0,19320.0,10147.0,10147.0,1174.9999999998818,2554.9999999998818,0,True,
20260922T001407Z-7916bae6-20260922T001407Z-7916bae6-H0006-T972-052ec1,20260922T001407Z-7916bae6,20260922T001407Z-7916bae6-H0006,972,CRZY,BUY,74000,9.73,9.843283783783784,0.09328378378378367,6902.999999999992,0.06974305191400104,43.944599986076355,912.525700032711,SELL,74000,74000,3,9.861689189189189,-0.018405405405404807,-1361.9999999999557,9744.999999999947,8264.999999999947,6784.999999999947,0.0,15540.0,15540.0,15540.0,7275.000000000053,8755.000000000053,0,True,
20260922T001407Z-7916bae6-20260922T001407Z-7916bae6-H0006-T1772-4ac7d5,20260922T001407Z-7916bae6,20260922T001407Z-7916bae6-H0006,1772,TAME,SELL,75000,25.16,25.034253333333332,0.105746666666668,7931.0000000001,-0.05155746509129968,34.63620001077652,886.2614000141621,BUY,75000,75000,8,25.034853333333334,0.0006000000000021544,45.00000000016158,9385.999999999938,7885.999999999938,6385.999999999938,8265.0,21015.0,16151.0,7886.0,6.184563972055912e-11,1500.0000000000618,0,True,
20260922T001407Z-7916bae6-20260922T001407Z-7916bae6-H0006-T2572-3872c5,20260922T001407Z-7916bae6,20260922T001407Z-7916bae6-H0006,2572,CRZY,SELL,68000,10.14,9.95110294117647,0.16889705882352993,11485.000000000035,-0.0026469031233456856,53.17809998989105,834.5102999806404,BUY,68000,68000,3,9.947691176470588,-0.0034117647058824474,-232.00000000000642,13077.00000000004,11717.00000000004,10357.00000000004,16151.0,31111.0,31111.0,14960.0,3242.99999999996,4602.99999999996,0,True,
20260922T001407Z-7916bae6-20260922T001407Z-7916bae6-H0007-T172-1b85d3,20260922T001407Z-7916bae6,20260922T001407Z-7916bae6-H0007,172,CRZY,SELL,69000,10.27,10.172565217391304,0.07743478260869587,5343.000000000015,-0.03071317022384175,28.080199986696243,893.46099999547,BUY,69000,69000,3,10.172565217391304,0.0,0.0,6723.000000000015,5343.000000000015,3963.0000000000146,0.0,16560.0,16560.0,16560.0,11216.999999999985,12596.999999999985,0,True,
