run_id,heat_id,tender_id,execution_id,slice_no,observed_at_utc,ticker,action,requested_qty,position_before,position_after,observed_filled_qty,predicted_slice_vwap,predicted_slice_worst,predicted_slice_covered,order_id,submit_latency_ms,fill_observation_latency_ms,actual_vwap,actual_price,signed_price_improvement,adverse_slippage_per_share,status,error
20260922T001407Z-7916bae6,20260922T001407Z-7916bae6-H0002,172,20260922T001407Z-7916bae6-20260922T001407Z-7916bae6-H0002-T172-e99152,1,2026-09-22T00:15:32.387+00:00,CRZY,BUY,25000,-72000,-47000,25000,10.0858,10.11,True,145,48.70719999074936,87.75689998269081,10.0858,,0.0,-0.0,TRANSACTED,
20260922T001407Z-7916bae6,20260922T001407Z-7916bae6-H0002,172,20260922T001407Z-7916bae6-20260922T001407Z-7916bae6-H0002-T172-e99152,2,2026-09-22T00:15:32.623+00:00,CRZY,BUY,25000,-47000,-22000,25000,10.18056,10.2,True,148,31.307700008153915,196.0460000038147,10.18056,,0.0,-0.0,TRANSACTED,
20260922T001407Z-7916bae6,20260922T001407Z-7916bae6-H0002,172,20260922T001407Z-7916bae6-20260922T001407Z-7916bae6-H0002-T172-e99152,3,2026-09-22T00:15:32.878+00:00,CRZY,BUY,22000,-22000,0,22000,10.279454545454545,10.33,True,149,43.87890002131462,195.53020000457764,10.279454545454545,,0.0,-0.0,TRANSACTED,
20260922T001407Z-7916bae6,20260922T001407Z-7916bae6-H0002,972,20260922T001407Z-7916bae6-20260922T001407Z-7916bae6-H0002-T972-25eb0d,1,2026-09-22T00:16:43.751+00:00,TAME,SELL,10000,74000,64000,10000,24.9302,24.93,True,604,39.66629999876022,111.67260000109673,24.9302,,0.0,-0.0,TRANSACTED,
20260922T001407Z-7916bae6,20260922T001407Z-7916bae6-H0002,972,20260922T001407Z-7916bae6-20260922T001407Z-7916bae6-H0002-T972-25eb0d,2,2026-09-22T00:16:43.998+00:00,TAME,SELL,10000,64000,54000,10000,24.9153,24.91,True,606,49.040600031614304,176.74640002846718,24.9153,,0.0,-0.0,TRANSACTED,
20260922T001407Z-7916bae6,20260922T001407Z-7916bae6-H0002,972,20260922T001407Z-7916bae6-20260922T001407Z-7916bae6-H0002-T972-25eb0d,3,2026-09-22T00:16:44.267+00:00,TAME,SELL,10000,54000,44000,10000,24.9046,24.9,True,608,36.39859998226166,217.5067000389099,24.9046,,0.0,-0.0,TRANSACTED,
20260922T001407Z-7916bae6,20260922T001407Z-7916bae6-H0002,972,20260922T001407Z-7916bae6-20260922T001407Z-7916bae6-H0002-T972-25eb0d,4,2026-09-22T00:16:44.513+00:00,TAME,SELL,10000,44000,34000,10000,24.8937,24.89,True,610,33.733900010585785,199.99019998311996,24.8937,,0.0,-0.0,TRANSACTED,
20260922T001407Z-7916bae6,20260922T001407Z-7916bae6-H0002,972,20260922T001407Z-7916bae6-20260922T001407Z-7916bae6-H0002-T972-25eb0d,5,2026-09-22T00:16:44.759+00:00,TAME,SELL,10000,34000,24000,10000,24.8838,24.87,True,612,53.48320001363754,178.97569999098778,24.8838,,0.0,-0.0,TRANSACTED,
20260922T001407Z-7916bae6,20260922T001407Z-7916bae6-H0002,972,20260922T001407Z-7916bae6-20260922T001407Z-7916bae6-H0002-T972-25eb0d,6,2026-09-22T00:16:45.017+00:00,TAME,SELL,10000,24000,14000,10000,24.8529,24.83,True,614,46.4651999771595,194.6947000026703,24.8529,,0.0,-0.0,TRANSACTED,
20260922T001407Z-7916bae6,20260922T001407Z-7916bae6-H0002,972,20260922T001407Z-7916bae6-20260922T001407Z-7916bae6-H0002-T972-25eb0d,7,2026-09-22T00:16:45.313+00:00,TAME,SELL,10000,14000,4000,10000,24.8245,24.82,True,617,55.77779999375343,222.172699958086,24.8245,,0.0,-0.0,TRANSACTED,
20260922T001407Z-7916bae6,20260922T001407Z-7916bae6-H0002,972,20260922T001407Z-7916bae6-20260922T001407Z-7916bae6-H0002-T972-25eb0d,8,2026-09-22T00:16:45.561+00:00,TAME,SELL,4000,4000,0,4000,24.82,24.82,True,618,56.6710000038147,177.30370000004768,24.82,,0.0,-0.0,TRANSACTED,
20260922T001407Z-7916bae6,20260922T001407Z-7916bae6-H0002,1772,20260922T001407Z-7916bae6-20260922T001407Z-7916bae6-H0002-T1772-3a2a45,1,2026-09-22T00:17:37.144+00:00,CRZY,SELL,25000,72000,47000,25000,10.25496,10.23,True,1006,59.016699969768524,179.18389999866486,10.25496,,0.0,-0.0,TRANSACTED,
20260922T001407Z-7916bae6,20260922T001407Z-7916bae6-H0002,1772,20260922T001407Z-7916bae6-20260922T001407Z-7916bae6-H0002-T1772-3a2a45,2,2026-09-22T00:17:37.414+00:00,CRZY,SELL,25000,47000,22000,25000,10.20812,10.18,True,1008,50.10740000009537,205.9685000181198,10.20812,,0.0,-0.0,TRANSACTED,
20260922T001407Z-7916bae6,20260922T001407Z-7916bae6-H0002,1772,20260922T001407Z-7916bae6-20260922T001407Z-7916bae6-H0002-T1772-3a2a45,3,2026-09-22T00:17:37.679+00:00,CRZY,SELL,22000,22000,0,22000,10.167863636363636,10.14,True,1010,51.455700010061264,200.81949999928474,10.167863636363636,,0.0,-0.0,TRANSACTED,
20260922T001407Z-7916bae6,20260922T001407Z-7916bae6-H0002,2572,20260922T001407Z-7916bae6-20260922T001407Z-7916bae6-H0002-T2572-853110,1,2026-09-22T00:18:32.243+00:00,CRZY,SELL,25000,67000,42000,25000,10.02052,10.01,True,1405,34.7141999900341,54.82990002632141,10.02052,,0.0,-0.0,TRANSACTED,
20260922T001407Z-7916bae6,20260922T001407Z-7916bae6-H0002,2572,20260922T001407Z-7916bae6-20260922T001407Z-7916bae6-H0002-T2572-853110,2,2026-09-22T00:18:32.492+00:00,CRZY,SELL,25000,42000,17000,25000,9.99488,9.98,True,1406,31.55069997906685,184.07069998979568,9.99488,,0.0,-0.0,TRANSACTED,
20260922T001407Z-7916bae6,20260922T001407Z-7916bae6-H0002,2572,20260922T001407Z-7916bae6-20260922T001407Z-7916bae6-H0002-T2572-853110,3,2026-09-22T00:18:32.751+00:00,CRZY,SELL,17000,17000,0,17000,9.98,9.98,True,1408,35.96899998188019,201.64270001649857,9.98,,0.0,-0.0,TRANSACTED,
20260922T001407Z-7916bae6,20260922T001407Z-7916bae6-H0003,1772,20260922T001407Z-7916bae6-20260922T001407Z-7916bae6-H0003-T1772-b699dc,1,2026-09-22T00:23:40.060+00:00,TAME,BUY,10000,-73000,-63000,10000,24.843,24.85,True,1008,38.299899995326996,23.193900018930435,24.843,,0.0,-0.0,TRANSACTED,
20260922T001407Z-7916bae6,20260922T001407Z-7916bae6-H0003,1772,20260922T001407Z-7916bae6-20260922T001407Z-7916bae6-H0003-T1772-b699dc,2,2026-09-22T00:23:40.314+00:00,TAME,BUY,10000,-63000,-53000,10000,24.8629,24.87,True,1010,30.100599974393845,175.3721999824047,24.8629,,0.0,-0.0,TRANSACTED,
20260922T001407Z-7916bae6,20260922T001407Z-7916bae6-H0003,1772,20260922T001407Z-7916bae6-20260922T001407Z-7916bae6-H0003-T1772-b699dc,3,2026-09-22T00:23:40.580+00:00,TAME,BUY,10000,-53000,-43000,10000,24.8741,24.88,True,1012,31.8091000020504,217.68590000271797,24.8741,,0.0,-0.0,TRANSACTED,
20260922T001407Z-7916bae6,20260922T001407Z-7916bae6-H0003,1772,20260922T001407Z-7916bae6-20260922T001407Z-7916bae6-H0003-T1772-b699dc,4,2026-09-22T00:23:40.839+00:00,TAME,BUY,10000,-43000,-33000,10000,24.8899,24.89,True,1014,47.26350000500679,196.77630001306534,24.8899,,0.0,-0.0,TRANSACTED,
20260922T001407Z-7916bae6,20260922T001407Z-7916bae6-H0003,1772,20260922T001407Z-7916bae6-20260922T001407Z-7916bae6-H0003-T1772-b699dc,5,2026-09-22T00:23:40.974+00:00,TAME,BUY,10000,-33000,-23000,10000,24.9096,24.91,True,1016,31.033499985933304,91.92480000853539,24.9096,,0.0,-0.0,TRANSACTED,
20260922T001407Z-7916bae6,20260922T001407Z-7916bae6-H0003,1772,20260922T001407Z-7916bae6-20260922T001407Z-7916bae6-H0003-T1772-b699dc,6,2026-09-22T00:23:41.069+00:00,TAME,BUY,10000,-23000,-13000,10000,24.9189,24.92,True,1017,32.37229996919632,50.96589997410774,24.9189,,0.0,-0.0,TRANSACTED,
20260922T001407Z-7916bae6,20260922T001407Z-7916bae6-H0003,1772,20260922T001407Z-7916bae6-20260922T001407Z-7916bae6-H0003-T1772-b699dc,7,2026-09-22T00:23:41.344+00:00,TAME,BUY,10000,-13000,-3000,10000,24.9369,24.96,True,1019,31.174299985170364,220.162299990654,24.9369,,0.0,-0.0,TRANSACTED,
20260922T001407Z-7916bae6,20260922T001407Z-7916bae6-H0003,1772,20260922T001407Z-7916bae6-20260922T001407Z-7916bae6-H0003-T1772-b699dc,8,2026-09-22T00:23:41.588+00:00,TAME,BUY,3000,-3000,0,3000,24.96,24.96,True,1021,31.82499998807907,201.57439997792244,24.96,,0.0,-0.0,TRANSACTED,
20260922T001407Z-7916bae6,20260922T001407Z-7916bae6-H0003,2572,20260922T001407Z-7916bae6-20260922T001407Z-7916bae6-H0003-T2572-e03bff,1,2026-09-22T00:24:46.458+00:00,CRZY,SELL,25000,73000,48000,25000,9.80364,9.79,True,1450,35.583400040864944,72.65080001950264,9.80364,,0.0,-0.0,TRANSACTED,
20260922T001407Z-7916bae6,20260922T001407Z-7916bae6-H0003,2572,20260922T001407Z-7916bae6-20260922T001407Z-7916bae6-H0003-T2572-e03bff,2,2026-09-22T00:24:46.725+00:00,CRZY,SELL,25000,48000,23000,25000,9.74776,9.71,True,1452,24.675799995660782,232.87049999833107,9.74776,,0.0,-0.0,TRANSACTED,
20260922T001407Z-7916bae6,20260922T001407Z-7916bae6-H0003,2572,20260922T001407Z-7916bae6-20260922T001407Z-7916bae6-H0003-T2572-e03bff,3,2026-09-22T00:24:46.970+00:00,CRZY,SELL,23000,23000,0,23000,9.68695652173913,9.67,True,1453,43.29449999332428,195.04519999027252,9.68695652173913,,0.0,-0.0,TRANSACTED,
20260922T001407Z-7916bae6,20260922T001407Z-7916bae6-H0004,972,20260922T001407Z-7916bae6-20260922T001407Z-7916bae6-H0004-T972-798b9d,1,2026-09-22T00:28:48.087+00:00,CRZY,BUY,25000,-66000,-41000,25000,10.69892,10.73,True,612,47.24040001630783,29.27910003066063,10.69892,,0.0,-0.0,TRANSACTED,
20260922T001407Z-7916bae6,20260922T001407Z-7916bae6-H0004,972,20260922T001407Z-7916bae6-20260922T001407Z-7916bae6-H0004-T972-798b9d,2,2026-09-22T00:28:48.344+00:00,CRZY,BUY,25000,-41000,-16000,25000,10.73152,10.75,True,613,42.37799999117851,192.8648999929428,10.73152,,0.0,-0.0,TRANSACTED,
20260922T001407Z-7916bae6,20260922T001407Z-7916bae6-H0004,972,20260922T001407Z-7916bae6-20260922T001407Z-7916bae6-H0004-T972-798b9d,3,2026-09-22T00:28:48.604+00:00,CRZY,BUY,16000,-16000,0,16000,10.758,10.76,True,614,48.027800023555756,201.65879997611046,10.758,,0.0,-0.0,TRANSACTED,
20260922T001407Z-7916bae6,20260922T001407Z-7916bae6-H0005,172,20260922T001407Z-7916bae6-20260922T001407Z-7916bae6-H0005-T172-94ce8b,1,2026-09-22T00:33:47.207+00:00,TAME,BUY,10000,-69000,-59000,10000,24.7863,24.82,True,178,27.356099992990494,43.73919999599457,24.7708,,0.015499999999999403,-0.015499999999999403,TRANSACTED,
20260922T001407Z-7916bae6,20260922T001407Z-7916bae6-H0005,172,20260922T001407Z-7916bae6-20260922T001407Z-7916bae6-H0005-T172-94ce8b,2,2026-09-22T00:33:47.474+00:00,TAME,BUY,10000,-59000,-49000,10000,24.8245,24.87,True,179,30.28329998254776,204.98750001192093,24.8245,,0.0,-0.0,TRANSACTED,
20260922T001407Z-7916bae6,20260922T001407Z-7916bae6-H0005,172,20260922T001407Z-7916bae6-20260922T001407Z-7916bae6-H0005-T172-94ce8b,3,2026-09-22T00:33:47.721+00:00,TAME,BUY,10000,-49000,-39000,10000,24.8806,24.89,True,181,31.068399995565414,206.3096999824047,24.8806,,0.0,-0.0,TRANSACTED,
20260922T001407Z-7916bae6,20260922T001407Z-7916bae6-H0005,172,20260922T001407Z-7916bae6-20260922T001407Z-7916bae6-H0005-T172-94ce8b,4,2026-09-22T00:33:47.967+00:00,TAME,BUY,10000,-39000,-29000,10000,24.888,24.94,True,183,30.98099997639656,204.0639999806881,24.888,,0.0,-0.0,TRANSACTED,
20260922T001407Z-7916bae6,20260922T001407Z-7916bae6-H0005,172,20260922T001407Z-7916bae6-20260922T001407Z-7916bae6-H0005-T172-94ce8b,5,2026-09-22T00:33:48.104+00:00,TAME,BUY,10000,-29000,-19000,10000,24.9424,24.96,True,185,36.22429999709129,92.09999996423721,24.9424,,0.0,-0.0,TRANSACTED,
20260922T001407Z-7916bae6,20260922T001407Z-7916bae6-H0005,172,20260922T001407Z-7916bae6-20260922T001407Z-7916bae6-H0005-T172-94ce8b,6,2026-09-22T00:33:48.230+00:00,TAME,BUY,10000,-19000,-9000,10000,24.9777,25.01,True,187,44.86200001835823,73.25759997963905,24.9777,,0.0,-0.0,TRANSACTED,
20260922T001407Z-7916bae6,20260922T001407Z-7916bae6-H0005,172,20260922T001407Z-7916bae6-20260922T001407Z-7916bae6-H0005-T172-94ce8b,7,2026-09-22T00:33:48.484+00:00,TAME,BUY,9000,-9000,0,9000,25.028666666666666,25.04,True,188,32.38719999790192,211.18270000815392,25.028666666666666,,0.0,-0.0,TRANSACTED,
20260922T001407Z-7916bae6,20260922T001407Z-7916bae6-H0006,972,20260922T001407Z-7916bae6-20260922T001407Z-7916bae6-H0006-T972-052ec1,1,2026-09-22T00:40:42.240+00:00,CRZY,SELL,25000,74000,49000,25000,9.9154,9.88,True,559,32.40599995851517,257.3957999944687,9.9154,,0.0,-0.0,TRANSACTED,
20260922T001407Z-7916bae6,20260922T001407Z-7916bae6-H0006,972,20260922T001407Z-7916bae6-20260922T001407Z-7916bae6-H0006-T972-052ec1,2,2026-09-22T00:40:42.487+00:00,CRZY,SELL,25000,49000,24000,25000,9.8444,9.83,True,562,42.990199983119965,188.5435999929905,9.8444,,0.0,-0.0,TRANSACTED,
20260922T001407Z-7916bae6,20260922T001407Z-7916bae6-H0006,972,20260922T001407Z-7916bae6-20260922T001407Z-7916bae6-H0006-T972-052ec1,3,2026-09-22T00:40:42.735+00:00,CRZY,SELL,24000,24000,0,24000,9.82375,9.81,True,563,30.895699977874756,202.28069999814034,9.82375,,0.0,-0.0,TRANSACTED,
20260922T001407Z-7916bae6,20260922T001407Z-7916bae6-H0006,1772,20260922T001407Z-7916bae6-20260922T001407Z-7916bae6-H0006-T1772-4ac7d5,1,2026-09-22T00:41:40.529+00:00,TAME,BUY,10000,-75000,-65000,10000,24.9948,25.0,True,969,32.13890001177788,177.10679998993874,24.9948,,0.0,-0.0,TRANSACTED,
20260922T001407Z-7916bae6,20260922T001407Z-7916bae6-H0006,1772,20260922T001407Z-7916bae6-20260922T001407Z-7916bae6-H0006-T1772-4ac7d5,2,2026-09-22T00:41:40.785+00:00,TAME,BUY,10000,-65000,-55000,10000,25.0092,25.01,True,971,34.309499979019165,209.28219997882843,25.0092,,0.0,-0.0,TRANSACTED,
20260922T001407Z-7916bae6,20260922T001407Z-7916bae6-H0006,1772,20260922T001407Z-7916bae6-20260922T001407Z-7916bae6-H0006-T1772-4ac7d5,3,2026-09-22T00:41:41.035+00:00,TAME,BUY,10000,-55000,-45000,10000,25.0311,25.04,True,973,42.24509999155998,186.7994000017643,25.0311,,0.0,-0.0,TRANSACTED,
20260922T001407Z-7916bae6,20260922T001407Z-7916bae6-H0006,1772,20260922T001407Z-7916bae6-20260922T001407Z-7916bae6-H0006-T1772-4ac7d5,4,2026-09-22T00:41:41.287+00:00,TAME,BUY,10000,-45000,-35000,10000,25.0406,25.05,True,975,26.399399995803833,216.2301999926567,25.0406,,0.0,-0.0,TRANSACTED,
20260922T001407Z-7916bae6,20260922T001407Z-7916bae6-H0006,1772,20260922T001407Z-7916bae6-20260922T001407Z-7916bae6-H0006-T1772-4ac7d5,5,2026-09-22T00:41:41.538+00:00,TAME,BUY,10000,-35000,-25000,10000,25.05,25.05,True,977,38.32829999923706,203.8875000178814,25.05,,0.0,-0.0,TRANSACTED,
20260922T001407Z-7916bae6,20260922T001407Z-7916bae6-H0006,1772,20260922T001407Z-7916bae6-20260922T001407Z-7916bae6-H0006-T1772-4ac7d5,6,2026-09-22T00:41:41.815+00:00,TAME,BUY,10000,-25000,-15000,10000,25.05,25.05,True,979,26.520500004291534,234.15390002727509,25.05,,0.0,-0.0,TRANSACTED,
20260922T001407Z-7916bae6,20260922T001407Z-7916bae6-H0006,1772,20260922T001407Z-7916bae6-20260922T001407Z-7916bae6-H0006-T1772-4ac7d5,7,2026-09-22T00:41:42.054+00:00,TAME,BUY,10000,-15000,-5000,10000,25.0557,25.06,True,981,28.549699991941452,202.90349999070168,25.0557,,0.0,-0.0,TRANSACTED,
20260922T001407Z-7916bae6,20260922T001407Z-7916bae6-H0006,1772,20260922T001407Z-7916bae6-20260922T001407Z-7916bae6-H0006-T1772-4ac7d5,8,2026-09-22T00:41:42.300+00:00,TAME,BUY,5000,-5000,0,5000,25.06,25.06,True,983,34.7805999815464,192.38600000739098,25.06,,0.0,-0.0,TRANSACTED,
20260922T001407Z-7916bae6,20260922T001407Z-7916bae6-H0006,2572,20260922T001407Z-7916bae6-20260922T001407Z-7916bae6-H0006-T2572-3872c5,1,2026-09-22T00:42:46.805+00:00,CRZY,BUY,25000,-68000,-43000,25000,9.9314,9.94,True,1413,33.760999977588654,114.01349997520447,9.9314,,0.0,-0.0,TRANSACTED,
20260922T001407Z-7916bae6,20260922T001407Z-7916bae6-H0006,2572,20260922T001407Z-7916bae6-20260922T001407Z-7916bae6-H0006-T2572-3872c5,2,2026-09-22T00:42:47.039+00:00,CRZY,BUY,25000,-43000,-18000,25000,9.95,9.96,True,1414,37.09720000624657,192.3091000020504,9.95,,0.0,-0.0,TRANSACTED,
20260922T001407Z-7916bae6,20260922T001407Z-7916bae6-H0006,2572,20260922T001407Z-7916bae6-20260922T001407Z-7916bae6-H0006-T2572-3872c5,3,2026-09-22T00:42:47.306+00:00,CRZY,BUY,18000,-18000,0,18000,9.96711111111111,9.98,True,1416,38.778500020504,208.68909999728203,9.96711111111111,,0.0,-0.0,TRANSACTED,
20260922T001407Z-7916bae6,20260922T001407Z-7916bae6-H0007,172,20260922T001407Z-7916bae6-20260922T001407Z-7916bae6-H0007-T172-1b85d3,1,2026-09-22T00:45:54.475+00:00,CRZY,BUY,25000,-69000,-44000,25000,10.07924,10.15,True,184,44.23989996314049,92.92389997839928,10.07924,,0.0,-0.0,TRANSACTED,
20260922T001407Z-7916bae6,20260922T001407Z-7916bae6-H0007,172,20260922T001407Z-7916bae6-20260922T001407Z-7916bae6-H0007-T172-1b85d3,2,2026-09-22T00:45:54.735+00:00,CRZY,BUY,25000,-44000,-19000,25000,10.18476,10.23,True,186,29.941299974918365,216.9957000017166,10.18476,,0.0,-0.0,TRANSACTED,
20260922T001407Z-7916bae6,20260922T001407Z-7916bae6-H0007,172,20260922T001407Z-7916bae6-20260922T001407Z-7916bae6-H0007-T172-1b85d3,3,2026-09-22T00:45:55.005+00:00,CRZY,BUY,19000,-19000,0,19000,10.279315789473685,10.41,True,187,26.752699971199036,232.08889999985695,10.279315789473685,,0.0,-0.0,TRANSACTED,
