run_id,heat_id,observed_at_utc,tick,expires,period,tender_id,ticker,action,ticker_action,api_orders_per_second,quantity,tender_price,top_bid,top_ask,midpoint,spread,unwind_side,unwind_vwap,worst_price,visible_qty,fully_covered,unwind_depth_ratio,raw_edge_per_share,fee_adjusted_edge_per_share,decision_edge_per_share,immediate_profit_after_fees,scored_profit,vwap_25,vwap_50,vwap_75,vwap_100,imbalance_top5,imbalance_top10,imbalance_full,favorable_imbalance_top5,favorable_imbalance_top10,favorable_imbalance_full,breakeven_visible_qty,buffered_visible_qty,threshold_visible_qty,projected_net,projected_gross,decision,decision_regime,core_eligible,marginal_candidate,marginal_eligible,reason,live_mode
20260922T141624Z-a01f6945,20260922T141624Z-a01f6945-H0001,2026-09-22T14:19:06.412+00:00,23,54,1,49,TAME,BUY,TAME_BUY,200.0,67000,24.63,24.92,24.96,24.94,0.03999999999999915,SELL,24.63914194711328,24.34,57141,False,0.8528507462686568,0.009141947113281645,-0.010858052886718355,-0.04085805288671836,-727.4895434101297,-2737.48954341013,24.808106268656715,24.743563582089553,24.677803383084576,,-0.07352575267479472,-0.02701956955469712,-0.26614353231275045,-0.07352575267479472,-0.02701956955469712,-0.26614353231275045,26641,26641,22341,67000,67000,DECLINE,DECLINE,False,False,False,"visible book covers only 57,141/67,000; post-safety modeled profit $-2,737 < $750; after-fee edge $-0.0109/sh below 0.04 marginal floor",True
20260922T141624Z-a01f6945,20260922T141624Z-a01f6945-H0001,2026-09-22T14:20:07.892+00:00,84,115,1,849,CRZY,SELL,CRZY_SELL,200.0,74000,10.61,10.46,10.48,10.47,0.019999999999999574,BUY,10.735878378378379,11.04,74000,True,1.0067567567567568,-0.12587837837837945,-0.14587837837837944,-0.17587837837837944,-10795.000000000078,-13015.000000000078,10.580594594594595,10.628702702702702,10.664144144144144,10.735878378378379,0.3505535055350554,0.34385964912280703,0.35525746430116834,-0.3505535055350554,-0.34385964912280703,-0.35525746430116834,8300,4900,4900,-74000,74000,DECLINE,DECLINE,False,False,False,"post-safety modeled profit $-13,015 < $750; after-fee edge $-0.1459/sh below 0.04 marginal floor",True
20260922T141624Z-a01f6945,20260922T141624Z-a01f6945-H0001,2026-09-22T14:21:02.402+00:00,139,169,1,1649,TAME,SELL,TAME_SELL,200.0,73000,25.11,25.04,25.12,25.08,0.08000000000000185,BUY,25.787694734287793,26.29,32968,False,0.4516164383561644,-0.6776947342877939,-0.6976947342877939,-0.727694734287794,-50931.71560300896,-53121.71560300896,25.566109589041098,,,,0.042505592841163314,0.19362097642109383,0.19362097642109383,-0.042505592841163314,-0.19362097642109383,-0.19362097642109383,0,0,0,-73000,73000,DECLINE,DECLINE,False,False,False,"visible book covers only 32,968/73,000; post-safety modeled profit $-53,122 < $750; after-fee edge $-0.6977/sh below 0.04 marginal floor",True
20260922T141624Z-a01f6945,20260922T141624Z-a01f6945-H0001,2026-09-22T14:22:04.957+00:00,200,231,1,2449,TAME,SELL,TAME_SELL,200.0,75000,25.25,25.04,25.07,25.055,0.030000000000001137,BUY,25.115068266666665,25.18,75000,True,1.28176,0.1349317333333353,0.1149317333333353,0.0849317333333353,8619.880000000147,6369.880000000147,25.082596266666666,25.091298133333336,25.10000391111111,25.115068266666665,-0.723197800039285,-0.2499368812703475,-0.14746799558353973,0.723197800039285,0.2499368812703475,0.14746799558353973,85532,85532,80632,-75000,75000,ACCEPT,CORE_5C,True,False,False,core policy: after-fee edge $0.1149/sh >= $0.05/sh,True
20260922T141624Z-a01f6945,20260922T141624Z-a01f6945-H0001,2026-09-22T14:23:07.570+00:00,263,293,1,3249,CRZY,BUY,CRZY_BUY,200.0,73000,11.24,11.45,11.46,11.455,0.010000000000001563,SELL,11.359427397260275,11.3,73000,True,1.729041095890411,0.1194273972602744,0.0994273972602744,0.0694273972602744,7258.200000000032,5068.200000000032,11.420098630136986,11.401507397260275,11.376597625570776,11.359427397260275,0.3422185487481489,0.3642671676577191,0.557415987513033,0.3422185487481489,0.3642671676577191,0.557415987513033,89274,81274,66974,73000,73000,ACCEPT,CORE_5C,True,False,False,core policy: after-fee edge $0.0994/sh >= $0.05/sh,True
20260922T141624Z-a01f6945,20260922T141624Z-a01f6945-H0002,2026-09-22T14:30:35.034+00:00,27,57,1,49,CRZY,BUY,CRZY_BUY,200.0,68000,9.59,9.8,9.83,9.815000000000001,0.02999999999999936,SELL,9.707514705882353,9.42,68000,True,1.0596470588235294,0.11751470588235335,0.09751470588235335,0.06751470588235335,6631.000000000028,4591.000000000028,9.785023529411765,9.772132941176471,9.751470588235295,9.707514705882353,-0.20001944532218469,-0.13812493369012954,-0.14437537478700224,-0.20001944532218469,-0.13812493369012954,-0.14437537478700224,60656,60656,60656,68000,68000,ACCEPT,CORE_5C,True,False,False,core policy: after-fee edge $0.0975/sh >= $0.05/sh,True
20260922T141624Z-a01f6945,20260922T141624Z-a01f6945-H0002,2026-09-22T14:31:36.455+00:00,87,118,1,849,TAME,SELL,TAME_SELL,200.0,75000,24.52,24.34,24.36,24.35,0.019999999999999574,BUY,24.652426666666667,25.21,75000,True,1.184,-0.13242666666666736,-0.15242666666666735,-0.18242666666666735,-11432.000000000051,-13682.000000000051,24.478453333333334,24.52469333333333,24.56862222222222,24.652426666666667,-0.4098360655737705,-0.31486880466472306,-0.1326530612244898,0.4098360655737705,0.31486880466472306,0.1326530612244898,10100,6300,6300,-75000,75000,DECLINE,DECLINE,False,False,False,"post-safety modeled profit $-13,682 < $750; after-fee edge $-0.1524/sh below 0.04 marginal floor",True
20260922T141624Z-a01f6945,20260922T141624Z-a01f6945-H0002,2026-09-22T14:32:36.967+00:00,148,178,1,1649,CRZY,SELL,CRZY_SELL,200.0,74000,10.01,9.75,9.78,9.765,0.02999999999999936,BUY,10.321471393093848,10.78,63219,False,0.8543108108108108,-0.3114713930938482,-0.3314713930938482,-0.36147139309384824,-24528.883088944767,-26748.88308894477,9.924844864864864,10.106308378378378,10.263080900900901,,0.18258499202797923,0.13111344729865618,0.24699842774786793,-0.18258499202797923,-0.13111344729865618,-0.24699842774786793,21393,15893,15893,-74000,74000,DECLINE,DECLINE,False,False,False,"visible book covers only 63,219/74,000; post-safety modeled profit $-26,749 < $750; after-fee edge $-0.3315/sh below 0.04 marginal floor",True
20260922T141624Z-a01f6945,20260922T141624Z-a01f6945-H0002,2026-09-22T14:33:26.364+00:00,197,227,1,2449,CRZY,SELL,CRZY_SELL,200.0,72000,9.68,9.44,9.46,9.45,0.02000000000000135,BUY,9.654030555555554,9.9,72000,True,1.0985416666666667,0.0259694444444456,0.005969444444445599,-0.0240305555555544,429.8000000000831,-1730.1999999999168,9.533100000000001,9.577856944444445,9.60515462962963,9.654030555555554,0.07543727192651314,0.09974060956751633,0.018684631704321285,-0.07543727192651314,-0.09974060956751633,-0.018684631704321285,50695,36095,14995,-72000,72000,DECLINE,DECLINE,False,False,False,"post-safety modeled profit $-1,730 < $750; after-fee edge $0.0060/sh below 0.04 marginal floor",True
20260922T141624Z-a01f6945,20260922T141624Z-a01f6945-H0002,2026-09-22T14:34:28.853+00:00,258,289,1,3249,TAME,SELL,TAME_SELL,200.0,67000,23.61,23.42,23.43,23.425,0.00999999999999801,BUY,23.526671641791044,23.73,67000,True,1.394179104477612,0.08332835820895568,0.06332835820895567,0.033328358208955675,4243.00000000003,2233.00000000003,23.438089552238807,23.46531343283582,23.490009950248755,23.526671641791044,0.012875536480686695,-0.047516198704103674,-0.056017183878808434,-0.012875536480686695,0.047516198704103674,0.056017183878808434,53800,53800,42500,-67000,67000,ACCEPT,CORE_5C,True,False,False,core policy: after-fee edge $0.0633/sh >= $0.05/sh,True
20260922T141624Z-a01f6945,20260922T141624Z-a01f6945-H0003,2026-09-22T14:39:09.258+00:00,20,50,1,49,CRZY,BUY,CRZY_BUY,200.0,66000,9.7,9.96,10.0,9.98,0.03999999999999915,SELL,9.850045454545455,9.76,66000,True,1.4515151515151514,0.15004545454545593,0.13004545454545594,0.10004545454545594,8583.000000000091,6603.000000000092,9.926545454545455,9.898272727272728,9.874444444444444,9.850045454545455,0.04884318766066838,0.027149321266968326,0.010015814443858724,0.04884318766066838,0.027149321266968326,0.010015814443858724,90400,69100,64900,66000,66000,ACCEPT,CORE_5C,True,False,False,core policy: after-fee edge $0.1300/sh >= $0.05/sh,True
20260922T141624Z-a01f6945,20260922T141624Z-a01f6945-H0003,2026-09-22T14:40:19.871+00:00,90,120,1,849,TAME,SELL,TAME_SELL,200.0,68000,25.03,24.8,24.81,24.805,0.00999999999999801,BUY,25.26003293315718,25.91,52227,False,0.7680441176470588,-0.23003293315717954,-0.25003293315717956,-0.2800329331571796,-17002.23945468821,-19042.239454688213,24.83094117647059,25.001617647058822,25.244395490196077,,0.32673267326732675,0.3396826979813342,0.43147169441617184,-0.32673267326732675,-0.3396826979813342,-0.43147169441617184,20400,20300,20300,-68000,68000,DECLINE,DECLINE,False,False,False,"visible book covers only 52,227/68,000; post-safety modeled profit $-19,042 < $750; after-fee edge $-0.2500/sh below 0.04 marginal floor",True
20260922T141624Z-a01f6945,20260922T141624Z-a01f6945-H0003,2026-09-22T14:41:08.193+00:00,137,168,1,1649,CRZY,BUY,CRZY_BUY,200.0,74000,9.76,9.94,9.96,9.95,0.02000000000000135,SELL,9.80861472972973,9.7,74000,True,1.3032027027027027,0.04861472972972969,0.02861472972972969,-0.0013852702702703105,2117.489999999997,-102.51000000000298,9.920702702702703,9.878322972972974,9.839964144144144,9.80861472972973,0.15793418433071787,0.13308831419680223,0.2956563797342505,0.15793418433071787,0.13308831419680223,0.2956563797342505,39519,38319,27719,74000,74000,DECLINE,DECLINE,False,False,False,post-safety modeled profit $-103 < $750; after-fee edge $0.0286/sh below 0.04 marginal floor,True
20260922T141624Z-a01f6945,20260922T141624Z-a01f6945-H0003,2026-09-22T14:42:08.713+00:00,198,228,1,2449,CRZY,BUY,CRZY_BUY,200.0,73000,9.81,9.81,9.83,9.82,0.019999999999999574,SELL,9.374014527845036,8.99,51625,False,0.7071917808219178,-0.4359854721549645,-0.45598547215496454,-0.48598547215496457,-33286.93946731241,-35476.93946731241,9.731643835616438,9.520547945205479,,,0.3474178403755869,0.23173277661795408,0.23173277661795408,0.3474178403755869,0.23173277661795408,0.23173277661795408,0,0,0,73000,73000,DECLINE,DECLINE,False,False,False,"visible book covers only 51,625/73,000; post-safety modeled profit $-35,477 < $750; after-fee edge $-0.4560/sh below 0.04 marginal floor",True
20260922T141624Z-a01f6945,20260922T141624Z-a01f6945-H0003,2026-09-22T14:43:09.213+00:00,258,288,1,3249,TAME,BUY,TAME_BUY,200.0,65000,25.26,25.48,25.52,25.5,0.03999999999999915,SELL,25.26733846153846,24.95,65000,True,1.2940769230769231,0.00733846153845974,-0.01266153846154026,-0.04266153846154026,-823.000000000117,-2773.0000000001173,25.463169230769232,25.421415384615386,25.361302564102566,25.26733846153846,0.05245371376155647,-0.0026510329685729968,0.23751305703903136,0.05245371376155647,-0.0026510329685729968,0.23751305703903136,36900,27400,27400,65000,65000,DECLINE,DECLINE,False,False,False,"post-safety modeled profit $-2,773 < $750; after-fee edge $-0.0127/sh below 0.04 marginal floor",True
20260922T141624Z-a01f6945,20260922T141624Z-a01f6945-H0004,2026-09-22T14:49:33.604+00:00,15,46,1,49,CRZY,BUY,CRZY_BUY,200.0,70000,9.79,10.0,10.05,10.025,0.05000000000000071,SELL,9.936514285714285,9.82,70000,True,1.2985714285714285,0.14651428571428582,0.12651428571428583,0.09651428571428583,8856.000000000007,6756.000000000008,9.982285714285714,9.969828571428572,9.953028571428572,9.936514285714285,-0.1346578366445916,-0.07430997876857749,-0.06912442396313365,-0.1346578366445916,-0.07430997876857749,-0.06912442396313365,76100,67700,67700,70000,70000,ACCEPT,CORE_5C,True,False,False,core policy: after-fee edge $0.1265/sh >= $0.05/sh,True
20260922T141624Z-a01f6945,20260922T141624Z-a01f6945-H0004,2026-09-22T14:50:44.228+00:00,86,116,1,849,TAME,SELL,TAME_SELL,200.0,67000,25.15,24.88,24.9,24.89,0.019999999999999574,BUY,24.98886567164179,25.0,67000,True,1.81,0.16113432835820873,0.14113432835820874,0.11113432835820874,9455.999999999985,7445.999999999986,24.955462686567163,24.977731343283583,24.98515422885572,24.98886567164179,0.05060240963855422,-0.22851855115889663,-0.18636274701623948,-0.05060240963855422,0.22851855115889663,0.18636274701623948,83300,83300,83300,-67000,67000,ACCEPT,CORE_5C,True,False,False,core policy: after-fee edge $0.1411/sh >= $0.05/sh,True
20260922T141624Z-a01f6945,20260922T141624Z-a01f6945-H0004,2026-09-22T14:51:46.854+00:00,148,178,1,1649,CRZY,BUY,CRZY_BUY,200.0,65000,9.78,10.0,10.01,10.004999999999999,0.009999999999999787,SELL,9.829388923076923,9.6,65000,True,1.6083692307692308,0.049388923076923774,0.029388923076923774,-0.0006110769230762252,1910.2800000000452,-39.71999999995464,10.0,9.949261538461538,9.898696615384615,9.829388923076923,0.2558139534883721,0.08652677631045937,0.07438942300281073,0.2558139534883721,0.08652677631045937,0.07438942300281073,43500,43500,43500,65000,65000,DECLINE,DECLINE,False,False,False,post-safety modeled profit $-40 < $750; after-fee edge $0.0294/sh below 0.04 marginal floor,True
20260922T141624Z-a01f6945,20260922T141624Z-a01f6945-H0004,2026-09-22T14:52:41.424+00:00,201,232,1,2449,TAME,SELL,TAME_SELL,200.0,71000,25.05,24.89,24.95,24.92,0.05999999999999872,BUY,25.368971830985917,25.63,71000,True,1.2573943661971831,-0.31897183098591597,-0.338971830985916,-0.368971830985916,-24067.000000000036,-26197.000000000036,25.055070422535213,25.179408450704226,25.28868544600939,25.368971830985917,0.1111111111111111,0.06639862827410867,0.01768767364454103,-0.1111111111111111,-0.06639862827410867,-0.01768767364454103,3300,900,900,-71000,71000,DECLINE,DECLINE,False,False,False,"post-safety modeled profit $-26,197 < $750; after-fee edge $-0.3390/sh below 0.04 marginal floor",True
20260922T141624Z-a01f6945,20260922T141624Z-a01f6945-H0004,2026-09-22T14:53:36.941+00:00,257,287,1,3249,CRZY,BUY,CRZY_BUY,200.0,71000,9.1,9.28,9.31,9.295,0.030000000000001137,SELL,9.100360563380281,9.0,71000,True,1.4594929577464788,0.00036056338028167545,-0.019639436619718325,-0.04963943661971833,-1394.400000000001,-3524.4000000000015,9.227014084507042,9.172112676056338,9.12793427230047,9.100360563380281,0.2111111111111111,0.1329479768786127,-0.050296942591099056,0.2111111111111111,0.1329479768786127,-0.050296942591099056,29100,21800,16600,71000,71000,DECLINE,DECLINE,False,False,False,"post-safety modeled profit $-3,524 < $750; after-fee edge $-0.0196/sh below 0.04 marginal floor",True
20260922T141624Z-a01f6945,20260922T141624Z-a01f6945-H0005,2026-09-22T14:55:45.766+00:00,16,46,1,49,TAME,BUY,TAME_BUY,200.0,67000,24.73,24.9,24.93,24.915,0.030000000000001137,SELL,24.794567164179103,24.44,67000,True,1.0388059701492538,0.06456716417910258,0.04456716417910257,0.014567164179102574,2985.999999999872,975.9999999998724,24.875044776119402,24.863522388059703,24.83739303482587,24.794567164179103,0.023923444976076555,0.04152637485970819,-0.12342569269521411,0.023923444976076555,0.04152637485970819,-0.12342569269521411,46400,46400,40800,67000,67000,DECLINE,DECLINE,False,True,False,4-5c marginal candidate failed full-depth imbalance gate: -0.123 < 0.05,True
20260922T141624Z-a01f6945,20260922T141624Z-a01f6945-H0005,2026-09-22T14:56:47.230+00:00,77,107,1,849,TAME,BUY,TAME_BUY,200.0,69000,24.62,24.69,24.75,24.72,0.05999999999999872,SELL,24.43011041009464,23.77,63400,False,0.9188405797101449,-0.18988958990536275,-0.20988958990536274,-0.23988958990536274,-14482.38170347003,-16552.38170347003,24.627652173913045,24.594028985507247,24.535903381642512,,0.39293139293139295,0.23231223759912922,-0.15408016224582377,0.39293139293139295,0.23231223759912922,-0.15408016224582377,5300,5300,5300,69000,69000,DECLINE,DECLINE,False,False,False,"visible book covers only 63,400/69,000; post-safety modeled profit $-16,552 < $750; after-fee edge $-0.2099/sh below 0.04 marginal floor",True
20260922T141624Z-a01f6945,20260922T141624Z-a01f6945-H0005,2026-09-22T14:57:51.764+00:00,140,171,1,1649,TAME,BUY,TAME_BUY,200.0,66000,24.49,24.62,24.69,24.655,0.07000000000000028,SELL,24.342276595744682,23.77,47000,False,0.7121212121212122,-0.14772340425531638,-0.16772340425531637,-0.19772340425531637,-11069.744680850881,-13049.744680850881,24.549212121212122,24.48587878787879,,,0.18202247191011237,0.1691542288557214,-0.1952054794520548,0.18202247191011237,0.1691542288557214,-0.1952054794520548,12100,6500,6500,66000,66000,DECLINE,DECLINE,False,False,False,"visible book covers only 47,000/66,000; post-safety modeled profit $-13,050 < $750; after-fee edge $-0.1677/sh below 0.04 marginal floor",True
20260922T141624Z-a01f6945,20260922T141624Z-a01f6945-H0005,2026-09-22T14:59:00.415+00:00,208,239,1,2449,TAME,BUY,TAME_BUY,200.0,70000,25.35,25.55,25.56,25.555,0.00999999999999801,SELL,25.222517285714286,24.88,70000,True,1.2295285714285715,-0.12748271428571556,-0.14748271428571555,-0.17748271428571555,-10323.790000000088,-12423.790000000088,25.531314285714284,25.434933142857144,25.313699809523808,25.222517285714286,0.07335234474017743,0.07334885012064658,0.32959996292376975,0.07335234474017743,0.07334885012064658,0.32959996292376975,27100,27100,27100,70000,70000,DECLINE,DECLINE,False,False,False,"post-safety modeled profit $-12,424 < $750; after-fee edge $-0.1475/sh below 0.04 marginal floor",True
20260922T141624Z-a01f6945,20260922T141624Z-a01f6945-H0005,2026-09-22T15:00:01.990+00:00,270,300,1,3249,TAME,BUY,TAME_BUY,200.0,71000,25.29,25.02,25.5,25.259999999999998,0.4800000000000004,SELL,24.87740605633803,24.69,71000,True,1.1732535211267605,-0.41259394366196744,-0.43259394366196746,-0.4625939436619675,-30714.16999999969,-32844.16999999969,24.996274366197184,24.959025070422538,24.922896338028174,24.87740605633803,-0.06822184369316049,-0.23364036458959622,0.05113661457314649,-0.06822184369316049,-0.23364036458959622,0.05113661457314649,0,0,0,71000,71000,DECLINE,DECLINE,False,False,False,"post-safety modeled profit $-32,844 < $750; after-fee edge $-0.4326/sh below 0.04 marginal floor",True
20260922T141624Z-a01f6945,20260922T141624Z-a01f6945-H0006,2026-09-22T15:02:02.375+00:00,21,51,1,49,TAME,BUY,TAME_BUY,200.0,66000,24.39,24.68,24.7,24.689999999999998,0.019999999999999574,SELL,24.436304985337244,23.87,34100,False,0.5166666666666667,0.04630498533724392,0.02630498533724392,-0.003695014662756079,1736.1290322580987,-243.8709677419012,24.637090909090908,24.455181818181817,,,0.06873614190687362,-0.17632850241545894,-0.48411497730711045,0.06873614190687362,-0.17632850241545894,-0.48411497730711045,24100,24100,24100,66000,66000,DECLINE,DECLINE,False,False,False,"visible book covers only 34,100/66,000; post-safety modeled profit $-244 < $750; after-fee edge $0.0263/sh below 0.04 marginal floor",True
20260922T141624Z-a01f6945,20260922T141624Z-a01f6945-H0006,2026-09-22T15:03:09.965+00:00,88,118,1,849,CRZY,SELL,CRZY_SELL,200.0,69000,10.25,10.1,10.25,10.175,0.15000000000000036,BUY,10.526121027920798,10.91,44089,False,0.6389710144927536,-0.27612102792079796,-0.296121027920798,-0.326121027920798,-20432.35092653506,-22502.350926535062,10.278608115942028,10.424507826086957,,,0.034592659785726544,-0.04119779428261049,0.347742789724016,-0.034592659785726544,0.04119779428261049,-0.347742789724016,0,0,0,-69000,69000,DECLINE,DECLINE,False,False,False,"visible book covers only 44,089/69,000; post-safety modeled profit $-22,502 < $750; after-fee edge $-0.2961/sh below 0.04 marginal floor",True
20260922T141624Z-a01f6945,20260922T141624Z-a01f6945-H0006,2026-09-22T15:04:11.465+00:00,149,179,1,1649,TAME,SELL,TAME_SELL,200.0,70000,24.41,24.17,24.25,24.21,0.0799999999999983,BUY,24.488011428571426,24.56,70000,True,1.3644285714285713,-0.07801142857142551,-0.09801142857142552,-0.1280114285714255,-6860.799999999786,-8960.799999999785,24.353588571428574,24.43679428571429,24.46752761904762,24.488011428571426,0.09535238926467379,-0.06745343052180956,-0.4065238200427067,-0.09535238926467379,0.06745343052180956,0.4065238200427067,11300,11300,11300,-70000,70000,DECLINE,DECLINE,False,False,False,"post-safety modeled profit $-8,961 < $750; after-fee edge $-0.0980/sh below 0.04 marginal floor",True
20260922T141624Z-a01f6945,20260922T141624Z-a01f6945-H0006,2026-09-22T15:05:00.891+00:00,198,228,1,2449,CRZY,SELL,CRZY_SELL,200.0,73000,9.66,9.45,9.52,9.485,0.07000000000000028,BUY,9.793493150684931,9.89,73000,True,1.856164383561644,-0.13349315068493084,-0.15349315068493083,-0.18349315068493083,-11204.99999999995,-13394.99999999995,9.613643835616438,9.708575342465753,9.761324200913242,9.793493150684931,-0.06269409937888198,-0.04928896865939528,-0.5326667269930323,0.06269409937888198,0.04928896865939528,0.5326667269930323,11100,11100,11100,-73000,73000,DECLINE,DECLINE,False,False,False,"post-safety modeled profit $-13,395 < $750; after-fee edge $-0.1535/sh below 0.04 marginal floor",True
20260922T141624Z-a01f6945,20260922T141624Z-a01f6945-H0006,2026-09-22T15:06:05.410+00:00,262,292,1,3249,TAME,BUY,TAME_BUY,200.0,72000,24.39,24.63,24.66,24.645,0.030000000000001137,SELL,24.25917944444444,24.05,72000,True,1.11225,-0.13082055555555883,-0.15082055555555882,-0.18082055555555882,-10859.080000000235,-13019.080000000235,24.511055555555554,24.41338888888889,24.32111111111111,24.25917944444444,-0.19372701900500597,-0.19836438612500434,-0.1298035913178126,-0.19372701900500597,-0.19836438612500434,-0.1298035913178126,18200,9900,9900,72000,72000,DECLINE,DECLINE,False,False,False,"post-safety modeled profit $-13,019 < $750; after-fee edge $-0.1508/sh below 0.04 marginal floor",True
20260922T141624Z-a01f6945,20260922T141624Z-a01f6945-H0007,2026-09-22T15:08:21.054+00:00,27,57,1,49,CRZY,BUY,CRZY_BUY,200.0,69000,9.74,9.96,10.0,9.98,0.03999999999999915,SELL,9.708796748573773,9.52,53638,False,0.7773623188405797,-0.03120325142622704,-0.051203251426227045,-0.08120325142622704,-3533.024348409666,-5603.024348409666,9.88847304347826,9.794058550724639,9.715684637681159,,-0.3196699335696625,-0.18492717990745958,-0.31513425860902206,-0.3196699335696625,-0.18492717990745958,-0.31513425860902206,22838,22838,17738,69000,69000,DECLINE,DECLINE,False,False,False,"visible book covers only 53,638/69,000; post-safety modeled profit $-5,603 < $750; after-fee edge $-0.0512/sh below 0.04 marginal floor",True
20260922T141624Z-a01f6945,20260922T141624Z-a01f6945-H0007,2026-09-22T15:09:19.525+00:00,84,115,1,849,TAME,SELL,TAME_SELL,200.0,65000,25.73,25.5,25.51,25.505000000000003,0.010000000000001563,BUY,25.641625441696114,25.97,28300,False,0.43538461538461537,0.08837455830388663,0.06837455830388663,0.03837455830388663,4444.346289752631,2494.3462897526306,25.535876923076923,,,,0.20081135902636918,0.28354430379746837,0.3301775147928994,-0.20081135902636918,-0.28354430379746837,-0.3301775147928994,19700,19700,19700,-65000,65000,DECLINE,DECLINE,False,False,False,"visible book covers only 28,300/65,000",True
20260922T141624Z-a01f6945,20260922T141624Z-a01f6945-H0007,2026-09-22T15:10:22.065+00:00,146,177,1,1649,CRZY,BUY,CRZY_BUY,200.0,68000,9.94,10.16,10.27,10.215,0.10999999999999943,SELL,9.641888117468678,8.69,62655,False,0.9213970588235294,-0.29811188253132137,-0.3181118825313214,-0.3481118825313214,-21631.608012129855,-23671.608012129855,10.003970588235294,9.853629411764707,9.762464705882353,,0.13209076175040518,0.16456610540998307,0.06420382165605096,0.13209076175040518,0.16456610540998307,0.06420382165605096,8900,8900,8900,68000,68000,DECLINE,DECLINE,False,False,False,"visible book covers only 62,655/68,000; post-safety modeled profit $-23,672 < $750; after-fee edge $-0.3181/sh below 0.04 marginal floor",True
20260922T141624Z-a01f6945,20260922T141624Z-a01f6945-H0007,2026-09-22T15:11:24.576+00:00,208,239,1,2449,TAME,BUY,TAME_BUY,200.0,70000,24.73,24.64,24.74,24.689999999999998,0.09999999999999787,SELL,24.43982857142857,24.17,70000,True,1.5935,-0.29017142857142986,-0.3101714285714299,-0.3401714285714299,-21712.00000000009,-23812.000000000095,24.553142857142856,24.52657142857143,24.49394285714286,24.43982857142857,0.15994789157164016,0.20209167502685618,0.09199931471646394,0.15994789157164016,0.20209167502685618,0.09199931471646394,0,0,0,70000,70000,DECLINE,DECLINE,False,False,False,"post-safety modeled profit $-23,812 < $750; after-fee edge $-0.3102/sh below 0.04 marginal floor",True
20260922T141624Z-a01f6945,20260922T141624Z-a01f6945-H0007,2026-09-22T15:12:20.066+00:00,264,294,1,3249,TAME,BUY,TAME_BUY,200.0,67000,23.9,24.17,24.2,24.185000000000002,0.029999999999997584,SELL,23.971823134328357,23.5,67000,True,1.0961940298507462,0.0718231343283584,0.0518231343283584,0.021823134328358404,3472.150000000013,1462.150000000013,24.135432835820897,24.098149253731343,24.058574129353232,23.971823134328357,-0.12897196261682242,-0.14618406285072952,-0.22697610777812863,-0.12897196261682242,-0.14618406285072952,-0.22697610777812863,50845,45645,45645,67000,67000,ACCEPT,CORE_5C,True,False,False,core policy: after-fee edge $0.0518/sh >= $0.05/sh,True
